site_name,datetime,frequency,network,latitude,longitude,temperature,humidity,pm2_5
"Athi, Nairobi",2025-01-01 00:00:00+00:00,daily,airqo,-1.2629556662981347,37.09115751104815,23.706405303357865,69.32402692085097,16.3
"Athi, Nairobi",2025-01-02 00:00:00+00:00,daily,airqo,-1.2629556662981347,37.09115751104815,22.730200810901987,67.36102022275585,11.96
"Athi, Nairobi",2025-01-03 00:00:00+00:00,daily,airqo,-1.2629556662981347,37.09115751104815,23.03698944509998,65.81946114754174,14.27
"Athi, Nairobi",2025-01-04 00:00:00+00:00,daily,airqo,-1.2629556662981347,37.09115751104815,23.471477684837872,66.17317620253054,8.89
"Athi, Nairobi",2025-01-05 00:00:00+00:00,daily,airqo,-1.2629556662981347,37.09115751104815,22.36226824416424,69.5830733653813,11.62
"Athi, Nairobi",2025-01-06 00:00:00+00:00,daily,airqo,-1.2629556662981347,37.09115751104815,21.51764998911201,61.19872236017476,19.5
"Athi, Nairobi",2025-01-07 00:00:00+00:00,daily,airqo,-1.2629556662981347,37.09115751104815,21.91919794682012,65.14112074069543,22.1
"Athi, Nairobi",2025-01-08 00:00:00+00:00,daily,airqo,-1.2629556662981347,37.09115751104815,23.423585596036244,61.855695114753615,17.28
"Athi, Nairobi",2025-01-09 00:00:00+00:00,daily,airqo,-1.2629556662981347,37.09115751104815,24.756819147607374,64.08367751453866,13.61
"Athi, Nairobi",2025-01-10 00:00:00+00:00,daily,airqo,-1.2629556662981347,37.09115751104815,23.324671013243947,71.92186301579657,10.47
"Athi, Nairobi",2025-01-11 00:00:00+00:00,daily,airqo,-1.2629556662981347,37.09115751104815,23.920731823779896,60.10960817397935,9.91
"Athi, Nairobi",2025-01-12 00:00:00+00:00,daily,airqo,-1.2629556662981347,37.09115751104815,24.811973591431432,63.857593865113024,9.16
"Athi, Nairobi",2025-01-13 00:00:00+00:00,daily,airqo,-1.2629556662981347,37.09115751104815,24.095781997968032,62.85164485968289,11.19
"Athi, Nairobi",2025-01-14 00:00:00+00:00,daily,airqo,-1.2629556662981347,37.09115751104815,22.6361602416706,58.90130831042749,12.3
"Athi, Nairobi",2025-01-15 00:00:00+00:00,daily,airqo,-1.2629556662981345,37.09115751104815,20.919926374665923,59.9316575308936,9.12
"Athi, Nairobi",2025-01-16 00:00:00+00:00,daily,airqo,-1.2629556662981347,37.09115751104815,22.04045735073677,61.93730499849672,11.25
"Athi, Nairobi",2025-01-17 00:00:00+00:00,daily,airqo,-1.2629556662981347,37.09115751104815,22.826487800298565,60.66190833439403,12.17
"Athi, Nairobi",2025-01-18 00:00:00+00:00,daily,airqo,-1.2629556662981347,37.09115751104815,24.483911098419952,57.36021908115997,11.8
"Athi, Nairobi",2025-01-19 00:00:00+00:00,daily,airqo,-1.2629556662981347,37.09115751104815,24.930384207535035,58.5144139707752,12.22
"Athi, Nairobi",2025-01-20 00:00:00+00:00,daily,airqo,-1.2629556662981347,37.09115751104815,25.433304170898648,53.377357061835205,11.0
"Athi, Nairobi",2025-01-21 00:00:00+00:00,daily,airqo,-1.2629556662981347,37.09115751104815,24.593879710086235,57.26029109399126,11.61
"Athi, Nairobi",2025-01-22 00:00:00+00:00,daily,airqo,-1.2629556662981347,37.09115751104815,24.87386303225173,58.18832411615369,10.44
"Athi, Nairobi",2025-01-23 00:00:00+00:00,daily,airqo,-1.2629556662981347,37.09115751104815,24.33058526516555,60.834928432404986,9.63
"Athi, Nairobi",2025-01-24 00:00:00+00:00,daily,airqo,-1.2629556662981347,37.09115751104815,24.011578500073025,61.87729068680098,14.77
"Athi, Nairobi",2025-01-25 00:00:00+00:00,daily,airqo,-1.2629556662981347,37.09115751104815,24.493061033293376,62.3204360633027,14.83
"Athi, Nairobi",2025-01-26 00:00:00+00:00,daily,airqo,-1.2629556662981347,37.09115751104815,23.216409693244195,73.91952324614303,13.65
"Athi, Nairobi",2025-01-27 00:00:00+00:00,daily,airqo,-1.2629556662981347,37.09115751104815,21.7163171998624,82.80829649429947,14.72
"Athi, Nairobi",2025-01-28 00:00:00+00:00,daily,airqo,-1.2629556662981347,37.09115751104815,21.058658796852075,77.9163246351172,16.46
"Athi, Nairobi",2025-01-29 00:00:00+00:00,daily,airqo,-1.2629556662981347,37.09115751104815,25.66412521499828,61.976507748538005,14.86
"Athi, Nairobi",2025-01-30 00:00:00+00:00,daily,airqo,-1.2629556662981347,37.09115751104815,19.176715403171187,89.74223931525319,12.19
"Athi, Nairobi",2025-01-31 00:00:00+00:00,daily,airqo,-1.2629556662981347,37.09115751104815,25.1234393116434,61.36763499434862,14.78
"Athi, Nairobi",2025-02-01 00:00:00+00:00,daily,airqo,-1.2629556662981345,37.09115751104815,25.56645782726046,64.25910230610462,13.12
"Athi, Nairobi",2025-02-02 00:00:00+00:00,daily,airqo,-1.2629556662981347,37.09115751104815,24.358000796178555,64.73996979967727,13.45
"Athi, Nairobi",2025-02-03 00:00:00+00:00,daily,airqo,-1.2629556662981345,37.09115751104815,25.73432580915684,56.512808547212096,13.99
"Athi, Nairobi",2025-02-04 00:00:00+00:00,daily,airqo,-1.2629556662981347,37.09115751104815,22.03343190574476,66.78974373925008,18.44
"Athi, Nairobi",2025-02-05 00:00:00+00:00,daily,airqo,-1.2629556662981347,37.09115751104815,22.504611065582065,63.02267111080758,19.31
"Athi, Nairobi",2025-02-06 00:00:00+00:00,daily,airqo,-1.2629556662981347,37.09115751104815,23.626708317706875,61.90844449277412,14.21
"Athi, Nairobi",2025-02-07 00:00:00+00:00,daily,airqo,-1.2629556662981347,37.09115751104815,23.63056929553314,65.28887946562915,8.76
"Athi, Nairobi",2025-02-08 00:00:00+00:00,daily,airqo,-1.2629556662981347,37.09115751104815,25.559668582227093,56.88542768523771,9.23
"Athi, Nairobi",2025-02-09 00:00:00+00:00,daily,airqo,-1.262955666298135,37.09115751104816,28.024140666208,50.70641632266942,6.56
"Athi, Nairobi",2025-02-10 00:00:00+00:00,daily,airqo,-1.2629556662981347,37.09115751104815,25.787693734660987,58.18667879689382,5.6
"Athi, Nairobi",2025-02-11 00:00:00+00:00,daily,airqo,-1.2629556662981347,37.09115751104815,24.71181069640332,59.60508647708596,6.66
"Athi, Nairobi",2025-02-12 00:00:00+00:00,daily,airqo,-1.2629556662981347,37.09115751104815,23.69847311784413,70.1714453645881,6.69
"Athi, Nairobi",2025-02-13 00:00:00+00:00,daily,airqo,-1.2629556662981347,37.09115751104815,23.20060110756294,70.68231501248756,8.2
"Athi, Nairobi",2025-02-14 00:00:00+00:00,daily,airqo,-1.2629556662981347,37.09115751104815,24.39363499638329,59.25536090596456,13.15
"Athi, Nairobi",2025-02-15 00:00:00+00:00,daily,airqo,-1.2629556662981347,37.09115751104815,27.373872668463097,50.163427263693,9.54
"Athi, Nairobi",2025-02-16 00:00:00+00:00,daily,airqo,-1.2629556662981347,37.09115751104815,25.67253924331244,61.80246860936967,10.25
"Athi, Nairobi",2025-02-17 00:00:00+00:00,daily,airqo,-1.2629556662981347,37.09115751104815,24.353395503637984,60.11489478427366,12.35
"Athi, Nairobi",2025-02-18 00:00:00+00:00,daily,airqo,-1.2629556662981347,37.09115751104815,24.191531617653915,52.65762824302583,14.78
"Athi, Nairobi",2025-02-19 00:00:00+00:00,daily,airqo,-1.2629556662981347,37.09115751104815,24.50199304832405,44.04778635278114,14.35
"Athi, Nairobi",2025-02-20 00:00:00+00:00,daily,airqo,-1.262955666298135,37.09115751104816,27.342371241830065,42.52573250773994,15.28
"Athi, Nairobi",2025-02-21 00:00:00+00:00,daily,airqo,-1.2629556662981347,37.09115751104815,24.654266961196942,46.773769751600256,15.48
"Athi, Nairobi",2025-02-22 00:00:00+00:00,daily,airqo,-1.2629556662981347,37.09115751104815,23.86091570513512,50.227033677398566,14.42
"Athi, Nairobi",2025-02-23 00:00:00+00:00,daily,airqo,-1.2629556662981347,37.09115751104815,24.64771592625678,53.53914682563962,14.17
"Athi, Nairobi",2025-02-24 00:00:00+00:00,daily,airqo,-1.2629556662981347,37.09115751104815,23.88691384364577,55.50379676357056,13.17
"Athi, Nairobi",2025-02-25 00:00:00+00:00,daily,airqo,-1.2629556662981347,37.09115751104815,23.73989900155333,51.42165066117981,13.94
"Athi, Nairobi",2025-02-26 00:00:00+00:00,daily,airqo,-1.2629556662981347,37.09115751104815,24.01348455866534,47.27272714115277,15.48
"Athi, Nairobi",2025-02-27 00:00:00+00:00,daily,airqo,-1.2629556662981347,37.09115751104815,24.77784608900769,39.52331662275894,15.2
"Athi, Nairobi",2025-02-28 00:00:00+00:00,daily,airqo,-1.2629556662981347,37.09115751104815,25.664669575686872,44.16425256060402,16.22
"Athi, Nairobi",2025-03-01 00:00:00+00:00,daily,airqo,-1.262955666298135,37.09115751104816,27.899274051140925,46.36430686847839,15.85
"Athi, Nairobi",2025-03-02 00:00:00+00:00,daily,airqo,-1.2629556662981347,37.09115751104815,25.15851914958107,59.23217118261108,33.7
"Athi, Nairobi",2025-03-03 00:00:00+00:00,daily,airqo,-1.262955666298135,37.09115751104816,27.56752358674464,49.87591863318426,14.56
"Athi, Nairobi",2025-03-04 00:00:00+00:00,daily,airqo,-1.262955666298135,37.09115751104816,27.538045722967546,50.37449165806674,14.64
"Athi, Nairobi",2025-03-05 00:00:00+00:00,daily,airqo,-1.2629556662981347,37.09115751104815,25.90784604015658,53.241431936813285,31.53
"Athi, Nairobi",2025-03-06 00:00:00+00:00,daily,airqo,-1.2629556662981347,37.09115751104815,26.17551715873229,52.06799320231526,19.55
"Athi, Nairobi",2025-03-07 00:00:00+00:00,daily,airqo,-1.2629556662981347,37.09115751104815,27.17331250596818,55.39779930866907,29.79
"Athi, Nairobi",2025-03-08 00:00:00+00:00,daily,airqo,-1.2629556662981347,37.09115751104815,26.83678549528125,57.10007896980303,42.76
"Athi, Nairobi",2025-03-09 00:00:00+00:00,daily,airqo,-1.2629556662981347,37.09115751104815,26.41431894093234,63.14948728440466,30.87
"Athi, Nairobi",2025-03-10 00:00:00+00:00,daily,airqo,-1.2629556662981347,37.09115751104815,22.922842092443386,78.57382755870411,34.25
"Athi, Nairobi",2025-03-11 00:00:00+00:00,daily,airqo,-1.2629556662981347,37.09115751104815,24.53455766440825,73.49113219963806,22.84
"Athi, Nairobi",2025-03-12 00:00:00+00:00,daily,airqo,-1.2629556662981347,37.09115751104815,22.77508627600545,80.56527316956237,22.62
"Athi, Nairobi",2025-03-13 00:00:00+00:00,daily,airqo,-1.2629556662981347,37.09115751104815,18.50801169590644,98.69020202020202,10.93
"Athi, Nairobi",2025-03-14 00:00:00+00:00,daily,airqo,-1.2629556662981347,37.09115751104815,17.29858187134503,95.93156706871343,12.24
"Athi, Nairobi",2025-03-15 00:00:00+00:00,daily,airqo,-1.2629556662981347,37.09115751104815,25.67142695461,59.91813670362432,29.86
"Athi, Nairobi",2025-03-16 00:00:00+00:00,daily,airqo,-1.2629556662981347,37.09115751104815,25.385987483530965,65.6729034972147,21.07
"Athi, Nairobi",2025-03-17 00:00:00+00:00,daily,airqo,-1.2629556662981347,37.09115751104815,23.904760061919504,72.08872531947783,21.48
"Athi, Nairobi",2025-03-18 00:00:00+00:00,daily,airqo,-1.2629556662981347,37.09115751104815,23.106548102482314,78.82862965653197,22.52
"Athi, Nairobi",2025-03-19 00:00:00+00:00,daily,airqo,-1.2629556662981347,37.09115751104815,22.421420940695967,82.51498952212464,20.08
"Athi, Nairobi",2025-03-20 00:00:00+00:00,daily,airqo,-1.2629556662981347,37.09115751104815,20.77766311452117,83.66122881799555,24.96
"Athi, Nairobi",2025-03-21 00:00:00+00:00,daily,airqo,-1.2629556662981347,37.09115751104815,23.864093122921684,75.53661462550608,17.86
"Athi, Nairobi",2025-03-22 00:00:00+00:00,daily,airqo,-1.2629556662981347,37.09115751104815,23.81374870253212,76.2010845335846,19.35
"Athi, Nairobi",2025-03-23 00:00:00+00:00,daily,airqo,-1.2629556662981347,37.09115751104815,23.57671882711895,77.17121893214913,17.38
"Athi, Nairobi",2025-03-24 00:00:00+00:00,daily,airqo,-1.2629556662981347,37.09115751104815,22.87229955429922,79.71314198860323,27.81
"Athi, Nairobi",2025-03-25 00:00:00+00:00,daily,airqo,-1.2629556662981347,37.09115751104815,24.113700326049564,75.25547704690827,24.38
"Athi, Nairobi",2025-03-26 00:00:00+00:00,daily,airqo,-1.2629556662981347,37.09115751104815,22.004256846293057,79.31515543184767,21.72
"Athi, Nairobi",2025-03-27 00:00:00+00:00,daily,airqo,-1.2629556662981347,37.09115751104815,21.33977243834224,89.62374743409134,25.26
"Athi, Nairobi",2025-03-28 00:00:00+00:00,daily,airqo,-1.2629556662981347,37.09115751104815,21.35459614946457,87.91696621361095,17.12
"Athi, Nairobi",2025-03-29 00:00:00+00:00,daily,airqo,-1.2629556662981347,37.09115751104815,23.27764533883729,80.03289348594302,15.09
"Athi, Nairobi",2025-03-30 00:00:00+00:00,daily,airqo,-1.2629556662981347,37.09115751104815,23.675196412655968,80.27166995614034,23.42
"Athi, Nairobi",2025-03-31 00:00:00+00:00,daily,airqo,-1.2629556662981347,37.09115751104815,22.179265253150703,85.08787197675473,13.45
"Athi, Nairobi",2025-04-01 00:00:00+00:00,daily,airqo,-1.2629556662981347,37.09115751104815,23.38943416191801,77.2761561074468,20.84
"Athi, Nairobi",2025-04-02 00:00:00+00:00,daily,airqo,-1.2629556662981347,37.09115751104815,24.01900471126666,75.1266105725763,24.66
"Athi, Nairobi",2025-04-03 00:00:00+00:00,daily,airqo,-1.2629556662981347,37.09115751104815,23.734150820358654,80.11008991172599,19.66
"Athi, Nairobi",2025-04-04 00:00:00+00:00,daily,airqo,-1.2629556662981347,37.09115751104815,23.880758155601423,79.3696359264732,15.4
"Athi, Nairobi",2025-04-05 00:00:00+00:00,daily,airqo,-1.2629556662981347,37.09115751104815,23.776625998128928,78.74321285197988,14.55
"Athi, Nairobi",2025-04-06 00:00:00+00:00,daily,airqo,-1.2629556662981347,37.09115751104815,21.00616698075111,90.47084425962151,13.37
"Athi, Nairobi",2025-04-07 00:00:00+00:00,daily,airqo,-1.2629556662981347,37.09115751104815,23.007624048143978,79.17288718258436,17.58
"Athi, Nairobi",2025-04-08 00:00:00+00:00,daily,airqo,-1.2629556662981347,37.09115751104815,23.75146655343424,78.67812817888036,25.45
"Athi, Nairobi",2025-04-09 00:00:00+00:00,daily,airqo,-1.2629556662981347,37.09115751104815,23.854127159330552,76.15956501004119,19.88
"Athi, Nairobi",2025-04-10 00:00:00+00:00,daily,airqo,-1.2629556662981347,37.09115751104815,21.401571169456616,86.68064768341394,21.35
"Athi, Nairobi",2025-04-11 00:00:00+00:00,daily,airqo,-1.2629556662981347,37.09115751104815,22.559053952282667,80.666505268522,18.84
"Athi, Nairobi",2025-04-12 00:00:00+00:00,daily,airqo,-1.2629556662981347,37.09115751104815,23.70560566305469,79.97435220588235,19.38
"Athi, Nairobi",2025-04-13 00:00:00+00:00,daily,airqo,-1.2629556662981347,37.09115751104815,22.852321298734804,81.11668083110129,17.82
"Athi, Nairobi",2025-04-14 00:00:00+00:00,daily,airqo,-1.2629556662981347,37.09115751104815,23.844578275754746,76.47715219421102,18.12
"Athi, Nairobi",2025-04-15 00:00:00+00:00,daily,airqo,-1.2629556662981347,37.09115751104815,23.65236925429016,76.34823521426958,21.11
"Athi, Nairobi",2025-04-16 00:00:00+00:00,daily,airqo,-1.2629556662981347,37.09115751104815,23.16701669134473,78.70551656642398,16.29
"Athi, Nairobi",2025-04-17 00:00:00+00:00,daily,airqo,-1.2629556662981347,37.09115751104815,23.991151812240048,74.46596084933887,22.45
"Athi, Nairobi",2025-04-18 00:00:00+00:00,daily,airqo,-1.2629556662981347,37.09115751104815,24.78152970885324,74.75268048128342,17.6
"Athi, Nairobi",2025-04-19 00:00:00+00:00,daily,airqo,-1.2629556662981347,37.09115751104815,23.076523414921525,79.52112853875751,24.09
"Athi, Nairobi",2025-04-20 00:00:00+00:00,daily,airqo,-1.2629556662981347,37.09115751104815,22.86065686274509,83.18253783969729,24.39
"Athi, Nairobi",2025-04-21 00:00:00+00:00,daily,airqo,-1.2629556662981347,37.09115751104815,23.378457312091506,80.7858882761438,20.99
"Athi, Nairobi",2025-04-22 00:00:00+00:00,daily,airqo,-1.2629556662981347,37.09115751104815,23.041180035650623,83.23847403937651,28.15
"Athi, Nairobi",2025-04-23 00:00:00+00:00,daily,airqo,-1.2629556662981347,37.09115751104815,20.429189810254247,90.7832693864482,16.29
"Athi, Nairobi",2025-04-24 00:00:00+00:00,daily,airqo,-1.2629556662981347,37.09115751104815,21.686478526633326,85.32909719365601,18.42
"Athi, Nairobi",2025-04-25 00:00:00+00:00,daily,airqo,-1.2629556662981347,37.09115751104815,22.661641212739863,79.57040778630292,15.66
"Athi, Nairobi",2025-04-26 00:00:00+00:00,daily,airqo,-1.2629556662981347,37.09115751104815,22.36077667542296,77.61981748600557,17.49
"Athi, Nairobi",2025-04-27 00:00:00+00:00,daily,airqo,-1.2629556662981347,37.09115751104815,22.840762144454683,76.62749298491765,20.37
"Athi, Nairobi",2025-04-28 00:00:00+00:00,daily,airqo,-1.2629556662981347,37.09115751104815,23.583777695687523,76.07028953809872,24.61
"Athi, Nairobi",2025-04-29 00:00:00+00:00,daily,airqo,-1.2629556662981347,37.09115751104815,23.85809312011518,78.61551177492528,11.5
"Athi, Nairobi",2025-04-30 00:00:00+00:00,daily,airqo,-1.2629556662981347,37.09115751104815,22.865227842333105,79.67686013841082,29.39
"Athi, Nairobi",2025-05-01 00:00:00+00:00,daily,airqo,-1.2629556662981347,37.09115751104815,23.00394080315539,77.38698493764349,22.61
"Athi, Nairobi",2025-05-02 00:00:00+00:00,daily,airqo,-1.2629556662981347,37.09115751104815,23.960381758764115,72.9824993715435,17.87
"Athi, Nairobi",2025-05-03 00:00:00+00:00,daily,airqo,-1.2629556662981347,37.09115751104815,24.176599175902243,75.20231458469677,18.19
"Athi, Nairobi",2025-05-04 00:00:00+00:00,daily,airqo,-1.2629556662981347,37.09115751104815,23.230693023586245,80.60133518412363,18.25
"Athi, Nairobi",2025-05-05 00:00:00+00:00,daily,airqo,-1.2629556662981347,37.09115751104815,22.340858283496864,82.10499339555612,15.1
"Athi, Nairobi",2025-05-06 00:00:00+00:00,daily,airqo,-1.2629556662981347,37.09115751104815,21.09413747579651,88.2471494355318,24.2
"Athi, Nairobi",2025-05-07 00:00:00+00:00,daily,airqo,-1.2629556662981347,37.09115751104815,23.566367647058826,76.62736601307189,16.78
"Athi, Nairobi",2025-05-08 00:00:00+00:00,daily,airqo,-1.2629556662981347,37.09115751104815,21.22833950971693,83.34352259697019,16.14
"Athi, Nairobi",2025-05-09 00:00:00+00:00,daily,airqo,-1.2629556662981347,37.09115751104815,22.06232434640523,81.34908709860755,19.56
"Athi, Nairobi",2025-05-10 00:00:00+00:00,daily,airqo,-1.2629556662981347,37.09115751104815,22.766181058258308,79.98656938707734,15.42
"Athi, Nairobi",2025-05-11 00:00:00+00:00,daily,airqo,-1.2629556662981347,37.09115751104815,23.03919539043688,77.41312558890834,16.84
"Athi, Nairobi",2025-05-12 00:00:00+00:00,daily,airqo,-1.2629556662981347,37.09115751104815,22.939169934640525,78.90594747522665,20.78
"Athi, Nairobi",2025-05-13 00:00:00+00:00,daily,airqo,-1.2629556662981347,37.09115751104815,21.37784137706119,88.47869217383924,20.06
"Athi, Nairobi",2025-05-14 00:00:00+00:00,daily,airqo,-1.2629556662981347,37.09115751104815,22.97057846362229,76.41375950292397,20.37
"Athi, Nairobi",2025-05-15 00:00:00+00:00,daily,airqo,-1.2629556662981347,37.09115751104815,22.25909857882547,78.91056001188355,19.85
"Athi, Nairobi",2025-05-16 00:00:00+00:00,daily,airqo,-1.2629556662981347,37.09115751104815,22.13809141838553,77.54823959599011,18.0
"Athi, Nairobi",2025-05-17 00:00:00+00:00,daily,airqo,-1.2629556662981347,37.09115751104815,21.92890472130881,79.0214063891257,19.76
"Athi, Nairobi",2025-05-18 00:00:00+00:00,daily,airqo,-1.2629556662981347,37.09115751104815,23.29272019919079,76.26600840336134,22.2
"Athi, Nairobi",2025-05-19 00:00:00+00:00,daily,airqo,-1.2629556662981347,37.09115751104815,23.004587612822903,78.85585996303283,17.89
"Athi, Nairobi",2025-05-20 00:00:00+00:00,daily,airqo,-1.2629556662981347,37.09115751104815,22.9711274509804,79.03489243273067,16.81
"Athi, Nairobi",2025-05-21 00:00:00+00:00,daily,airqo,-1.2629556662981347,37.09115751104815,23.54647691993464,75.32633622423329,23.07
"Athi, Nairobi",2025-05-22 00:00:00+00:00,daily,airqo,-1.2629556662981347,37.09115751104815,23.211878814683768,76.34376702172096,24.42
"Athi, Nairobi",2025-05-23 00:00:00+00:00,daily,airqo,-1.2629556662981347,37.09115751104815,22.845349367817303,73.32526462704965,16.64
"Athi, Nairobi",2025-05-24 00:00:00+00:00,daily,airqo,-1.2629556662981347,37.09115751104815,22.44874634298164,73.5225700798838,19.12
"Athi, Nairobi",2025-05-25 00:00:00+00:00,daily,airqo,-1.2629556662981347,37.09115751104815,22.26919882568412,74.27624903636668,13.15
"Athi, Nairobi",2025-05-26 00:00:00+00:00,daily,airqo,-1.2629556662981347,37.09115751104815,23.52992776057792,70.20801758872885,17.71
"Athi, Nairobi",2025-05-27 00:00:00+00:00,daily,airqo,-1.2629556662981347,37.09115751104815,21.85665175639634,77.79638163301424,22.44
"Athi, Nairobi",2025-05-28 00:00:00+00:00,daily,airqo,-1.2629556662981347,37.09115751104815,22.444042066283032,74.50599863567804,24.12
"Athi, Nairobi",2025-05-29 00:00:00+00:00,daily,airqo,-1.2629556662981347,37.09115751104815,22.33139277933396,73.30572206660443,18.66
"Athi, Nairobi",2025-05-30 00:00:00+00:00,daily,airqo,-1.2629556662981347,37.09115751104815,22.21811683006536,65.85341970121382,18.49
"Athi, Nairobi",2025-05-31 00:00:00+00:00,daily,airqo,-1.2629556662981347,37.09115751104815,22.234425653594773,67.29095028011204,26.6
"Athi, Nairobi",2025-06-01 00:00:00+00:00,daily,airqo,-1.2629556662981347,37.09115751104815,22.464549712516583,72.08992206281636,22.15
"Athi, Nairobi",2025-06-02 00:00:00+00:00,daily,airqo,-1.2629556662981347,37.09115751104815,23.78133410900245,68.39520698428893,27.3
"Athi, Nairobi",2025-06-03 00:00:00+00:00,daily,airqo,-1.2629556662981347,37.09115751104815,22.464929480564155,73.66843309253527,20.21
"Athi, Nairobi",2025-06-04 00:00:00+00:00,daily,airqo,-1.2629556662981347,37.09115751104815,22.95033333785961,70.10035509568554,24.31
"Athi, Nairobi",2025-06-05 00:00:00+00:00,daily,airqo,-1.2629556662981347,37.09115751104815,23.765289476213606,69.06023565582063,32.96
"Athi, Nairobi",2025-06-06 00:00:00+00:00,daily,airqo,-1.2629556662981347,37.09115751104815,23.26710583598405,68.53589360622323,20.12
"Athi, Nairobi",2025-06-07 00:00:00+00:00,daily,airqo,-1.2629556662981347,37.09115751104815,22.29424108130619,71.6416689882534,23.4
"Athi, Nairobi",2025-06-08 00:00:00+00:00,daily,airqo,-1.2629556662981347,37.09115751104815,22.682860229618164,73.22603086837805,27.54
"Athi, Nairobi",2025-06-09 00:00:00+00:00,daily,airqo,-1.2629556662981347,37.09115751104815,22.40017171392231,74.41825790069815,24.76
"Athi, Nairobi",2025-06-10 00:00:00+00:00,daily,airqo,-1.2629556662981347,37.09115751104815,23.183504162093687,60.27764615275935,17.08
"Athi, Nairobi",2025-06-11 00:00:00+00:00,daily,airqo,-1.2629556662981347,37.09115751104815,23.014556735448267,70.92973132849112,20.03
"Athi, Nairobi",2025-06-12 00:00:00+00:00,daily,airqo,-1.2629556662981347,37.09115751104815,22.38013315093479,71.88419303045576,17.97
"Athi, Nairobi",2025-06-13 00:00:00+00:00,daily,airqo,-1.2629556662981345,37.09115751104815,24.42322390424221,54.07816383559233,20.88
"Athi, Nairobi",2025-06-14 00:00:00+00:00,daily,airqo,-1.2629556662981347,37.09115751104815,23.38788427871149,59.58080911531279,25.89
"Athi, Nairobi",2025-06-15 00:00:00+00:00,daily,airqo,-1.262955666298135,37.09115751104816,22.865565697543385,60.336558785966496,24.26
"Athi, Nairobi",2025-06-16 00:00:00+00:00,daily,airqo,-1.2629556662981345,37.09115751104815,22.953685268979385,61.51229763700352,17.45
"Athi, Nairobi",2025-06-17 00:00:00+00:00,daily,airqo,-1.2629556662981347,37.09115751104815,24.29610256032237,61.42272595704949,21.48
"Athi, Nairobi",2025-06-18 00:00:00+00:00,daily,airqo,-1.2629556662981345,37.09115751104815,25.20531674208145,59.42363552168506,38.31
"Athi, Nairobi",2025-06-19 00:00:00+00:00,daily,airqo,-1.2629556662981347,37.09115751104815,24.765813492063494,63.571953781512605,25.18
"Athi, Nairobi",2025-06-20 00:00:00+00:00,daily,airqo,-1.2629556662981347,37.09115751104815,26.243840336134458,63.80286286181138,25.99
"Athi, Nairobi",2025-06-21 00:00:00+00:00,daily,airqo,-1.2629556662981347,37.09115751104815,23.24500171998624,73.91591739766082,33.59
"Athi, Nairobi",2025-06-22 00:00:00+00:00,daily,airqo,-1.2629556662981347,37.09115751104815,22.122413519091847,76.73814376289991,48.65
"Athi, Nairobi",2025-06-23 00:00:00+00:00,daily,airqo,-1.2629556662981347,37.09115751104815,20.42085974945534,78.63602834977834,23.87
"Athi, Nairobi",2025-06-24 00:00:00+00:00,daily,airqo,-1.2629556662981347,37.09115751104815,21.49213954587683,67.85994639003927,30.87
"Athi, Nairobi",2025-06-25 00:00:00+00:00,daily,airqo,-1.2629556662981347,37.09115751104815,22.039952478213507,71.12682433815277,27.25
"Athi, Nairobi",2025-06-26 00:00:00+00:00,daily,airqo,-1.2629556662981347,37.09115751104815,21.311834277197026,82.36903850633752,19.86
"Athi, Nairobi",2025-06-27 00:00:00+00:00,daily,airqo,-1.2629556662981347,37.09115751104815,23.3876454248366,71.43991947712416,29.93
"Athi, Nairobi",2025-06-28 00:00:00+00:00,daily,airqo,-1.262955666298135,37.09115751104816,21.713856309482857,78.10261963650957,27.7
"Athi, Nairobi",2025-06-29 00:00:00+00:00,daily,airqo,-1.2629556662981347,37.09115751104815,21.382497944078946,67.4947697368421,27.49
"Athi, Nairobi",2025-06-30 00:00:00+00:00,daily,airqo,-1.2629556662981347,37.09115751104815,21.94067347684995,68.32848644819234,17.04
"Athi, Nairobi",2025-07-01 00:00:00+00:00,daily,airqo,-1.2629556662981347,37.09115751104815,22.93141486068112,64.41205125558996,19.73
"Athi, Nairobi",2025-07-02 00:00:00+00:00,daily,airqo,-1.2629556662981347,37.09115751104815,22.03693121693122,70.61090227201991,25.36
"Athi, Nairobi",2025-07-03 00:00:00+00:00,daily,airqo,-1.262955666298135,37.09115751104816,23.30378558469096,67.80372578477694,48.39
"Athi, Nairobi",2025-07-04 00:00:00+00:00,daily,airqo,-1.2629556662981347,37.09115751104815,22.83484434577155,69.13687125224051,30.12
"Athi, Nairobi",2025-07-05 00:00:00+00:00,daily,airqo,-1.2629556662981347,37.09115751104815,21.89367944147356,75.63682709447416,22.27
"Athi, Nairobi",2025-07-06 00:00:00+00:00,daily,airqo,-1.2629556662981347,37.09115751104815,22.660686274509803,71.64526720492118,27.37
"Athi, Nairobi",2025-07-07 00:00:00+00:00,daily,airqo,-1.2629556662981347,37.09115751104815,21.9806081495098,75.88422845179738,34.63
"Athi, Nairobi",2025-07-08 00:00:00+00:00,daily,airqo,-1.2629556662981347,37.09115751104815,22.103227124183007,72.68315196078431,28.85
"Athi, Nairobi",2025-07-09 00:00:00+00:00,daily,airqo,-1.2629556662981347,37.09115751104815,21.98305718954248,66.80155392156863,16.75
"Athi, Nairobi",2025-07-10 00:00:00+00:00,daily,airqo,-1.2629556662981347,37.09115751104815,23.043836367880488,60.319251478369125,28.51
"Athi, Nairobi",2025-07-11 00:00:00+00:00,daily,airqo,-1.2629556662981347,37.09115751104815,22.95774470899471,63.26559446000622,32.08
"Athi, Nairobi",2025-07-12 00:00:00+00:00,daily,airqo,-1.2629556662981347,37.09115751104815,23.32999825428747,67.47874773556146,27.38
"Athi, Nairobi",2025-07-13 00:00:00+00:00,daily,airqo,-1.2629556662981347,37.09115751104815,23.757961523126,65.19851309144073,19.97
"Athi, Nairobi",2025-07-14 00:00:00+00:00,daily,airqo,-1.2629556662981347,37.09115751104815,23.38194787719009,61.88443153732082,29.41
"Athi, Nairobi",2025-07-15 00:00:00+00:00,daily,airqo,-1.2629556662981347,37.09115751104815,23.56273553061576,61.944698249914,26.53
"Athi, Nairobi",2025-07-16 00:00:00+00:00,daily,airqo,-1.2629556662981347,37.09115751104815,23.2444336638164,66.03735234225269,35.53
"Athi, Nairobi",2025-07-17 00:00:00+00:00,daily,airqo,-1.2629556662981347,37.09115751104815,23.31296670751634,65.80731413398692,29.38
"Athi, Nairobi",2025-07-18 00:00:00+00:00,daily,airqo,-1.2629556662981347,37.09115751104815,23.344180523423944,67.56001753181029,36.14
"Athi, Nairobi",2025-07-19 00:00:00+00:00,daily,airqo,-1.262955666298135,37.09115751104816,21.72002208748997,66.00305845496094,15.4
"Athi, Nairobi",2025-07-20 00:00:00+00:00,daily,airqo,-1.2629556662981345,37.09115751104815,21.238253519356466,66.75541339869281,35.43
"Athi, Nairobi",2025-07-21 00:00:00+00:00,daily,airqo,-1.2629556662981347,37.09115751104815,22.8462602124183,63.04893790849673,25.01
"Athi, Nairobi",2025-07-22 00:00:00+00:00,daily,airqo,-0.335472598860442,9.852338713872166,22.43438044662309,66.54101239106754,29.18
"Athi, Nairobi",2025-07-23 00:00:00+00:00,daily,airqo,0.0,0.0,21.57707055471761,67.43867542316072,28.12
"Athi, Nairobi",2025-07-24 00:00:00+00:00,daily,airqo,-0.53432739727998,15.69241279313576,24.665089492207137,57.88484162895928,26.33
"Athi, Nairobi",2025-07-25 00:00:00+00:00,daily,airqo,0.0,0.0,24.657412704082983,58.99089083710408,46.32
"Athi, Nairobi",2025-07-26 00:00:00+00:00,daily,airqo,0.0,0.0,24.57419196193097,56.38782583419333,16.98
"Athi, Nairobi",2025-07-27 00:00:00+00:00,daily,airqo,0.0,0.0,23.194622758505112,57.47417378917378,16.22
"Athi, Nairobi",2025-07-28 00:00:00+00:00,daily,airqo,0.0,0.0,23.39644957983193,57.32080367585631,37.06
"Athi, Nairobi",2025-07-29 00:00:00+00:00,daily,airqo,0.0,0.0,22.5589673393724,60.58973251825096,31.14
"Athi, Nairobi",2025-07-30 00:00:00+00:00,daily,airqo,0.0,0.0,24.16055130217292,50.791173675610594,26.87
"Athi, Nairobi",2025-07-31 00:00:00+00:00,daily,airqo,0.0,0.0,23.569116873065013,59.10155035259718,29.71
"Athi, Nairobi",2025-08-01 00:00:00+00:00,daily,airqo,0.0,0.0,23.46714219020941,63.085788982259565,19.47
"Athi, Nairobi",2025-08-02 00:00:00+00:00,daily,airqo,0.0,0.0,23.38023845996732,66.15426496119281,22.93
"Athi, Nairobi",2025-08-03 00:00:00+00:00,daily,airqo,0.0,0.0,22.6267108248258,64.04259803921569,21.33
"Athi, Nairobi",2025-08-04 00:00:00+00:00,daily,airqo,0.0,0.0,23.87388399767802,55.52750505604288,24.35
"Athi, Nairobi",2025-08-05 00:00:00+00:00,daily,airqo,0.0,0.0,23.71520647653001,54.91021093285799,23.71
"Athi, Nairobi",2025-08-06 00:00:00+00:00,daily,airqo,0.0,0.0,25.7161643124355,52.57848965141613,15.38
"Athi, Nairobi",2025-08-07 00:00:00+00:00,daily,airqo,0.0,0.0,25.690069705513785,59.45361058897243,23.43
"Athi, Nairobi",2025-08-08 00:00:00+00:00,daily,airqo,0.0,0.0,25.037783224400872,61.19676470588235,32.17
"Athi, Nairobi",2025-08-09 00:00:00+00:00,daily,airqo,0.0,0.0,22.485,68.23788461538462,47.53
"Athi, Nairobi",2025-08-10 00:00:00+00:00,daily,airqo,0.0,0.0,26.013924493806847,52.55301046665752,37.85
"Athi, Nairobi",2025-08-11 00:00:00+00:00,daily,airqo,0.0,0.0,23.18110084805272,63.16700683303623,25.58
"Athi, Nairobi",2025-08-12 00:00:00+00:00,daily,airqo,0.0,0.0,22.747740582293524,64.17320083184788,28.79
"Athi, Nairobi",2025-08-13 00:00:00+00:00,daily,airqo,0.0,0.0,24.549661531279177,55.31364612511671,25.8
"Athi, Nairobi",2025-08-14 00:00:00+00:00,daily,airqo,0.0,0.0,28.13110312273057,45.43550617283951,26.7
"Athi, Nairobi",2025-08-15 00:00:00+00:00,daily,airqo,0.0,0.0,25.64055214792469,57.55823043405397,18.76
"Athi, Nairobi",2025-08-16 00:00:00+00:00,daily,airqo,0.0,0.0,25.565613626590988,61.941423744410045,19.26
"Athi, Nairobi",2025-08-17 00:00:00+00:00,daily,airqo,0.0,0.0,20.877746818025457,85.13832666838664,23.52
"Athi, Nairobi",2025-08-18 00:00:00+00:00,daily,airqo,0.0,0.0,17.767340909090912,96.94895833333334,19.32
"Athi, Nairobi",2025-08-19 00:00:00+00:00,daily,airqo,0.0,0.0,19.77177670142131,82.91985365442474,41.72
"Athi, Nairobi",2025-08-20 00:00:00+00:00,daily,airqo,0.0,0.0,20.007219840702813,75.5315557937075,48.31
"Athi, Nairobi",2025-08-21 00:00:00+00:00,daily,airqo,0.0,0.0,20.503609295570083,74.46996913580247,54.35
"Athi, Nairobi",2025-08-22 00:00:00+00:00,daily,airqo,0.0,0.0,21.324234606123152,68.32952614379084,41.07
"Athi, Nairobi",2025-08-23 00:00:00+00:00,daily,airqo,0.0,0.0,20.80523928830792,70.32520842411039,32.86
"Athi, Nairobi",2025-08-24 00:00:00+00:00,daily,airqo,0.0,0.0,22.57307218801648,69.68631802998209,25.33
"Athi, Nairobi",2025-08-25 00:00:00+00:00,daily,airqo,0.0,0.0,23.30334537323701,66.26814413484692,44.38
"Athi, Nairobi",2025-08-26 00:00:00+00:00,daily,airqo,0.0,0.0,21.789280851229385,69.76993658574541,30.29
"Athi, Nairobi",2025-08-27 00:00:00+00:00,daily,airqo,0.0,0.0,22.892204007794177,67.02702211495362,24.33
"Athi, Nairobi",2025-08-28 00:00:00+00:00,daily,airqo,0.0,0.0,22.3111435041853,65.72637972586696,33.41
"Athi, Nairobi",2025-08-29 00:00:00+00:00,daily,airqo,0.0,0.0,21.01565885334488,69.62637266895666,33.67
"Athi, Nairobi",2025-08-30 00:00:00+00:00,daily,airqo,0.0,0.0,21.747453305681248,60.220009929612864,32.18
"Athi, Nairobi",2025-08-31 00:00:00+00:00,daily,airqo,0.0,0.0,21.13576619132501,70.26385918003565,29.04
"Athi, Nairobi",2025-09-01 00:00:00+00:00,daily,airqo,0.0,0.0,22.92508171982244,59.77201925360788,27.98
"Athi, Nairobi",2025-09-02 00:00:00+00:00,daily,airqo,0.0,0.0,22.26336890717212,62.052957189654165,35.59
"Athi, Nairobi",2025-09-03 00:00:00+00:00,daily,airqo,0.0,0.0,22.653492912316445,59.621081826670064,29.96
"Athi, Nairobi",2025-09-04 00:00:00+00:00,daily,airqo,0.0,0.0,21.20383208839091,69.84711811391223,35.81
"Athi, Nairobi",2025-09-05 00:00:00+00:00,daily,airqo,0.0,0.0,22.11040181130932,61.07048522784978,34.39
"Athi, Nairobi",2025-09-06 00:00:00+00:00,daily,airqo,0.0,0.0,25.16312224728697,52.31554820040927,38.3
"Athi, Nairobi",2025-09-07 00:00:00+00:00,daily,airqo,0.0,0.0,24.017362317538705,57.22219230525508,23.05
"Athi, Nairobi",2025-09-08 00:00:00+00:00,daily,airqo,0.0,0.0,23.57206094894098,64.1714138573558,45.36
"Athi, Nairobi",2025-09-09 00:00:00+00:00,daily,airqo,0.0,0.0,23.51681820820433,66.94257055168558,38.24
"Athi, Nairobi",2025-09-10 00:00:00+00:00,daily,airqo,0.0,0.0,24.434583419332647,62.55908083935328,25.74
"Athi, Nairobi",2025-09-11 00:00:00+00:00,daily,airqo,0.0,0.0,23.57324618736384,61.380317719680455,14.36
"Athi, Nairobi",2025-09-12 00:00:00+00:00,daily,airqo,0.0,0.0,23.308237014103884,62.44324217406261,14.05
"Athi, Nairobi",2025-09-13 00:00:00+00:00,daily,airqo,0.0,0.0,23.869040569043868,55.99739293311969,14.8
"Athi, Nairobi",2025-09-14 00:00:00+00:00,daily,airqo,0.0,0.0,25.26529419680552,55.459979959228505,15.46
"Athi, Nairobi",2025-09-15 00:00:00+00:00,daily,airqo,0.0,0.0,24.229263022516697,60.161087588881706,15.45
"Athi, Nairobi",2025-09-16 00:00:00+00:00,daily,airqo,0.0,0.0,25.27329895315383,57.30124409731995,16.42
"Athi, Nairobi",2025-09-17 00:00:00+00:00,daily,airqo,0.0,0.0,26.14145476436188,55.62918300653595,22.98
"Athi, Nairobi",2025-09-18 00:00:00+00:00,daily,airqo,0.0,0.0,25.28281199409251,65.56604663461539,16.67
"Athi, Nairobi",2025-09-19 00:00:00+00:00,daily,airqo,0.0,0.0,24.88991611995675,59.44149393090569,8.95
"Athi, Nairobi",2025-09-20 00:00:00+00:00,daily,airqo,0.0,0.0,23.27859485460851,61.33124085745409,3.56
"Athi, Nairobi",2025-09-21 00:00:00+00:00,daily,airqo,0.0,0.0,24.438367705900458,55.98435719587927,2.3
"Athi, Nairobi",2025-09-22 00:00:00+00:00,daily,airqo,0.0,0.0,24.20963489897344,62.92197167648223,7.38
"Athi, Nairobi",2025-09-23 00:00:00+00:00,daily,airqo,0.0,0.0,23.736028140885985,54.07316088994521,7.73
"Athi, Nairobi",2025-09-24 00:00:00+00:00,daily,airqo,0.0,0.0,24.084175266597867,55.36865454076367,13.64
"Athi, Nairobi",2025-09-25 00:00:00+00:00,daily,airqo,0.0,0.0,22.9812137487606,72.65954747162023,30.31
"Athi, Nairobi",2025-09-26 00:00:00+00:00,daily,airqo,0.0,0.0,23.06925350447197,74.13272387770897,60.55
"Athi, Nairobi",2025-09-27 00:00:00+00:00,daily,airqo,0.0,0.0,23.82144941602372,63.6793792999656,68.45
"Athi, Nairobi",2025-09-28 00:00:00+00:00,daily,airqo,0.0,0.0,23.154700157255885,62.3357182867299,36.81
"Athi, Nairobi",2025-09-29 00:00:00+00:00,daily,airqo,0.0,0.0,22.91621815977853,69.9955394552558,14.7
"Athi, Nairobi",2025-09-30 00:00:00+00:00,daily,airqo,0.0,0.0,24.33809775372137,57.09582249127722,14.99
"Athi, Nairobi",2025-10-01 00:00:00+00:00,daily,airqo,0.0,0.0,23.93754853488445,51.56330435742878,14.92
"Athi, Nairobi",2025-10-02 00:00:00+00:00,daily,airqo,0.0,0.0,24.74888274198568,49.46427855586679,14.34
"Athi, Nairobi",2025-10-03 00:00:00+00:00,daily,airqo,0.0,0.0,22.55836337953985,71.3625347267112,14.83
"Athi, Nairobi",2025-10-04 00:00:00+00:00,daily,airqo,0.0,0.0,22.003831699346406,82.41771692223898,14.52
"Athi, Nairobi",2025-10-05 00:00:00+00:00,daily,airqo,0.0,0.0,23.698665386232463,66.16388314365707,15.57
"Athi, Nairobi",2025-10-06 00:00:00+00:00,daily,airqo,0.0,0.0,23.60413709044224,67.26232073890162,15.48
"Athi, Nairobi",2025-10-07 00:00:00+00:00,daily,airqo,0.0,0.0,22.981660459079965,71.06810037292429,12.43
"Athi, Nairobi",2025-10-08 00:00:00+00:00,daily,airqo,0.0,0.0,23.18069564095661,69.38146404854848,12.19
"Athi, Nairobi",2025-10-09 00:00:00+00:00,daily,airqo,0.0,0.0,23.796510941142284,68.88738552209594,11.31
"Athi, Nairobi",2025-10-10 00:00:00+00:00,daily,airqo,0.0,0.0,23.6920006489039,67.00292031046868,10.66
"Athi, Nairobi",2025-10-11 00:00:00+00:00,daily,airqo,0.0,0.0,23.83258887247084,59.74218790512072,11.73
"Athi, Nairobi",2025-10-12 00:00:00+00:00,daily,airqo,0.0,0.0,24.04830445812956,59.57935079867187,10.82
"Athi, Nairobi",2025-10-13 00:00:00+00:00,daily,airqo,0.0,0.0,23.846559223613166,63.71097154918412,12.36
"Athi, Nairobi",2025-10-14 00:00:00+00:00,daily,airqo,0.0,0.0,23.533405054805016,62.611795440863744,12.48
"Athi, Nairobi",2025-10-15 00:00:00+00:00,daily,airqo,0.0,0.0,24.28058657980736,62.7689793386653,12.68
"Athi, Nairobi",2025-10-16 00:00:00+00:00,daily,airqo,0.0,0.0,23.763377164939204,65.21015478898896,12.81
"Athi, Nairobi",2025-10-17 00:00:00+00:00,daily,airqo,0.0,0.0,23.366374326245648,70.25069980264833,12.87
"Athi, Nairobi",2025-10-18 00:00:00+00:00,daily,airqo,0.0,0.0,24.478438248194017,60.95880976737186,13.49
"Athi, Nairobi",2025-10-19 00:00:00+00:00,daily,airqo,0.0,0.0,24.465379901960784,57.61484263149704,13.96
"Athi, Nairobi",2025-10-20 00:00:00+00:00,daily,airqo,0.0,0.0,23.228773042756835,60.364919110058885,14.84
"Athi, Nairobi",2025-10-21 00:00:00+00:00,daily,airqo,0.0,0.0,25.2544169246646,54.4176579115628,15.36
"Athi, Nairobi",2025-10-22 00:00:00+00:00,daily,airqo,0.0,0.0,24.34259541623667,59.06787623624011,17.12
"Athi, Nairobi",2025-10-23 00:00:00+00:00,daily,airqo,0.0,0.0,25.32906025383376,62.75081135573138,17.83
"Athi, Nairobi",2025-10-24 00:00:00+00:00,daily,airqo,0.0,0.0,23.714395520329344,73.98324631115072,16.35
"Athi, Nairobi",2025-10-25 00:00:00+00:00,daily,airqo,,,,,
"Athi, Nairobi",2025-10-26 00:00:00+00:00,daily,airqo,,,,,
"Athi, Nairobi",2025-10-27 00:00:00+00:00,daily,airqo,0.0,0.0,23.62420324569221,78.89973743984773,14.34
"Athi, Nairobi",2025-10-28 00:00:00+00:00,daily,airqo,0.0,0.0,22.96336464959189,69.64006106504004,9.77
"Athi, Nairobi",2025-10-29 00:00:00+00:00,daily,airqo,0.0,0.0,19.653688725490195,93.73840182252388,7.22
"Athi, Nairobi",2025-10-30 00:00:00+00:00,daily,airqo,0.0,0.0,22.64643357781709,77.43157891293147,15.28
"Athi, Nairobi",2025-10-31 00:00:00+00:00,daily,airqo,0.0,0.0,22.392918911154204,78.25046383581923,12.72
"Athi, Nairobi",2025-11-01 00:00:00+00:00,daily,airqo,0.0,0.0,22.568616806611,80.83635839822372,12.64
"Athi, Nairobi",2025-11-02 00:00:00+00:00,daily,airqo,0.0,0.0,23.65881738046096,72.14866988920365,12.31
"Athi, Nairobi",2025-11-03 00:00:00+00:00,daily,airqo,0.0,0.0,23.702755062742103,68.25814037022704,13.52
"Athi, Nairobi",2025-11-04 00:00:00+00:00,daily,airqo,0.0,0.0,23.66472945738173,67.24226863523188,11.95
"Athi, Nairobi",2025-11-05 00:00:00+00:00,daily,airqo,0.0,0.0,24.492873852690995,63.608534173976615,12.42
"Athi, Nairobi",2025-11-06 00:00:00+00:00,daily,airqo,0.0,0.0,24.77288614321122,72.24611336921183,11.41
"Athi, Nairobi",2025-11-07 00:00:00+00:00,daily,airqo,0.0,0.0,24.160688994705435,69.87466904070031,9.5
"Athi, Nairobi",2025-11-08 00:00:00+00:00,daily,airqo,0.0,0.0,23.317343330085656,76.95714697545685,9.51
"Athi, Nairobi",2025-11-09 00:00:00+00:00,daily,airqo,0.0,0.0,19.653650786111893,88.50443734681372,12.39
"Athi, Nairobi",2025-11-10 00:00:00+00:00,daily,airqo,0.0,0.0,22.760627003393065,75.09014146207883,15.54
"Athi, Nairobi",2025-11-11 00:00:00+00:00,daily,airqo,0.0,0.0,23.47966680421215,70.87744122625966,14.53
"Athi, Nairobi",2025-11-12 00:00:00+00:00,daily,airqo,0.0,0.0,23.76594914508865,69.48101804265566,12.21
"Athi, Nairobi",2025-11-13 00:00:00+00:00,daily,airqo,0.0,0.0,22.22621625461779,72.31761693218955,12.82
"Athi, Nairobi",2025-11-14 00:00:00+00:00,daily,airqo,0.0,0.0,22.12404254722484,76.14350095077017,14.71
"Athi, Nairobi",2025-11-15 00:00:00+00:00,daily,airqo,0.0,0.0,24.295450753666696,67.73866943448664,14.4
"Athi, Nairobi",2025-11-16 00:00:00+00:00,daily,airqo,0.0,0.0,22.96751133027582,71.72436527132783,12.23
"Athi, Nairobi",2025-11-17 00:00:00+00:00,daily,airqo,0.0,0.0,23.70770716112532,73.83169921377642,11.04
"Athi, Nairobi",2025-11-18 00:00:00+00:00,daily,airqo,0.0,0.0,22.252304091163545,78.75991242198634,12.82
"Athi, Nairobi",2025-11-19 00:00:00+00:00,daily,airqo,0.0,0.0,23.177547831253715,71.51884603414015,13.63
"Athi, Nairobi",2025-11-20 00:00:00+00:00,daily,airqo,0.0,0.0,23.37042936133784,67.86000018274854,15.49
"Athi, Nairobi",2025-11-21 00:00:00+00:00,daily,airqo,0.0,0.0,23.033304246870376,64.56443431020733,14.78
"Athi, Nairobi",2025-11-22 00:00:00+00:00,daily,airqo,0.0,0.0,22.59195823611672,70.91630532186177,15.5
"Athi, Nairobi",2025-11-23 00:00:00+00:00,daily,airqo,0.0,0.0,21.33897320186656,75.09111351518278,14.66
"Athi, Nairobi",2025-11-24 00:00:00+00:00,daily,airqo,0.0,0.0,23.426184112799827,71.74942473301122,13.0
"Athi, Nairobi",2025-11-25 00:00:00+00:00,daily,airqo,0.0,0.0,23.397016973646817,73.12060334221408,11.23
"Athi, Nairobi",2025-11-26 00:00:00+00:00,daily,airqo,0.0,0.0,23.10883553192444,68.63973120915033,11.54
"Athi, Nairobi",2025-11-27 00:00:00+00:00,daily,airqo,0.0,0.0,22.901053030303032,70.97876264189885,12.36
"Athi, Nairobi",2025-11-28 00:00:00+00:00,daily,airqo,0.0,0.0,23.447461007130126,70.40902961601307,13.49
"Athi, Nairobi",2025-11-29 00:00:00+00:00,daily,airqo,0.0,0.0,23.59961772371038,69.77410994887661,14.22
"Athi, Nairobi",2025-11-30 00:00:00+00:00,daily,airqo,0.0,0.0,23.54714265416312,65.03464176612674,13.39
"Athi, Nairobi",2025-12-01 00:00:00+00:00,daily,airqo,0.0,0.0,24.12636923374613,61.67338470717234,15.81
"Athi, Nairobi",2025-12-02 00:00:00+00:00,daily,airqo,0.0,0.0,23.57477220090935,64.465945971867,13.41
"Athi, Nairobi",2025-12-03 00:00:00+00:00,daily,airqo,0.0,0.0,23.36176525119617,68.87263439151577,13.56
"Athi, Nairobi",2025-12-04 00:00:00+00:00,daily,airqo,0.0,0.0,23.95706454639272,69.12420723879664,13.3
"Athi, Nairobi",2025-12-05 00:00:00+00:00,daily,airqo,0.0,0.0,23.24427049587951,66.84957446311857,13.24
"Athi, Nairobi",2025-12-06 00:00:00+00:00,daily,airqo,0.0,0.0,24.475733273133816,64.53111627106983,14.69
"Athi, Nairobi",2025-12-07 00:00:00+00:00,daily,airqo,0.0,0.0,23.73441538228564,69.38877522023301,11.73
"Athi, Nairobi",2025-12-08 00:00:00+00:00,daily,airqo,0.0,0.0,21.84446282149224,78.7609313301078,11.64
"Athi, Nairobi",2025-12-09 00:00:00+00:00,daily,airqo,0.0,0.0,24.47778868517104,62.248354852204045,12.99
"Athi, Nairobi",2025-12-10 00:00:00+00:00,daily,airqo,0.0,0.0,26.841346200247443,59.44388674672421,12.42
"Athi, Nairobi",2025-12-11 00:00:00+00:00,daily,airqo,0.0,0.0,25.240795719803074,64.8132219463543,12.58
"Athi, Nairobi",2025-12-12 00:00:00+00:00,daily,airqo,0.0,0.0,23.73698695919937,72.46771765235383,11.47
"Athi, Nairobi",2025-12-13 00:00:00+00:00,daily,airqo,0.0,0.0,23.03116386200945,76.43009009622368,11.22
"Athi, Nairobi",2025-12-14 00:00:00+00:00,daily,airqo,0.0,0.0,22.31996429464928,78.1531017061308,13.81
"Athi, Nairobi",2025-12-15 00:00:00+00:00,daily,airqo,0.0,0.0,23.38809906933788,73.26260107675549,11.4
"Athi, Nairobi",2025-12-16 00:00:00+00:00,daily,airqo,0.0,0.0,24.150069702628524,69.59625559640523,11.98
"Athi, Nairobi",2025-12-17 00:00:00+00:00,daily,airqo,0.0,0.0,25.410571507184144,66.2925401238319,11.14
"Athi, Nairobi",2025-12-18 00:00:00+00:00,daily,airqo,0.0,0.0,24.62732172035481,69.07398128695924,13.46
"Athi, Nairobi",2025-12-19 00:00:00+00:00,daily,airqo,0.0,0.0,22.77940106951872,81.22642379679145,14.81
"Athi, Nairobi",2025-12-20 00:00:00+00:00,daily,airqo,0.0,0.0,23.520438977624543,74.5039161448072,13.32
"Athi, Nairobi",2025-12-21 00:00:00+00:00,daily,airqo,0.0,0.0,21.894817279411765,78.29004306722689,10.95
"Athi, Nairobi",2025-12-22 00:00:00+00:00,daily,airqo,0.0,0.0,22.592198973090035,73.73103088235294,15.13
"Athi, Nairobi",2025-12-23 00:00:00+00:00,daily,airqo,0.0,0.0,23.498448157040592,72.00376458916901,14.62
"Athi, Nairobi",2025-12-24 00:00:00+00:00,daily,airqo,0.0,0.0,24.303721210706502,69.67392059601619,14.54
"Athi, Nairobi",2025-12-25 00:00:00+00:00,daily,airqo,0.0,0.0,24.619900468883205,67.77426934789067,15.08
"Athi, Nairobi",2025-12-26 00:00:00+00:00,daily,airqo,0.0,0.0,25.776214515936044,68.29549466430355,16.73
"Athi, Nairobi",2025-12-27 00:00:00+00:00,daily,airqo,0.0,0.0,26.281511652155032,68.28976885655194,14.19
"Athi, Nairobi",2025-12-28 00:00:00+00:00,daily,airqo,0.0,0.0,20.528598493271577,90.88882365329172,8.54
"Athi, Nairobi",2025-12-29 00:00:00+00:00,daily,airqo,0.0,0.0,24.12263492839426,71.69490246704095,14.94
"Athi, Nairobi",2025-12-30 00:00:00+00:00,daily,airqo,0.0,0.0,24.10947820562436,73.7123108535658,15.85
"Athi, Nairobi",2025-12-31 00:00:00+00:00,daily,airqo,0.0,0.0,25.017421600409808,68.14044727460362,17.28
Birongo Square Nairobi West,2025-07-01 00:00:00+00:00,daily,airqo,-1.3042758673673431,36.82116300764013,21.29393263311788,62.61104989996922,23.66
Birongo Square Nairobi West,2025-07-02 00:00:00+00:00,daily,airqo,-1.3042758673673431,36.82116300764013,20.55132534461153,66.32432508354219,23.25
Birongo Square Nairobi West,2025-07-03 00:00:00+00:00,daily,airqo,-1.3042758673673431,36.82116300764013,19.91792324561404,72.73865314327486,25.95
Birongo Square Nairobi West,2025-07-04 00:00:00+00:00,daily,airqo,-1.3042758673673431,36.82116300764013,21.249048767752715,66.71237118838764,38.83
Birongo Square Nairobi West,2025-07-05 00:00:00+00:00,daily,airqo,-1.3042758673673431,36.82116300764013,19.04499156223893,78.20075152464494,35.47
Birongo Square Nairobi West,2025-07-06 00:00:00+00:00,daily,airqo,-1.3042758673673431,36.82116300764013,21.289006474519635,68.78922263993317,23.27
Birongo Square Nairobi West,2025-07-07 00:00:00+00:00,daily,airqo,-1.3042758673673431,36.82116300764013,19.81539802631579,75.5742850877193,28.45
Birongo Square Nairobi West,2025-07-08 00:00:00+00:00,daily,airqo,-1.3042758673673431,36.82116300764013,18.6808186378465,76.01412257831609,33.86
Birongo Square Nairobi West,2025-07-09 00:00:00+00:00,daily,airqo,-1.3042758673673431,36.82116300764013,18.95787719298246,68.08982043343654,19.51
Birongo Square Nairobi West,2025-07-10 00:00:00+00:00,daily,airqo,-1.3042758673673431,36.82116300764013,21.05644918216594,61.86722506925207,27.4
Birongo Square Nairobi West,2025-07-11 00:00:00+00:00,daily,airqo,-1.3042758673673431,36.82116300764013,19.592890625,70.12669819078947,35.71
Birongo Square Nairobi West,2025-07-12 00:00:00+00:00,daily,airqo,-1.3042758673673431,36.82116300764013,20.808156765431367,69.12232411067194,27.75
Birongo Square Nairobi West,2025-07-13 00:00:00+00:00,daily,airqo,-1.3042758673673431,36.82116300764013,19.28275514874142,71.92631083142639,30.68
Birongo Square Nairobi West,2025-07-14 00:00:00+00:00,daily,airqo,-1.3042758673673431,36.82116300764013,20.50052811004785,69.34129007177035,30.67
Birongo Square Nairobi West,2025-07-15 00:00:00+00:00,daily,airqo,-1.3042758673673431,36.82116300764013,20.400876096491228,67.95838559941521,35.46
Birongo Square Nairobi West,2025-07-16 00:00:00+00:00,daily,airqo,-1.3042758673673431,36.82116300764013,20.12626864035088,69.36497185672515,35.56
Birongo Square Nairobi West,2025-07-17 00:00:00+00:00,daily,airqo,-1.3042758673673431,36.82116300764013,20.895010599415205,68.25364729532164,29.18
Birongo Square Nairobi West,2025-07-18 00:00:00+00:00,daily,airqo,-1.3042758673673431,36.82116300764013,20.17667434210526,72.31252850877193,30.7
Birongo Square Nairobi West,2025-07-19 00:00:00+00:00,daily,airqo,-1.3042758673673431,36.82116300764013,19.70229788011696,68.47110370979532,15.46
Birongo Square Nairobi West,2025-07-20 00:00:00+00:00,daily,airqo,-1.3042758673673431,36.82116300764013,18.703347100389863,70.61418823099415,39.21
Birongo Square Nairobi West,2025-07-21 00:00:00+00:00,daily,airqo,-1.3042758673673431,36.82116300764013,20.26852537593985,66.0208617898914,35.97
Birongo Square Nairobi West,2025-07-22 00:00:00+00:00,daily,airqo,-0.3118920552400168,8.805060719218291,18.54742917075297,71.39643512874258,36.22
Birongo Square Nairobi West,2025-07-23 00:00:00+00:00,daily,airqo,-0.2794876858644307,7.890249215922885,18.182341970998927,71.55149519632414,38.71
Birongo Square Nairobi West,2025-07-24 00:00:00+00:00,daily,airqo,-0.391282760210203,11.046348902292038,21.80628441938179,59.51579830637199,32.92
Birongo Square Nairobi West,2025-07-25 00:00:00+00:00,daily,airqo,0.0,0.0,20.586037351506924,63.91146265996431,38.97
Birongo Square Nairobi West,2025-07-26 00:00:00+00:00,daily,airqo,0.0,0.0,21.62487052701197,58.23811436577555,27.4
Birongo Square Nairobi West,2025-07-27 00:00:00+00:00,daily,airqo,0.0,0.0,19.6377342966792,63.38149788533835,24.0
Birongo Square Nairobi West,2025-07-28 00:00:00+00:00,daily,airqo,0.0,0.0,20.764410576329343,59.997435053631854,45.93
Birongo Square Nairobi West,2025-07-29 00:00:00+00:00,daily,airqo,0.0,0.0,19.11013474516428,64.69711698737466,30.68
Birongo Square Nairobi West,2025-07-30 00:00:00+00:00,daily,airqo,0.0,0.0,19.35203229007088,60.55510940741667,36.35
Birongo Square Nairobi West,2025-07-31 00:00:00+00:00,daily,airqo,0.0,0.0,20.146653406647747,64.14030326582387,25.43
Birongo Square Nairobi West,2025-08-01 00:00:00+00:00,daily,airqo,0.0,0.0,18.642327418926104,70.89699887028176,25.35
Birongo Square Nairobi West,2025-08-02 00:00:00+00:00,daily,airqo,0.0,0.0,20.579415819852663,66.60060426824637,24.6
Birongo Square Nairobi West,2025-08-03 00:00:00+00:00,daily,airqo,0.0,0.0,19.943894797325136,67.72063661510488,27.86
Birongo Square Nairobi West,2025-08-04 00:00:00+00:00,daily,airqo,0.0,0.0,20.202491808164915,60.78385997923197,39.7
Birongo Square Nairobi West,2025-08-05 00:00:00+00:00,daily,airqo,0.0,0.0,19.14361525207249,63.89908301603367,27.06
Birongo Square Nairobi West,2025-08-06 00:00:00+00:00,daily,airqo,0.0,0.0,20.960092679615705,61.4883009085213,20.66
Birongo Square Nairobi West,2025-08-07 00:00:00+00:00,daily,airqo,0.0,0.0,21.07893603801169,68.30671036967418,39.6
Birongo Square Nairobi West,2025-08-08 00:00:00+00:00,daily,airqo,0.0,0.0,20.08275558688388,69.69928409565581,34.35
Birongo Square Nairobi West,2025-08-09 00:00:00+00:00,daily,airqo,0.0,0.0,18.029521668550466,74.80523084181041,28.03
Birongo Square Nairobi West,2025-08-10 00:00:00+00:00,daily,airqo,0.0,0.0,21.58417367334745,60.5195906911241,29.51
Birongo Square Nairobi West,2025-08-11 00:00:00+00:00,daily,airqo,0.0,0.0,19.24363779239766,68.98940935672515,28.45
Birongo Square Nairobi West,2025-08-12 00:00:00+00:00,daily,airqo,0.0,0.0,18.478958609759697,72.32226055334414,28.19
Birongo Square Nairobi West,2025-08-13 00:00:00+00:00,daily,airqo,0.0,0.0,21.13447983995076,59.729173284087416,25.21
Birongo Square Nairobi West,2025-08-14 00:00:00+00:00,daily,airqo,0.0,0.0,20.95538664678825,60.50473780218002,37.67
Birongo Square Nairobi West,2025-08-15 00:00:00+00:00,daily,airqo,0.0,0.1614963289808778,20.02244120864516,69.11754356827383,31.29
Birongo Square Nairobi West,2025-08-16 00:00:00+00:00,daily,airqo,0.0,0.0,20.282930065441096,73.82969057331557,25.82
Birongo Square Nairobi West,2025-08-17 00:00:00+00:00,daily,airqo,0.0,0.0,19.41610871520658,81.23638129889116,26.5
Birongo Square Nairobi West,2025-08-18 00:00:00+00:00,daily,airqo,0.0,0.0,16.86323611111111,92.40897222222225,17.06
Birongo Square Nairobi West,2025-08-19 00:00:00+00:00,daily,airqo,0.0,0.0,18.321314946338383,77.4398157805736,41.08
Birongo Square Nairobi West,2025-08-20 00:00:00+00:00,daily,airqo,0.0,0.0,19.971790423027265,67.50554879623301,40.54
Birongo Square Nairobi West,2025-08-21 00:00:00+00:00,daily,airqo,0.0,0.0,18.769251526251526,72.63874603174604,51.32
Birongo Square Nairobi West,2025-08-22 00:00:00+00:00,daily,airqo,0.0,0.0,19.023353332128973,66.0498127032711,41.41
Birongo Square Nairobi West,2025-08-23 00:00:00+00:00,daily,airqo,0.0,0.0,17.888127471456418,71.55176573061442,39.8
Birongo Square Nairobi West,2025-08-24 00:00:00+00:00,daily,airqo,0.0,0.0,20.300172537058906,66.57704620884167,31.99
Birongo Square Nairobi West,2025-08-25 00:00:00+00:00,daily,airqo,0.0,0.0,20.47674975390107,67.89137708928499,45.27
Birongo Square Nairobi West,2025-08-26 00:00:00+00:00,daily,airqo,0.0,0.0,20.69499360380117,64.79390880847953,40.25
Birongo Square Nairobi West,2025-08-27 00:00:00+00:00,daily,airqo,0.0,0.0,21.85885105635821,61.78813569974773,31.95
Birongo Square Nairobi West,2025-08-28 00:00:00+00:00,daily,airqo,0.0,0.0,21.319685041853,61.58976292856323,29.71
Birongo Square Nairobi West,2025-08-29 00:00:00+00:00,daily,airqo,0.0,0.0,20.406018274853803,61.57745102339181,35.06
Birongo Square Nairobi West,2025-08-30 00:00:00+00:00,daily,airqo,0.0,0.0,20.543399801587302,58.07519856934002,27.4
Birongo Square Nairobi West,2025-08-31 00:00:00+00:00,daily,airqo,0.0,0.0,20.08792784043442,63.61782440476191,28.42
Birongo Square Nairobi West,2025-09-01 00:00:00+00:00,daily,airqo,0.0,0.0,21.373786442208463,59.390124957000346,23.05
Birongo Square Nairobi West,2025-09-02 00:00:00+00:00,daily,airqo,0.0,0.0,21.063022099519632,59.80095622302284,31.38
Birongo Square Nairobi West,2025-09-03 00:00:00+00:00,daily,airqo,0.0,0.0,21.17066995614035,57.11851315789474,30.11
Birongo Square Nairobi West,2025-09-04 00:00:00+00:00,daily,airqo,0.0,0.0,20.21716356399019,65.32384498344793,40.4
Birongo Square Nairobi West,2025-09-05 00:00:00+00:00,daily,airqo,0.0,0.0,21.012997807017545,60.09178326023391,38.74
Birongo Square Nairobi West,2025-09-06 00:00:00+00:00,daily,airqo,0.0,0.0,21.62537573099415,57.145471125731,37.0
Birongo Square Nairobi West,2025-09-07 00:00:00+00:00,daily,airqo,0.0,0.0,21.02136275584796,57.995457967836266,38.34
Birongo Square Nairobi West,2025-09-08 00:00:00+00:00,daily,airqo,0.0,0.0,21.677927997076026,61.26107967836257,28.54
Birongo Square Nairobi West,2025-09-09 00:00:00+00:00,daily,airqo,0.0,0.0,22.07824291196742,64.20869099832916,23.62
Birongo Square Nairobi West,2025-09-10 00:00:00+00:00,daily,airqo,0.0,0.0,22.2100911001462,63.81169639376218,36.7
Birongo Square Nairobi West,2025-09-11 00:00:00+00:00,daily,airqo,0.0,0.0,21.4600380813144,62.696300386382624,14.11
Birongo Square Nairobi West,2025-09-12 00:00:00+00:00,daily,airqo,0.0,0.0,21.4395752401838,61.68284967627402,13.14
Birongo Square Nairobi West,2025-09-13 00:00:00+00:00,daily,airqo,0.0,0.0,21.9447200507396,58.07235956312349,15.04
Birongo Square Nairobi West,2025-09-14 00:00:00+00:00,daily,airqo,0.0,0.0,22.781963314126823,54.84036141210871,17.57
Birongo Square Nairobi West,2025-09-15 00:00:00+00:00,daily,airqo,0.0,0.0,21.710993141554862,61.8371680027274,21.73
Birongo Square Nairobi West,2025-09-16 00:00:00+00:00,daily,airqo,0.0,0.0,22.316049342105263,60.14425,23.17
Birongo Square Nairobi West,2025-09-17 00:00:00+00:00,daily,airqo,0.0,0.0,22.978345708020047,57.92810735171261,28.71
Birongo Square Nairobi West,2025-09-18 00:00:00+00:00,daily,airqo,0.0,0.0,22.57098355263157,65.43819049794625,21.04
Birongo Square Nairobi West,2025-09-19 00:00:00+00:00,daily,airqo,0.0,0.0,23.010606255221383,58.98809022556392,16.08
Birongo Square Nairobi West,2025-09-20 00:00:00+00:00,daily,airqo,0.0,0.0,21.458315789473684,60.302681286549706,18.75
Birongo Square Nairobi West,2025-09-21 00:00:00+00:00,daily,airqo,0.0,0.0,21.279759588923287,61.40643380202959,15.27
Birongo Square Nairobi West,2025-09-22 00:00:00+00:00,daily,airqo,0.0,0.0,21.31440423976608,64.05548903508772,25.33
Birongo Square Nairobi West,2025-09-23 00:00:00+00:00,daily,airqo,0.0,0.0,21.200514121477937,58.27734443115365,20.72
Birongo Square Nairobi West,2025-09-24 00:00:00+00:00,daily,airqo,0.0,0.0,21.732182174185464,56.47012541771094,20.46
Birongo Square Nairobi West,2025-09-25 00:00:00+00:00,daily,airqo,0.0,0.0,21.78416974728488,63.34366160192147,26.04
Birongo Square Nairobi West,2025-09-26 00:00:00+00:00,daily,airqo,0.0,0.0,21.11563512040972,70.31298294649667,23.78
Birongo Square Nairobi West,2025-09-27 00:00:00+00:00,daily,airqo,0.0,0.0,22.00034978070176,63.4764755116959,21.73
Birongo Square Nairobi West,2025-09-28 00:00:00+00:00,daily,airqo,0.0,0.0,21.79683040935673,61.71700073099415,32.92
Birongo Square Nairobi West,2025-09-29 00:00:00+00:00,daily,airqo,0.0,0.0,21.35331328320802,65.11125695488722,27.86
Birongo Square Nairobi West,2025-09-30 00:00:00+00:00,daily,airqo,0.0,0.0,24.583736842105264,56.16095238095238,22.6
Birongo Square Nairobi West,2025-10-01 00:00:00+00:00,daily,airqo,0.0,0.0,24.83204736842105,44.57797719298245,19.98
Birongo Square Nairobi West,2025-10-02 00:00:00+00:00,daily,airqo,0.0,0.0,22.264896303258144,50.08789452798664,21.75
Birongo Square Nairobi West,2025-10-03 00:00:00+00:00,daily,airqo,0.0,0.0,24.476333333333333,53.55261111111111,20.57
Birongo Square Nairobi West,2025-10-04 00:00:00+00:00,daily,airqo,0.0,0.0,20.93275986842105,77.14740460526316,21.88
Birongo Square Nairobi West,2025-10-05 00:00:00+00:00,daily,airqo,0.0,0.0,21.40325901652527,68.98170208274698,20.26
Birongo Square Nairobi West,2025-10-06 00:00:00+00:00,daily,airqo,0.0,0.0,16.912043859649124,79.06786842105262,22.95
Birongo Square Nairobi West,2025-10-07 00:00:00+00:00,daily,airqo,0.0,0.0,23.18609210526316,55.54748684210527,15.81
Birongo Square Nairobi West,2025-10-08 00:00:00+00:00,daily,airqo,0.0,0.0,20.880288152271703,68.94934739091318,12.81
Birongo Square Nairobi West,2025-10-09 00:00:00+00:00,daily,airqo,0.0,0.0,21.498127871762744,66.50613982873851,11.14
Birongo Square Nairobi West,2025-10-10 00:00:00+00:00,daily,airqo,0.0,0.0,21.89763450292397,63.456416510025065,11.87
Birongo Square Nairobi West,2025-10-11 00:00:00+00:00,daily,airqo,0.0,0.0,22.178490497076023,58.50530299707602,14.71
Birongo Square Nairobi West,2025-10-12 00:00:00+00:00,daily,airqo,0.0,0.0,21.65941691586922,60.00098223185805,13.49
Birongo Square Nairobi West,2025-10-13 00:00:00+00:00,daily,airqo,0.0,0.0,21.91337902046784,61.57642799707602,14.17
Birongo Square Nairobi West,2025-10-14 00:00:00+00:00,daily,airqo,0.0,0.0,21.93534122069881,60.84000006142808,17.35
Birongo Square Nairobi West,2025-10-15 00:00:00+00:00,daily,airqo,0.0,0.0,22.35179347826088,59.691240369946605,16.69
Birongo Square Nairobi West,2025-10-16 00:00:00+00:00,daily,airqo,0.0,0.0,22.06056610275689,65.5261522556391,14.78
Birongo Square Nairobi West,2025-10-17 00:00:00+00:00,daily,airqo,0.0,0.0,21.58090867484918,67.06805301792029,17.2
Birongo Square Nairobi West,2025-10-18 00:00:00+00:00,daily,airqo,0.0,0.0,22.31636155606407,62.06623607932875,15.85
Birongo Square Nairobi West,2025-10-19 00:00:00+00:00,daily,airqo,0.0,0.0,22.301157894736843,57.68655377574371,17.06
Birongo Square Nairobi West,2025-10-20 00:00:00+00:00,daily,airqo,0.0,0.0,21.78319349845201,56.89137151702786,15.55
Birongo Square Nairobi West,2025-10-21 00:00:00+00:00,daily,airqo,0.0,0.0,22.98672619047619,55.86062306808689,20.13
Birongo Square Nairobi West,2025-10-22 00:00:00+00:00,daily,airqo,0.0,0.0,21.63195962127541,60.62193260930103,22.79
Birongo Square Nairobi West,2025-10-23 00:00:00+00:00,daily,airqo,0.0,0.0,22.06494067334536,68.70219328433127,24.69
Birongo Square Nairobi West,2025-10-24 00:00:00+00:00,daily,airqo,0.0,0.0,21.99637595362032,72.73081530290929,23.52
Birongo Square Nairobi West,2025-10-25 00:00:00+00:00,daily,airqo,,,,,
Birongo Square Nairobi West,2025-10-26 00:00:00+00:00,daily,airqo,,,,,
Birongo Square Nairobi West,2025-10-27 00:00:00+00:00,daily,airqo,0.0,0.0,22.489786223370928,68.83342077850877,21.3
Birongo Square Nairobi West,2025-10-28 00:00:00+00:00,daily,airqo,0.0,0.0,21.205832011920823,81.10172458389563,13.97
Birongo Square Nairobi West,2025-10-29 00:00:00+00:00,daily,airqo,0.0,0.0,19.52040925229741,86.98070995196325,19.02
Birongo Square Nairobi West,2025-10-30 00:00:00+00:00,daily,airqo,0.0,0.0,20.93156953581872,78.59262889863548,15.55
Birongo Square Nairobi West,2025-10-31 00:00:00+00:00,daily,airqo,0.0,0.0,20.70101754385965,77.10012609649122,14.86
Birongo Square Nairobi West,2025-11-01 00:00:00+00:00,daily,airqo,0.0,0.0,20.32291436925648,80.50804704469506,21.26
Birongo Square Nairobi West,2025-11-02 00:00:00+00:00,daily,airqo,0.0,0.0,21.942798717809016,71.1692571828121,12.25
Birongo Square Nairobi West,2025-11-03 00:00:00+00:00,daily,airqo,0.0,0.0,22.23856831983805,67.84409668803418,13.76
Birongo Square Nairobi West,2025-11-04 00:00:00+00:00,daily,airqo,0.0,0.0,21.939966073271417,66.13934752321981,15.3
Birongo Square Nairobi West,2025-11-05 00:00:00+00:00,daily,airqo,0.0,0.0,23.28929625199362,62.50970055821372,14.95
Birongo Square Nairobi West,2025-11-06 00:00:00+00:00,daily,airqo,0.0,0.0,22.48119008769009,68.71521047008547,15.03
Birongo Square Nairobi West,2025-11-07 00:00:00+00:00,daily,airqo,0.0,0.0,22.54710066476733,69.31685956790123,11.84
Birongo Square Nairobi West,2025-11-08 00:00:00+00:00,daily,airqo,0.0,0.0,21.382869484316853,73.48470175438597,16.51
Birongo Square Nairobi West,2025-11-09 00:00:00+00:00,daily,airqo,0.0,0.0,19.672263764880952,78.88938876488095,16.59
Birongo Square Nairobi West,2025-11-10 00:00:00+00:00,daily,airqo,0.0,0.0,20.346323633156967,75.12297498797498,25.42
Birongo Square Nairobi West,2025-11-11 00:00:00+00:00,daily,airqo,0.0,0.0,22.15681826670062,66.78637764196588,19.91
Birongo Square Nairobi West,2025-11-12 00:00:00+00:00,daily,airqo,0.0,0.0,21.55733352939331,70.33745107127173,15.87
Birongo Square Nairobi West,2025-11-13 00:00:00+00:00,daily,airqo,0.0,0.0,20.872071119356832,75.10488536067108,15.46
Birongo Square Nairobi West,2025-11-14 00:00:00+00:00,daily,airqo,0.0,0.0,21.1842657990158,74.2413614996115,17.82
Birongo Square Nairobi West,2025-11-15 00:00:00+00:00,daily,airqo,0.0,0.0,21.38095299145299,71.17024572649572,17.15
Birongo Square Nairobi West,2025-11-16 00:00:00+00:00,daily,airqo,0.0,0.0,21.622671807359307,71.30393871753247,15.26
Birongo Square Nairobi West,2025-11-17 00:00:00+00:00,daily,airqo,0.0,0.0,20.9910664160401,74.63928947368422,16.45
Birongo Square Nairobi West,2025-11-18 00:00:00+00:00,daily,airqo,0.0,0.0,20.642369211596485,74.47552694969171,15.05
Birongo Square Nairobi West,2025-11-19 00:00:00+00:00,daily,airqo,0.0,0.0,21.518757885763,70.4192921994885,17.64
Birongo Square Nairobi West,2025-11-20 00:00:00+00:00,daily,airqo,0.0,0.0,21.58095091991342,68.18440021645021,15.9
Birongo Square Nairobi West,2025-11-21 00:00:00+00:00,daily,airqo,0.0,0.0,22.033372222222223,60.81320277777778,17.8
Birongo Square Nairobi West,2025-11-22 00:00:00+00:00,daily,airqo,0.0,0.0,21.557175324675327,65.31026046176046,21.26
Birongo Square Nairobi West,2025-11-23 00:00:00+00:00,daily,airqo,0.0,0.0,19.798718253968254,70.79904761904761,25.9
Birongo Square Nairobi West,2025-11-24 00:00:00+00:00,daily,airqo,0.0,0.0,20.774091478696743,70.19017305574543,17.93
Birongo Square Nairobi West,2025-11-25 00:00:00+00:00,daily,airqo,0.0,0.0,22.23287838704505,67.99195648949815,14.01
Birongo Square Nairobi West,2025-11-26 00:00:00+00:00,daily,airqo,0.0,0.0,20.79103931623932,71.0449623931624,17.12
Birongo Square Nairobi West,2025-11-27 00:00:00+00:00,daily,airqo,0.0,0.0,21.389834479246243,69.42931661149308,19.85
Birongo Square Nairobi West,2025-11-28 00:00:00+00:00,daily,airqo,0.0,0.0,21.88183623737374,68.64555719696969,20.9
Birongo Square Nairobi West,2025-11-29 00:00:00+00:00,daily,airqo,0.0,0.0,22.5754092948718,65.68279775641025,18.01
Birongo Square Nairobi West,2025-11-30 00:00:00+00:00,daily,airqo,0.0,0.0,21.73966326530612,63.62965702947846,16.25
Birongo Square Nairobi West,2025-12-01 00:00:00+00:00,daily,airqo,0.0,0.0,21.46056845238095,62.08127678571429,18.52
Birongo Square Nairobi West,2025-12-02 00:00:00+00:00,daily,airqo,0.0,0.0,21.427900184347244,61.66897864085806,15.5
Birongo Square Nairobi West,2025-12-03 00:00:00+00:00,daily,airqo,0.0,0.0,22.06452037178508,64.157406162465,17.05
Birongo Square Nairobi West,2025-12-04 00:00:00+00:00,daily,airqo,0.0,0.0,22.81509158385474,63.76388111888112,16.1
Birongo Square Nairobi West,2025-12-05 00:00:00+00:00,daily,airqo,0.0,0.0,22.02113525794729,65.33192853109018,17.79
Birongo Square Nairobi West,2025-12-06 00:00:00+00:00,daily,airqo,0.0,0.0,21.75271436166173,66.67315090757195,21.14
Birongo Square Nairobi West,2025-12-07 00:00:00+00:00,daily,airqo,0.0,0.0,22.03719469069092,66.01299723413393,13.66
Birongo Square Nairobi West,2025-12-08 00:00:00+00:00,daily,airqo,0.0,0.0,21.048834703947367,71.6768667458577,16.58
Birongo Square Nairobi West,2025-12-09 00:00:00+00:00,daily,airqo,0.0,0.0,22.39417264752791,64.59028514467988,17.28
Birongo Square Nairobi West,2025-12-10 00:00:00+00:00,daily,airqo,0.0,0.0,23.567500365497075,61.71719206871345,16.26
Birongo Square Nairobi West,2025-12-11 00:00:00+00:00,daily,airqo,0.0,0.0,23.06873483452392,63.554373534980186,17.73
Birongo Square Nairobi West,2025-12-12 00:00:00+00:00,daily,airqo,0.0,0.0,22.23715816055289,68.28482376395534,14.92
Birongo Square Nairobi West,2025-12-13 00:00:00+00:00,daily,airqo,0.0,0.0,21.15520733098732,75.10590525867097,16.93
Birongo Square Nairobi West,2025-12-14 00:00:00+00:00,daily,airqo,0.0,0.0,20.992431818181817,75.65095653907495,12.21
Birongo Square Nairobi West,2025-12-15 00:00:00+00:00,daily,airqo,0.0,0.0,21.39690021929825,72.77287774122807,17.97
Birongo Square Nairobi West,2025-12-16 00:00:00+00:00,daily,airqo,0.0,0.0,21.952522189862005,70.11872325081478,18.64
Birongo Square Nairobi West,2025-12-17 00:00:00+00:00,daily,airqo,0.0,0.0,22.86746631070429,65.92066844647852,15.46
Birongo Square Nairobi West,2025-12-18 00:00:00+00:00,daily,airqo,0.0,0.0,22.41040350877193,70.26813450292398,13.21
Birongo Square Nairobi West,2025-12-19 00:00:00+00:00,daily,airqo,0.0,0.0,21.760897833351493,73.89029306054992,12.25
Birongo Square Nairobi West,2025-12-20 00:00:00+00:00,daily,airqo,0.0,0.0,21.89657837528604,72.30890503432494,12.16
Birongo Square Nairobi West,2025-12-21 00:00:00+00:00,daily,airqo,0.0,0.0,19.5250293668955,85.82850969815844,10.72
Birongo Square Nairobi West,2025-12-22 00:00:00+00:00,daily,airqo,0.0,0.0,20.859929061784896,74.6152112890923,13.78
Birongo Square Nairobi West,2025-12-23 00:00:00+00:00,daily,airqo,0.0,0.0,21.69888999673096,71.1782795031056,14.8
Birongo Square Nairobi West,2025-12-24 00:00:00+00:00,daily,airqo,0.0,0.0,22.202583824737427,69.23280293228892,11.56
Birongo Square Nairobi West,2025-12-25 00:00:00+00:00,daily,airqo,0.0,0.0,22.9399313699268,67.05163171268092,10.41
Birongo Square Nairobi West,2025-12-26 00:00:00+00:00,daily,airqo,0.0,0.0,24.12236643692565,63.24108103592314,10.87
Birongo Square Nairobi West,2025-12-27 00:00:00+00:00,daily,airqo,0.0,0.0,23.457441450616507,69.9241714109689,11.1
Birongo Square Nairobi West,2025-12-28 00:00:00+00:00,daily,airqo,0.0,0.0,18.429700292397666,90.11418177387914,8.18
Birongo Square Nairobi West,2025-12-29 00:00:00+00:00,daily,airqo,0.0,0.0,21.16599707602339,77.66709941520467,10.7
Birongo Square Nairobi West,2025-12-30 00:00:00+00:00,daily,airqo,0.0,0.0,21.944640679824563,72.65214689327486,12.3
Birongo Square Nairobi West,2025-12-31 00:00:00+00:00,daily,airqo,0.0,0.0,22.375226904674275,70.13315403018034,12.69
"Buruburu, Makadara, Nairobi, kenya",2025-01-01 00:00:00+00:00,daily,airqo,-1.2833654898448668,36.885239437428446,0.0,0.0,9.91
"Buruburu, Makadara, Nairobi, kenya",2025-01-02 00:00:00+00:00,daily,airqo,-1.283365489844867,36.885239437428446,0.0,0.0,12.3
"Buruburu, Makadara, Nairobi, kenya",2025-01-03 00:00:00+00:00,daily,airqo,-1.2833654898448668,36.885239437428446,0.0,0.0,17.17
"Buruburu, Makadara, Nairobi, kenya",2025-01-04 00:00:00+00:00,daily,airqo,-1.2833654898448668,36.885239437428446,0.0,0.0,9.92
"Buruburu, Makadara, Nairobi, kenya",2025-01-05 00:00:00+00:00,daily,airqo,-1.2833654898448668,36.885239437428446,0.0,0.0,8.89
"Buruburu, Makadara, Nairobi, kenya",2025-01-06 00:00:00+00:00,daily,airqo,-1.2833654898448668,36.885239437428446,0.0,0.0,16.99
"Buruburu, Makadara, Nairobi, kenya",2025-01-07 00:00:00+00:00,daily,airqo,-1.2833654898448663,36.885239437428446,0.0,0.0,18.32
"Buruburu, Makadara, Nairobi, kenya",2025-01-08 00:00:00+00:00,daily,airqo,-1.2833654898448668,36.885239437428446,0.0,0.0,19.05
"Buruburu, Makadara, Nairobi, kenya",2025-01-09 00:00:00+00:00,daily,airqo,-1.2833654898448668,36.885239437428446,0.0,0.0,11.83
"Buruburu, Makadara, Nairobi, kenya",2025-01-10 00:00:00+00:00,daily,airqo,-1.2833654898448668,36.885239437428446,0.0,0.0,10.31
"Buruburu, Makadara, Nairobi, kenya",2025-01-11 00:00:00+00:00,daily,airqo,-1.2833654898448668,36.885239437428446,0.0,0.0,11.28
"Buruburu, Makadara, Nairobi, kenya",2025-01-12 00:00:00+00:00,daily,airqo,-1.2833654898448668,36.885239437428446,0.0,0.0,7.69
"Buruburu, Makadara, Nairobi, kenya",2025-01-13 00:00:00+00:00,daily,airqo,-1.2833654898448668,36.885239437428446,0.0,0.0,14.0
"Buruburu, Makadara, Nairobi, kenya",2025-01-14 00:00:00+00:00,daily,airqo,-1.2833654898448668,36.885239437428446,0.0,0.0,19.87
"Buruburu, Makadara, Nairobi, kenya",2025-01-15 00:00:00+00:00,daily,airqo,-1.2833654898448668,36.885239437428446,0.0,0.0,14.54
"Buruburu, Makadara, Nairobi, kenya",2025-01-16 00:00:00+00:00,daily,airqo,-1.2833654898448668,36.885239437428446,0.0,0.0,16.46
"Buruburu, Makadara, Nairobi, kenya",2025-01-17 00:00:00+00:00,daily,airqo,-1.2833654898448668,36.885239437428446,0.0,0.0,15.05
"Buruburu, Makadara, Nairobi, kenya",2025-01-18 00:00:00+00:00,daily,airqo,-1.2833654898448668,36.885239437428446,0.0,0.0,10.91
"Buruburu, Makadara, Nairobi, kenya",2025-01-19 00:00:00+00:00,daily,airqo,-1.283365489844867,36.885239437428446,0.0,0.0,13.67
"Buruburu, Makadara, Nairobi, kenya",2025-01-20 00:00:00+00:00,daily,airqo,-1.2833654898448668,36.885239437428446,0.0,0.0,16.24
"Buruburu, Makadara, Nairobi, kenya",2025-01-21 00:00:00+00:00,daily,airqo,-1.2833654898448668,36.885239437428446,0.0,0.0,18.91
"Buruburu, Makadara, Nairobi, kenya",2025-01-22 00:00:00+00:00,daily,airqo,-1.2833654898448668,36.885239437428446,0.0,0.0,14.85
"Buruburu, Makadara, Nairobi, kenya",2025-01-23 00:00:00+00:00,daily,airqo,-1.2833654898448668,36.885239437428446,0.0,0.0,18.88
"Buruburu, Makadara, Nairobi, kenya",2025-01-24 00:00:00+00:00,daily,airqo,-1.2833654898448668,36.885239437428446,0.0,0.0,14.73
"Buruburu, Makadara, Nairobi, kenya",2025-01-25 00:00:00+00:00,daily,airqo,-1.2833654898448668,36.885239437428446,0.0,0.0,15.66
"Buruburu, Makadara, Nairobi, kenya",2025-01-26 00:00:00+00:00,daily,airqo,-1.2833654898448668,36.885239437428446,0.0,0.0,16.73
"Buruburu, Makadara, Nairobi, kenya",2025-01-27 00:00:00+00:00,daily,airqo,-1.2833654898448668,36.885239437428446,0.0,0.0,21.25
"Buruburu, Makadara, Nairobi, kenya",2025-01-28 00:00:00+00:00,daily,airqo,-1.2833654898448668,36.885239437428446,0.0,0.0,17.24
"Buruburu, Makadara, Nairobi, kenya",2025-01-29 00:00:00+00:00,daily,airqo,-1.2833654898448668,36.885239437428446,0.0,0.0,16.14
"Buruburu, Makadara, Nairobi, kenya",2025-01-30 00:00:00+00:00,daily,airqo,-1.2833654898448668,36.885239437428446,0.0,0.0,30.5
"Buruburu, Makadara, Nairobi, kenya",2025-01-31 00:00:00+00:00,daily,airqo,-1.2833654898448663,36.885239437428446,0.0,0.0,16.07
"Buruburu, Makadara, Nairobi, kenya",2025-02-01 00:00:00+00:00,daily,airqo,-1.2833654898448663,36.885239437428446,0.0,0.0,13.92
"Buruburu, Makadara, Nairobi, kenya",2025-02-02 00:00:00+00:00,daily,airqo,-1.2833654898448668,36.885239437428446,0.0,0.0,13.84
"Buruburu, Makadara, Nairobi, kenya",2025-02-03 00:00:00+00:00,daily,airqo,-1.2833654898448668,36.885239437428446,0.0,0.0,13.87
"Buruburu, Makadara, Nairobi, kenya",2025-02-04 00:00:00+00:00,daily,airqo,-1.2833654898448668,36.885239437428446,0.0,0.0,17.98
"Buruburu, Makadara, Nairobi, kenya",2025-02-05 00:00:00+00:00,daily,airqo,-1.2833654898448668,36.885239437428446,0.0,0.0,18.53
"Buruburu, Makadara, Nairobi, kenya",2025-02-06 00:00:00+00:00,daily,airqo,-1.2833654898448668,36.885239437428446,0.0,0.0,16.36
"Buruburu, Makadara, Nairobi, kenya",2025-02-07 00:00:00+00:00,daily,airqo,-1.2833654898448668,36.885239437428446,0.0,0.0,6.9
"Buruburu, Makadara, Nairobi, kenya",2025-02-08 00:00:00+00:00,daily,airqo,-1.2833654898448663,36.885239437428446,0.0,0.0,11.44
"Buruburu, Makadara, Nairobi, kenya",2025-02-09 00:00:00+00:00,daily,airqo,-1.2833654898448668,36.885239437428446,0.0,0.0,9.94
"Buruburu, Makadara, Nairobi, kenya",2025-02-10 00:00:00+00:00,daily,airqo,-1.2833654898448668,36.885239437428446,0.0,0.0,16.35
"Buruburu, Makadara, Nairobi, kenya",2025-02-11 00:00:00+00:00,daily,airqo,-1.2833654898448668,36.885239437428446,0.0,0.0,8.27
"Buruburu, Makadara, Nairobi, kenya",2025-02-12 00:00:00+00:00,daily,airqo,-1.2833654898448668,36.885239437428446,0.0,0.0,13.56
"Buruburu, Makadara, Nairobi, kenya",2025-02-13 00:00:00+00:00,daily,airqo,-1.2833654898448668,36.885239437428446,0.0,0.0,13.49
"Buruburu, Makadara, Nairobi, kenya",2025-02-14 00:00:00+00:00,daily,airqo,-1.2833654898448668,36.885239437428446,0.0,0.0,16.66
"Buruburu, Makadara, Nairobi, kenya",2025-02-15 00:00:00+00:00,daily,airqo,-1.2833654898448668,36.885239437428446,0.0,0.0,16.01
"Buruburu, Makadara, Nairobi, kenya",2025-02-16 00:00:00+00:00,daily,airqo,-1.2833654898448663,36.885239437428446,0.0,0.0,14.45
"Buruburu, Makadara, Nairobi, kenya",2025-02-17 00:00:00+00:00,daily,airqo,-1.283365489844867,36.885239437428446,0.0,0.0,17.57
"Buruburu, Makadara, Nairobi, kenya",2025-02-18 00:00:00+00:00,daily,airqo,-1.2833654898448668,36.885239437428446,0.0,0.0,16.16
"Buruburu, Makadara, Nairobi, kenya",2025-02-19 00:00:00+00:00,daily,airqo,-1.2833654898448668,36.885239437428446,0.0,0.0,13.29
"Buruburu, Makadara, Nairobi, kenya",2025-02-20 00:00:00+00:00,daily,airqo,-1.2833654898448668,36.885239437428446,0.0,0.0,15.12
"Buruburu, Makadara, Nairobi, kenya",2025-02-21 00:00:00+00:00,daily,airqo,-1.2833654898448668,36.885239437428446,0.0,0.0,22.66
"Buruburu, Makadara, Nairobi, kenya",2025-02-22 00:00:00+00:00,daily,airqo,-1.2833654898448668,36.885239437428446,0.0,0.0,16.71
"Buruburu, Makadara, Nairobi, kenya",2025-02-23 00:00:00+00:00,daily,airqo,-1.2833654898448668,36.885239437428446,0.0,0.0,14.32
"Buruburu, Makadara, Nairobi, kenya",2025-02-24 00:00:00+00:00,daily,airqo,-1.283365489844867,36.885239437428446,0.0,0.0,15.88
"Buruburu, Makadara, Nairobi, kenya",2025-02-25 00:00:00+00:00,daily,airqo,-1.2833654898448668,36.885239437428446,0.0,0.0,15.95
"Buruburu, Makadara, Nairobi, kenya",2025-02-26 00:00:00+00:00,daily,airqo,-1.2833654898448668,36.885239437428446,0.0,0.0,18.23
"Buruburu, Makadara, Nairobi, kenya",2025-02-27 00:00:00+00:00,daily,airqo,-1.2833654898448668,36.885239437428446,0.0,0.0,18.64
"Buruburu, Makadara, Nairobi, kenya",2025-02-28 00:00:00+00:00,daily,airqo,-1.2833654898448668,36.885239437428446,0.0,0.0,14.86
"Buruburu, Makadara, Nairobi, kenya",2025-03-01 00:00:00+00:00,daily,airqo,-1.2833654898448668,36.885239437428446,0.0,0.0,18.14
"Buruburu, Makadara, Nairobi, kenya",2025-03-02 00:00:00+00:00,daily,airqo,-1.2833654898448668,36.885239437428446,0.0,0.0,18.23
"Buruburu, Makadara, Nairobi, kenya",2025-03-03 00:00:00+00:00,daily,airqo,-1.2833654898448668,36.885239437428446,0.0,0.0,18.23
"Buruburu, Makadara, Nairobi, kenya",2025-03-04 00:00:00+00:00,daily,airqo,-1.2833654898448668,36.885239437428446,0.0,0.0,39.15
"Buruburu, Makadara, Nairobi, kenya",2025-03-05 00:00:00+00:00,daily,airqo,-1.2833654898448668,36.885239437428446,0.0,0.0,28.78
"Buruburu, Makadara, Nairobi, kenya",2025-03-06 00:00:00+00:00,daily,airqo,-1.2833654898448668,36.885239437428446,0.0,0.0,31.46
"Buruburu, Makadara, Nairobi, kenya",2025-03-07 00:00:00+00:00,daily,airqo,-1.2833654898448668,36.885239437428446,0.0,0.0,24.25
"Buruburu, Makadara, Nairobi, kenya",2025-03-08 00:00:00+00:00,daily,airqo,-1.2833654898448668,36.885239437428446,0.0,0.0,33.67
"Buruburu, Makadara, Nairobi, kenya",2025-03-09 00:00:00+00:00,daily,airqo,-1.2833654898448668,36.885239437428446,0.0,0.0,22.96
"Buruburu, Makadara, Nairobi, kenya",2025-03-10 00:00:00+00:00,daily,airqo,-1.2833654898448668,36.885239437428446,0.0,0.0,25.25
"Buruburu, Makadara, Nairobi, kenya",2025-03-11 00:00:00+00:00,daily,airqo,-1.2833654898448668,36.885239437428446,0.0,0.0,23.26
"Buruburu, Makadara, Nairobi, kenya",2025-03-12 00:00:00+00:00,daily,airqo,-1.2833654898448668,36.885239437428446,0.0,0.0,24.29
"Buruburu, Makadara, Nairobi, kenya",2025-03-13 00:00:00+00:00,daily,airqo,-1.2833654898448663,36.885239437428446,0.0,0.0,16.35
"Buruburu, Makadara, Nairobi, kenya",2025-03-14 00:00:00+00:00,daily,airqo,-1.2833654898448668,36.885239437428446,0.0,0.0,25.41
"Buruburu, Makadara, Nairobi, kenya",2025-03-15 00:00:00+00:00,daily,airqo,-1.2833654898448668,36.885239437428446,0.0,0.0,25.76
"Buruburu, Makadara, Nairobi, kenya",2025-03-16 00:00:00+00:00,daily,airqo,-1.2833654898448668,36.885239437428446,0.0,0.0,18.78
"Buruburu, Makadara, Nairobi, kenya",2025-03-17 00:00:00+00:00,daily,airqo,-1.2833654898448668,36.885239437428446,0.0,0.0,17.46
"Buruburu, Makadara, Nairobi, kenya",2025-03-18 00:00:00+00:00,daily,airqo,-1.2833654898448668,36.885239437428446,0.0,0.0,24.0
"Buruburu, Makadara, Nairobi, kenya",2025-03-19 00:00:00+00:00,daily,airqo,-1.2833654898448668,36.885239437428446,0.0,0.0,14.4
"Buruburu, Makadara, Nairobi, kenya",2025-03-20 00:00:00+00:00,daily,airqo,-1.2833654898448668,36.885239437428446,0.0,0.0,19.45
"Buruburu, Makadara, Nairobi, kenya",2025-03-21 00:00:00+00:00,daily,airqo,-1.2833654898448668,36.885239437428446,0.0,0.0,21.73
"Buruburu, Makadara, Nairobi, kenya",2025-03-22 00:00:00+00:00,daily,airqo,-1.2833654898448668,36.885239437428446,0.0,0.0,21.24
"Buruburu, Makadara, Nairobi, kenya",2025-03-23 00:00:00+00:00,daily,airqo,-1.2833654898448668,36.885239437428446,0.0,0.0,16.85
"Buruburu, Makadara, Nairobi, kenya",2025-03-24 00:00:00+00:00,daily,airqo,-1.2833654898448668,36.885239437428446,0.0,0.0,22.79
"Buruburu, Makadara, Nairobi, kenya",2025-03-25 00:00:00+00:00,daily,airqo,-1.2833654898448668,36.885239437428446,0.0,0.0,22.0
"Buruburu, Makadara, Nairobi, kenya",2025-03-26 00:00:00+00:00,daily,airqo,-1.2833654898448668,36.885239437428446,0.0,0.0,22.11
"Buruburu, Makadara, Nairobi, kenya",2025-03-27 00:00:00+00:00,daily,airqo,-1.2833654898448668,36.885239437428446,0.0,0.0,26.42
"Buruburu, Makadara, Nairobi, kenya",2025-03-28 00:00:00+00:00,daily,airqo,-1.2833654898448668,36.885239437428446,0.0,0.0,15.06
"Buruburu, Makadara, Nairobi, kenya",2025-03-29 00:00:00+00:00,daily,airqo,-1.2833654898448668,36.885239437428446,0.0,0.0,12.84
"Buruburu, Makadara, Nairobi, kenya",2025-03-30 00:00:00+00:00,daily,airqo,-1.2833654898448668,36.885239437428446,0.0,0.0,13.11
"Buruburu, Makadara, Nairobi, kenya",2025-03-31 00:00:00+00:00,daily,airqo,-1.2833654898448668,36.885239437428446,0.0,0.0,16.77
"Buruburu, Makadara, Nairobi, kenya",2025-04-01 00:00:00+00:00,daily,airqo,-1.2833654898448668,36.885239437428446,0.0,0.0,17.81
"Buruburu, Makadara, Nairobi, kenya",2025-04-02 00:00:00+00:00,daily,airqo,-1.2833654898448668,36.885239437428446,0.0,0.0,17.37
"Buruburu, Makadara, Nairobi, kenya",2025-04-03 00:00:00+00:00,daily,airqo,-1.2833654898448668,36.885239437428446,0.0,0.0,20.65
"Buruburu, Makadara, Nairobi, kenya",2025-04-04 00:00:00+00:00,daily,airqo,-1.2833654898448668,36.885239437428446,0.0,0.0,19.21
"Buruburu, Makadara, Nairobi, kenya",2025-04-05 00:00:00+00:00,daily,airqo,-1.2833654898448668,36.885239437428446,0.0,0.0,18.48
"Buruburu, Makadara, Nairobi, kenya",2025-04-06 00:00:00+00:00,daily,airqo,-1.2833654898448668,36.885239437428446,0.0,0.0,14.64
"Buruburu, Makadara, Nairobi, kenya",2025-04-07 00:00:00+00:00,daily,airqo,-1.2833654898448668,36.885239437428446,0.0,0.0,23.46
"Buruburu, Makadara, Nairobi, kenya",2025-04-08 00:00:00+00:00,daily,airqo,-1.2833654898448668,36.885239437428446,0.0,0.0,20.29
"Buruburu, Makadara, Nairobi, kenya",2025-04-09 00:00:00+00:00,daily,airqo,-1.2833654898448668,36.885239437428446,0.0,0.0,25.24
"Buruburu, Makadara, Nairobi, kenya",2025-04-10 00:00:00+00:00,daily,airqo,-1.2833654898448668,36.885239437428446,0.0,0.0,21.11
"Buruburu, Makadara, Nairobi, kenya",2025-04-11 00:00:00+00:00,daily,airqo,-1.2833654898448668,36.885239437428446,0.0,0.0,15.4
"Buruburu, Makadara, Nairobi, kenya",2025-04-12 00:00:00+00:00,daily,airqo,-1.2833654898448668,36.885239437428446,0.0,0.0,17.82
"Buruburu, Makadara, Nairobi, kenya",2025-04-13 00:00:00+00:00,daily,airqo,-1.2833654898448668,36.885239437428446,0.0,0.0,24.94
"Buruburu, Makadara, Nairobi, kenya",2025-04-14 00:00:00+00:00,daily,airqo,-1.2833654898448668,36.885239437428446,0.0,0.0,28.17
"Buruburu, Makadara, Nairobi, kenya",2025-04-15 00:00:00+00:00,daily,airqo,-1.2833654898448668,36.885239437428446,0.0,0.0,20.24
"Buruburu, Makadara, Nairobi, kenya",2025-04-16 00:00:00+00:00,daily,airqo,-1.2833654898448668,36.885239437428446,0.0,0.0,16.79
"Buruburu, Makadara, Nairobi, kenya",2025-04-17 00:00:00+00:00,daily,airqo,-1.2833654898448668,36.885239437428446,0.0,0.0,23.82
"Buruburu, Makadara, Nairobi, kenya",2025-04-18 00:00:00+00:00,daily,airqo,-1.2833654898448668,36.885239437428446,0.0,0.0,20.31
"Buruburu, Makadara, Nairobi, kenya",2025-04-19 00:00:00+00:00,daily,airqo,-1.2833654898448668,36.885239437428446,0.0,0.0,22.6
"Buruburu, Makadara, Nairobi, kenya",2025-04-20 00:00:00+00:00,daily,airqo,-1.2833654898448668,36.885239437428446,0.0,0.0,16.28
"Buruburu, Makadara, Nairobi, kenya",2025-04-21 00:00:00+00:00,daily,airqo,-1.2833654898448668,36.885239437428446,0.0,0.0,19.78
"Buruburu, Makadara, Nairobi, kenya",2025-04-22 00:00:00+00:00,daily,airqo,-1.2833654898448668,36.885239437428446,0.0,0.0,16.74
"Buruburu, Makadara, Nairobi, kenya",2025-04-23 00:00:00+00:00,daily,airqo,-1.2833654898448668,36.885239437428446,2.094814049586777,10.624090909090908,21.13
"Buruburu, Makadara, Nairobi, kenya",2025-04-24 00:00:00+00:00,daily,airqo,-1.2833654898448668,36.885239437428446,0.0,0.0,19.59
"Buruburu, Makadara, Nairobi, kenya",2025-04-25 00:00:00+00:00,daily,airqo,-1.2833654898448668,36.885239437428446,0.0,0.0,20.58
"Buruburu, Makadara, Nairobi, kenya",2025-04-26 00:00:00+00:00,daily,airqo,-1.2833654898448668,36.885239437428446,0.0,0.0,21.91
"Buruburu, Makadara, Nairobi, kenya",2025-04-27 00:00:00+00:00,daily,airqo,-1.2833654898448668,36.885239437428446,0.0,0.0,16.17
"Buruburu, Makadara, Nairobi, kenya",2025-04-28 00:00:00+00:00,daily,airqo,-1.2833654898448668,36.885239437428446,0.0,0.0,17.33
"Buruburu, Makadara, Nairobi, kenya",2025-04-29 00:00:00+00:00,daily,airqo,-1.2833654898448668,36.885239437428446,0.0,0.0,15.3
"Buruburu, Makadara, Nairobi, kenya",2025-04-30 00:00:00+00:00,daily,airqo,-1.2833654898448668,36.885239437428446,0.0,0.0,18.54
"Buruburu, Makadara, Nairobi, kenya",2025-05-01 00:00:00+00:00,daily,airqo,-1.2833654898448668,36.885239437428446,0.0,0.0,28.01
"Buruburu, Makadara, Nairobi, kenya",2025-05-02 00:00:00+00:00,daily,airqo,-1.2833654898448668,36.885239437428446,0.0,0.0,21.0
"Buruburu, Makadara, Nairobi, kenya",2025-05-03 00:00:00+00:00,daily,airqo,-1.2833654898448668,36.885239437428446,0.0,0.0,16.99
"Buruburu, Makadara, Nairobi, kenya",2025-05-04 00:00:00+00:00,daily,airqo,-1.2833654898448668,36.885239437428446,0.0,0.0,12.86
"Buruburu, Makadara, Nairobi, kenya",2025-05-05 00:00:00+00:00,daily,airqo,-1.2833654898448668,36.885239437428446,0.0,0.0,23.37
"Buruburu, Makadara, Nairobi, kenya",2025-05-06 00:00:00+00:00,daily,airqo,-1.2833654898448668,36.885239437428446,0.0,0.0,17.15
"Buruburu, Makadara, Nairobi, kenya",2025-05-07 00:00:00+00:00,daily,airqo,-1.2833654898448668,36.885239437428446,0.0,0.0,17.38
"Buruburu, Makadara, Nairobi, kenya",2025-05-08 00:00:00+00:00,daily,airqo,-1.2833654898448668,36.885239437428446,0.0,0.0,19.89
"Buruburu, Makadara, Nairobi, kenya",2025-05-09 00:00:00+00:00,daily,airqo,-1.2833654898448668,36.885239437428446,0.0,0.0,17.04
"Buruburu, Makadara, Nairobi, kenya",2025-05-10 00:00:00+00:00,daily,airqo,-1.2833654898448668,36.885239437428446,0.0,0.0,20.5
"Buruburu, Makadara, Nairobi, kenya",2025-05-11 00:00:00+00:00,daily,airqo,-1.2833654898448668,36.885239437428446,0.0,0.0,19.53
"Buruburu, Makadara, Nairobi, kenya",2025-05-12 00:00:00+00:00,daily,airqo,-1.2833654898448668,36.885239437428446,0.0,0.0,19.8
"Buruburu, Makadara, Nairobi, kenya",2025-05-13 00:00:00+00:00,daily,airqo,-1.2833654898448668,36.885239437428446,0.0,0.0,18.75
"Buruburu, Makadara, Nairobi, kenya",2025-05-14 00:00:00+00:00,daily,airqo,-1.2833654898448668,36.885239437428446,0.0,0.0,18.0
"Buruburu, Makadara, Nairobi, kenya",2025-05-15 00:00:00+00:00,daily,airqo,-1.2833654898448668,36.885239437428446,0.0,0.0,16.87
"Buruburu, Makadara, Nairobi, kenya",2025-05-16 00:00:00+00:00,daily,airqo,-1.2833654898448668,36.885239437428446,0.0,0.0,15.17
"Buruburu, Makadara, Nairobi, kenya",2025-05-17 00:00:00+00:00,daily,airqo,-1.2833654898448668,36.885239437428446,0.0,0.0,17.05
"Buruburu, Makadara, Nairobi, kenya",2025-05-18 00:00:00+00:00,daily,airqo,-1.2833654898448668,36.885239437428446,0.0,0.0,21.92
"Buruburu, Makadara, Nairobi, kenya",2025-05-19 00:00:00+00:00,daily,airqo,-1.2833654898448668,36.885239437428446,0.0,0.0,18.05
"Buruburu, Makadara, Nairobi, kenya",2025-05-20 00:00:00+00:00,daily,airqo,-1.2833654898448668,36.885239437428446,0.0,0.0,16.23
"Buruburu, Makadara, Nairobi, kenya",2025-05-21 00:00:00+00:00,daily,airqo,-1.2833654898448668,36.885239437428446,0.0,0.0,25.99
"Buruburu, Makadara, Nairobi, kenya",2025-05-22 00:00:00+00:00,daily,airqo,-1.2833654898448668,36.885239437428446,0.0,0.0,23.19
"Buruburu, Makadara, Nairobi, kenya",2025-05-23 00:00:00+00:00,daily,airqo,-1.2833654898448668,36.885239437428446,0.0,0.0,21.33
"Buruburu, Makadara, Nairobi, kenya",2025-05-24 00:00:00+00:00,daily,airqo,-1.2833654898448668,36.885239437428446,0.0,0.0,21.13
"Buruburu, Makadara, Nairobi, kenya",2025-05-25 00:00:00+00:00,daily,airqo,-1.2833654898448668,36.885239437428446,0.0,0.0,21.15
"Buruburu, Makadara, Nairobi, kenya",2025-05-26 00:00:00+00:00,daily,airqo,-1.2833654898448668,36.885239437428446,0.0,0.0,23.4
"Buruburu, Makadara, Nairobi, kenya",2025-05-27 00:00:00+00:00,daily,airqo,-1.2833654898448668,36.885239437428446,0.0,0.0,23.33
"Buruburu, Makadara, Nairobi, kenya",2025-05-28 00:00:00+00:00,daily,airqo,-1.2833654898448668,36.885239437428446,0.0,0.0,14.89
"Buruburu, Makadara, Nairobi, kenya",2025-05-29 00:00:00+00:00,daily,airqo,-1.2833654898448668,36.885239437428446,0.0,0.0,22.9
"Buruburu, Makadara, Nairobi, kenya",2025-05-30 00:00:00+00:00,daily,airqo,-1.2833654898448668,36.885239437428446,0.0,0.0,20.87
"Buruburu, Makadara, Nairobi, kenya",2025-05-31 00:00:00+00:00,daily,airqo,-1.2833654898448668,36.885239437428446,0.0,0.0,29.85
"Buruburu, Makadara, Nairobi, kenya",2025-06-01 00:00:00+00:00,daily,airqo,-1.2833654898448668,36.885239437428446,0.0,0.0,20.63
"Buruburu, Makadara, Nairobi, kenya",2025-06-02 00:00:00+00:00,daily,airqo,-1.2833654898448668,36.885239437428446,0.0,0.0,29.59
"Buruburu, Makadara, Nairobi, kenya",2025-06-03 00:00:00+00:00,daily,airqo,-1.2833654898448668,36.885239437428446,0.0,0.0,27.45
"Buruburu, Makadara, Nairobi, kenya",2025-06-04 00:00:00+00:00,daily,airqo,-1.2833654898448668,36.885239437428446,0.0,0.0,26.84
"Buruburu, Makadara, Nairobi, kenya",2025-06-05 00:00:00+00:00,daily,airqo,-1.2833654898448668,36.885239437428446,0.0,0.0,25.79
"Buruburu, Makadara, Nairobi, kenya",2025-06-06 00:00:00+00:00,daily,airqo,-1.2833654898448668,36.885239437428446,0.0,0.0,30.61
"Buruburu, Makadara, Nairobi, kenya",2025-06-07 00:00:00+00:00,daily,airqo,-1.2833654898448668,36.885239437428446,0.0,0.0,20.85
"Buruburu, Makadara, Nairobi, kenya",2025-06-08 00:00:00+00:00,daily,airqo,-1.2833654898448668,36.885239437428446,0.0,0.0,16.47
"Buruburu, Makadara, Nairobi, kenya",2025-06-09 00:00:00+00:00,daily,airqo,-1.2833654898448668,36.885239437428446,0.0,0.0,24.93
"Buruburu, Makadara, Nairobi, kenya",2025-06-10 00:00:00+00:00,daily,airqo,-1.2833654898448668,36.885239437428446,0.0,0.0,21.38
"Buruburu, Makadara, Nairobi, kenya",2025-06-11 00:00:00+00:00,daily,airqo,-1.2833654898448668,36.885239437428446,0.0,0.0,23.47
"Buruburu, Makadara, Nairobi, kenya",2025-06-12 00:00:00+00:00,daily,airqo,-1.2833654898448668,36.885239437428446,0.0,0.0,22.09
"Buruburu, Makadara, Nairobi, kenya",2025-06-13 00:00:00+00:00,daily,airqo,-1.2833654898448668,36.885239437428446,0.0,0.0,20.58
"Buruburu, Makadara, Nairobi, kenya",2025-06-14 00:00:00+00:00,daily,airqo,-1.2833654898448668,36.885239437428446,0.0,0.0,23.28
"Buruburu, Makadara, Nairobi, kenya",2025-06-15 00:00:00+00:00,daily,airqo,-1.2833654898448668,36.885239437428446,0.0,0.0,17.53
"Buruburu, Makadara, Nairobi, kenya",2025-06-16 00:00:00+00:00,daily,airqo,-1.2833654898448668,36.885239437428446,0.0,0.0,18.24
"Buruburu, Makadara, Nairobi, kenya",2025-06-17 00:00:00+00:00,daily,airqo,-1.2833654898448668,36.885239437428446,0.0,0.0,18.51
"Buruburu, Makadara, Nairobi, kenya",2025-06-18 00:00:00+00:00,daily,airqo,-1.2833654898448668,36.885239437428446,0.0,0.0,29.31
"Buruburu, Makadara, Nairobi, kenya",2025-06-19 00:00:00+00:00,daily,airqo,-1.2833654898448668,36.885239437428446,0.0,0.0,29.84
"Buruburu, Makadara, Nairobi, kenya",2025-06-20 00:00:00+00:00,daily,airqo,-1.2833654898448668,36.885239437428446,0.0,0.0,31.65
"Buruburu, Makadara, Nairobi, kenya",2025-06-21 00:00:00+00:00,daily,airqo,-1.2833654898448668,36.885239437428446,0.0,0.0,41.66
"Buruburu, Makadara, Nairobi, kenya",2025-06-22 00:00:00+00:00,daily,airqo,-1.2833654898448668,36.885239437428446,0.0,0.0,38.27
"Buruburu, Makadara, Nairobi, kenya",2025-06-23 00:00:00+00:00,daily,airqo,-1.2833654898448668,36.885239437428446,0.0,0.0,30.28
"Buruburu, Makadara, Nairobi, kenya",2025-06-24 00:00:00+00:00,daily,airqo,-1.2833654898448668,36.885239437428446,0.0,0.0,26.17
"Buruburu, Makadara, Nairobi, kenya",2025-06-25 00:00:00+00:00,daily,airqo,-1.2833654898448668,36.885239437428446,0.0,0.0,32.83
"Buruburu, Makadara, Nairobi, kenya",2025-06-26 00:00:00+00:00,daily,airqo,-1.2833654898448663,36.885239437428446,0.0,0.0,22.4
"Buruburu, Makadara, Nairobi, kenya",2025-06-27 00:00:00+00:00,daily,airqo,-1.2833654898448668,36.885239437428446,0.0,0.0,20.01
"Buruburu, Makadara, Nairobi, kenya",2025-06-28 00:00:00+00:00,daily,airqo,-1.2833654898448668,36.885239437428446,0.0,0.0,25.38
"Buruburu, Makadara, Nairobi, kenya",2025-06-29 00:00:00+00:00,daily,airqo,-1.2833654898448668,36.885239437428446,0.0,0.0,20.57
"Buruburu, Makadara, Nairobi, kenya",2025-06-30 00:00:00+00:00,daily,airqo,,,,,
"Buruburu, Makadara, Nairobi, kenya",2025-07-01 00:00:00+00:00,daily,airqo,-1.2833654898448668,36.885239437428446,0.0,0.0,21.88
"Buruburu, Makadara, Nairobi, kenya",2025-07-02 00:00:00+00:00,daily,airqo,-1.2833654898448668,36.885239437428446,0.0,0.0,24.34
"Buruburu, Makadara, Nairobi, kenya",2025-07-03 00:00:00+00:00,daily,airqo,-1.2833654898448663,36.885239437428446,0.0,0.0,28.39
"Buruburu, Makadara, Nairobi, kenya",2025-07-04 00:00:00+00:00,daily,airqo,-1.2833654898448668,36.885239437428446,0.0,0.0,34.69
"Buruburu, Makadara, Nairobi, kenya",2025-07-05 00:00:00+00:00,daily,airqo,-1.2833654898448668,36.885239437428446,0.0,0.0,24.78
"Buruburu, Makadara, Nairobi, kenya",2025-07-06 00:00:00+00:00,daily,airqo,-1.2833654898448668,36.885239437428446,0.0,0.0,26.11
"Buruburu, Makadara, Nairobi, kenya",2025-07-07 00:00:00+00:00,daily,airqo,-1.2833654898448668,36.885239437428446,0.0,0.0,23.97
"Buruburu, Makadara, Nairobi, kenya",2025-07-08 00:00:00+00:00,daily,airqo,-1.2833654898448668,36.885239437428446,0.0,0.0,19.19
"Buruburu, Makadara, Nairobi, kenya",2025-07-09 00:00:00+00:00,daily,airqo,-1.2833654898448668,36.885239437428446,0.0,0.0,14.24
"Buruburu, Makadara, Nairobi, kenya",2025-07-10 00:00:00+00:00,daily,airqo,-1.2833654898448668,36.885239437428446,0.0,0.0,32.59
"Buruburu, Makadara, Nairobi, kenya",2025-07-11 00:00:00+00:00,daily,airqo,-1.2833654898448668,36.885239437428446,0.0,0.0,38.63
"Buruburu, Makadara, Nairobi, kenya",2025-07-12 00:00:00+00:00,daily,airqo,-1.2833654898448668,36.885239437428446,0.0,0.0,23.81
"Buruburu, Makadara, Nairobi, kenya",2025-07-13 00:00:00+00:00,daily,airqo,-1.2833654898448668,36.885239437428446,0.0,0.0,21.64
"Buruburu, Makadara, Nairobi, kenya",2025-07-14 00:00:00+00:00,daily,airqo,-1.2833654898448668,36.885239437428446,0.0,0.0,23.33
"Buruburu, Makadara, Nairobi, kenya",2025-07-15 00:00:00+00:00,daily,airqo,-1.2833654898448668,36.885239437428446,0.0,0.0,29.5
"Buruburu, Makadara, Nairobi, kenya",2025-07-16 00:00:00+00:00,daily,airqo,-1.2833654898448668,36.885239437428446,0.0,0.0,28.64
"Buruburu, Makadara, Nairobi, kenya",2025-07-17 00:00:00+00:00,daily,airqo,-1.2833654898448668,36.885239437428446,0.0,0.0,38.87
"Buruburu, Makadara, Nairobi, kenya",2025-07-18 00:00:00+00:00,daily,airqo,-1.2833654898448668,36.885239437428446,0.0,0.0,34.48
"Buruburu, Makadara, Nairobi, kenya",2025-07-19 00:00:00+00:00,daily,airqo,-1.2833654898448668,36.885239437428446,0.0,0.0,18.05
"Buruburu, Makadara, Nairobi, kenya",2025-07-20 00:00:00+00:00,daily,airqo,-1.2833654898448668,36.885239437428446,0.0,0.0,26.99
"Buruburu, Makadara, Nairobi, kenya",2025-07-21 00:00:00+00:00,daily,airqo,-1.2833654898448668,36.885239437428446,0.0,0.0,34.68
"Buruburu, Makadara, Nairobi, kenya",2025-07-22 00:00:00+00:00,daily,airqo,-0.288757235215095,8.2991788734214,0.0,0.0,32.77
"Buruburu, Makadara, Nairobi, kenya",2025-07-23 00:00:00+00:00,daily,airqo,,,,,
"Buruburu, Makadara, Nairobi, kenya",2025-07-24 00:00:00+00:00,daily,airqo,-0.3564904138457963,10.245899843730124,0.0,0.0,31.51
"Buruburu, Makadara, Nairobi, kenya",2025-07-25 00:00:00+00:00,daily,airqo,0.0,0.0,0.0,0.0,47.61
"Buruburu, Makadara, Nairobi, kenya",2025-07-26 00:00:00+00:00,daily,airqo,0.0,0.0,0.0,0.0,20.34
"Buruburu, Makadara, Nairobi, kenya",2025-07-27 00:00:00+00:00,daily,airqo,0.0,0.0,0.0,0.0,19.25
"Buruburu, Makadara, Nairobi, kenya",2025-07-28 00:00:00+00:00,daily,airqo,0.0,0.0,0.0,0.0,34.46
"Buruburu, Makadara, Nairobi, kenya",2025-07-29 00:00:00+00:00,daily,airqo,0.0,0.0,0.0,0.0,24.11
"Buruburu, Makadara, Nairobi, kenya",2025-07-30 00:00:00+00:00,daily,airqo,0.0,0.0,0.0,0.0,35.68
"Buruburu, Makadara, Nairobi, kenya",2025-07-31 00:00:00+00:00,daily,airqo,0.0,0.0,0.0,0.0,29.71
"Buruburu, Makadara, Nairobi, kenya",2025-08-01 00:00:00+00:00,daily,airqo,0.0,0.0,0.0,0.0,30.26
"Buruburu, Makadara, Nairobi, kenya",2025-08-02 00:00:00+00:00,daily,airqo,0.0,0.0,0.0,0.0,17.81
"Buruburu, Makadara, Nairobi, kenya",2025-08-03 00:00:00+00:00,daily,airqo,0.0,0.0,0.0,0.0,31.87
"Buruburu, Makadara, Nairobi, kenya",2025-08-04 00:00:00+00:00,daily,airqo,0.0,0.0,0.0,0.0,43.84
"Buruburu, Makadara, Nairobi, kenya",2025-08-05 00:00:00+00:00,daily,airqo,0.0,0.0,0.0,0.0,19.38
"Buruburu, Makadara, Nairobi, kenya",2025-08-06 00:00:00+00:00,daily,airqo,0.0,0.0,0.0,0.0,15.79
"Buruburu, Makadara, Nairobi, kenya",2025-08-07 00:00:00+00:00,daily,airqo,0.0,0.0,0.0,0.0,23.51
"Buruburu, Makadara, Nairobi, kenya",2025-08-08 00:00:00+00:00,daily,airqo,0.0,0.0,0.0,0.0,33.91
"Buruburu, Makadara, Nairobi, kenya",2025-08-09 00:00:00+00:00,daily,airqo,0.0,0.0,0.0,0.0,32.78
"Buruburu, Makadara, Nairobi, kenya",2025-08-10 00:00:00+00:00,daily,airqo,0.0,0.0,0.0,0.0,50.16
"Buruburu, Makadara, Nairobi, kenya",2025-08-11 00:00:00+00:00,daily,airqo,0.0,0.0,0.0,0.0,18.95
"Buruburu, Makadara, Nairobi, kenya",2025-08-12 00:00:00+00:00,daily,airqo,,,,,
"Buruburu, Makadara, Nairobi, kenya",2025-08-13 00:00:00+00:00,daily,airqo,0.0,0.0,0.0,0.0,28.06
"Buruburu, Makadara, Nairobi, kenya",2025-08-14 00:00:00+00:00,daily,airqo,0.0,0.0,0.0,0.0,40.14
"Buruburu, Makadara, Nairobi, kenya",2025-08-15 00:00:00+00:00,daily,airqo,0.0,0.0,0.0,0.0,26.33
"Buruburu, Makadara, Nairobi, kenya",2025-08-16 00:00:00+00:00,daily,airqo,0.0,0.0,0.0,0.0,24.12
"Buruburu, Makadara, Nairobi, kenya",2025-08-17 00:00:00+00:00,daily,airqo,0.0,0.0,0.0,0.0,25.31
"Buruburu, Makadara, Nairobi, kenya",2025-08-18 00:00:00+00:00,daily,airqo,0.0,0.0,0.0,0.0,8.88
"Buruburu, Makadara, Nairobi, kenya",2025-08-19 00:00:00+00:00,daily,airqo,0.0,0.0,0.0,0.0,29.35
"Buruburu, Makadara, Nairobi, kenya",2025-08-20 00:00:00+00:00,daily,airqo,0.0,0.0,0.0,0.0,38.07
"Buruburu, Makadara, Nairobi, kenya",2025-08-21 00:00:00+00:00,daily,airqo,0.0,0.0,0.0,0.0,54.52
"Buruburu, Makadara, Nairobi, kenya",2025-08-22 00:00:00+00:00,daily,airqo,0.0,0.0,0.0,0.0,42.68
"Buruburu, Makadara, Nairobi, kenya",2025-08-23 00:00:00+00:00,daily,airqo,0.0,0.0,0.0,0.0,25.44
"Buruburu, Makadara, Nairobi, kenya",2025-08-24 00:00:00+00:00,daily,airqo,0.0,0.0,0.0,0.0,31.66
"Buruburu, Makadara, Nairobi, kenya",2025-08-25 00:00:00+00:00,daily,airqo,0.0,0.0,0.0,0.0,32.77
"Buruburu, Makadara, Nairobi, kenya",2025-08-26 00:00:00+00:00,daily,airqo,0.0,0.0,0.0,0.0,32.28
"Buruburu, Makadara, Nairobi, kenya",2025-08-27 00:00:00+00:00,daily,airqo,0.0,0.0,0.0,0.0,21.31
"Buruburu, Makadara, Nairobi, kenya",2025-08-28 00:00:00+00:00,daily,airqo,0.0,0.0,0.0,0.0,24.78
"Buruburu, Makadara, Nairobi, kenya",2025-08-29 00:00:00+00:00,daily,airqo,0.0,0.0,0.0,0.0,26.54
"Buruburu, Makadara, Nairobi, kenya",2025-08-30 00:00:00+00:00,daily,airqo,0.0,0.0,0.0,0.0,27.12
"Buruburu, Makadara, Nairobi, kenya",2025-08-31 00:00:00+00:00,daily,airqo,0.0,0.0,0.0,0.0,26.56
"Buruburu, Makadara, Nairobi, kenya",2025-09-01 00:00:00+00:00,daily,airqo,0.0,0.0,0.0,0.0,29.76
"Buruburu, Makadara, Nairobi, kenya",2025-09-02 00:00:00+00:00,daily,airqo,0.0,0.0,0.0,0.0,34.21
"Buruburu, Makadara, Nairobi, kenya",2025-09-03 00:00:00+00:00,daily,airqo,0.0,0.0,0.0,0.0,28.52
"Buruburu, Makadara, Nairobi, kenya",2025-09-04 00:00:00+00:00,daily,airqo,0.0,0.0,0.0,0.0,33.61
"Buruburu, Makadara, Nairobi, kenya",2025-09-05 00:00:00+00:00,daily,airqo,0.0,0.0,0.0,0.0,42.64
"Buruburu, Makadara, Nairobi, kenya",2025-09-06 00:00:00+00:00,daily,airqo,0.0,0.0,0.0,0.0,35.25
"Buruburu, Makadara, Nairobi, kenya",2025-09-07 00:00:00+00:00,daily,airqo,0.0,0.0,0.0,0.0,20.11
"Buruburu, Makadara, Nairobi, kenya",2025-09-08 00:00:00+00:00,daily,airqo,0.0,0.0,0.0,0.0,40.91
"Buruburu, Makadara, Nairobi, kenya",2025-09-09 00:00:00+00:00,daily,airqo,0.0,0.0,0.0,0.0,28.03
"Buruburu, Makadara, Nairobi, kenya",2025-09-10 00:00:00+00:00,daily,airqo,0.0,0.0,0.0,0.0,31.27
"Buruburu, Makadara, Nairobi, kenya",2025-09-11 00:00:00+00:00,daily,airqo,0.0,0.0,0.0,0.0,16.66
"Buruburu, Makadara, Nairobi, kenya",2025-09-12 00:00:00+00:00,daily,airqo,0.0,0.0,0.0,0.0,15.86
"Buruburu, Makadara, Nairobi, kenya",2025-09-13 00:00:00+00:00,daily,airqo,0.0,0.0,0.0,0.0,17.3
"Buruburu, Makadara, Nairobi, kenya",2025-09-14 00:00:00+00:00,daily,airqo,0.0,0.0,0.0,0.0,16.72
"Buruburu, Makadara, Nairobi, kenya",2025-09-15 00:00:00+00:00,daily,airqo,0.0,0.0,0.0,0.0,17.15
"Buruburu, Makadara, Nairobi, kenya",2025-09-16 00:00:00+00:00,daily,airqo,0.0,0.0,0.0,0.0,19.74
"Buruburu, Makadara, Nairobi, kenya",2025-09-17 00:00:00+00:00,daily,airqo,0.0,0.0,0.0,0.0,18.99
"Buruburu, Makadara, Nairobi, kenya",2025-09-18 00:00:00+00:00,daily,airqo,0.0,0.0,0.0,0.0,28.88
"Buruburu, Makadara, Nairobi, kenya",2025-09-19 00:00:00+00:00,daily,airqo,0.0,0.0,0.0,0.0,15.0
"Buruburu, Makadara, Nairobi, kenya",2025-09-20 00:00:00+00:00,daily,airqo,0.0,0.0,0.0,0.0,10.72
"Buruburu, Makadara, Nairobi, kenya",2025-09-21 00:00:00+00:00,daily,airqo,0.0,0.0,0.0,0.0,9.9
"Buruburu, Makadara, Nairobi, kenya",2025-09-22 00:00:00+00:00,daily,airqo,0.0,0.0,0.0,0.0,10.57
"Buruburu, Makadara, Nairobi, kenya",2025-09-23 00:00:00+00:00,daily,airqo,0.0,0.0,0.0,0.0,14.23
"Buruburu, Makadara, Nairobi, kenya",2025-09-24 00:00:00+00:00,daily,airqo,0.0,0.0,0.0,0.0,16.94
"Buruburu, Makadara, Nairobi, kenya",2025-09-25 00:00:00+00:00,daily,airqo,0.0,0.0,0.0,0.0,15.95
"Buruburu, Makadara, Nairobi, kenya",2025-09-26 00:00:00+00:00,daily,airqo,0.0,0.0,0.0,0.0,41.5
"Buruburu, Makadara, Nairobi, kenya",2025-09-27 00:00:00+00:00,daily,airqo,0.0,0.0,0.0,0.0,34.4
"Buruburu, Makadara, Nairobi, kenya",2025-09-28 00:00:00+00:00,daily,airqo,0.0,0.0,0.0,0.0,25.25
"Buruburu, Makadara, Nairobi, kenya",2025-09-29 00:00:00+00:00,daily,airqo,0.0,0.0,0.0,0.0,17.94
"Buruburu, Makadara, Nairobi, kenya",2025-09-30 00:00:00+00:00,daily,airqo,0.0,0.0,0.0,0.0,19.1
"Buruburu, Makadara, Nairobi, kenya",2025-10-01 00:00:00+00:00,daily,airqo,0.0,0.0,0.0,0.0,18.61
"Buruburu, Makadara, Nairobi, kenya",2025-10-02 00:00:00+00:00,daily,airqo,0.0,0.0,0.0,0.0,18.73
"Buruburu, Makadara, Nairobi, kenya",2025-10-03 00:00:00+00:00,daily,airqo,0.0,0.0,0.0,0.0,18.84
"Buruburu, Makadara, Nairobi, kenya",2025-10-04 00:00:00+00:00,daily,airqo,0.0,0.0,0.0,0.0,19.79
"Buruburu, Makadara, Nairobi, kenya",2025-10-05 00:00:00+00:00,daily,airqo,0.0,0.0,0.0,0.0,17.34
"Buruburu, Makadara, Nairobi, kenya",2025-10-06 00:00:00+00:00,daily,airqo,0.0,0.0,0.0,0.0,17.07
"Buruburu, Makadara, Nairobi, kenya",2025-10-07 00:00:00+00:00,daily,airqo,0.0,0.0,0.0,0.0,15.98
"Buruburu, Makadara, Nairobi, kenya",2025-10-08 00:00:00+00:00,daily,airqo,0.0,0.0,0.0,0.0,14.47
"Buruburu, Makadara, Nairobi, kenya",2025-10-09 00:00:00+00:00,daily,airqo,0.0,0.0,0.0,0.0,14.27
"Buruburu, Makadara, Nairobi, kenya",2025-10-10 00:00:00+00:00,daily,airqo,0.0,0.0,0.0,0.0,14.5
"Buruburu, Makadara, Nairobi, kenya",2025-10-11 00:00:00+00:00,daily,airqo,0.0,0.0,0.0,0.0,14.44
"Buruburu, Makadara, Nairobi, kenya",2025-10-12 00:00:00+00:00,daily,airqo,0.0,0.0,0.0,0.0,14.48
"Buruburu, Makadara, Nairobi, kenya",2025-10-13 00:00:00+00:00,daily,airqo,0.0,0.0,0.0,0.0,14.6
"Buruburu, Makadara, Nairobi, kenya",2025-10-14 00:00:00+00:00,daily,airqo,0.0,0.0,0.0,0.0,15.13
"Buruburu, Makadara, Nairobi, kenya",2025-10-15 00:00:00+00:00,daily,airqo,0.0,0.0,0.0,0.0,14.7
"Buruburu, Makadara, Nairobi, kenya",2025-10-16 00:00:00+00:00,daily,airqo,0.0,0.0,0.0,0.0,15.2
"Buruburu, Makadara, Nairobi, kenya",2025-10-17 00:00:00+00:00,daily,airqo,0.0,0.0,0.0,0.0,15.58
"Buruburu, Makadara, Nairobi, kenya",2025-10-18 00:00:00+00:00,daily,airqo,0.0,0.0,0.0,0.0,15.86
"Buruburu, Makadara, Nairobi, kenya",2025-10-19 00:00:00+00:00,daily,airqo,0.0,0.0,0.0,0.0,15.1
"Buruburu, Makadara, Nairobi, kenya",2025-10-20 00:00:00+00:00,daily,airqo,0.0,0.0,0.0,0.0,15.69
"Buruburu, Makadara, Nairobi, kenya",2025-10-21 00:00:00+00:00,daily,airqo,0.0,0.0,0.0,0.0,16.66
"Buruburu, Makadara, Nairobi, kenya",2025-10-22 00:00:00+00:00,daily,airqo,0.0,0.0,0.0,0.0,17.13
"Buruburu, Makadara, Nairobi, kenya",2025-10-23 00:00:00+00:00,daily,airqo,0.0,0.0,0.0,0.0,19.4
"Buruburu, Makadara, Nairobi, kenya",2025-10-24 00:00:00+00:00,daily,airqo,0.0,0.0,0.0,0.0,18.62
"Buruburu, Makadara, Nairobi, kenya",2025-10-25 00:00:00+00:00,daily,airqo,,,,,
"Buruburu, Makadara, Nairobi, kenya",2025-10-26 00:00:00+00:00,daily,airqo,,,,,
"Buruburu, Makadara, Nairobi, kenya",2025-10-27 00:00:00+00:00,daily,airqo,0.0,0.0,0.0,0.0,19.37
"Buruburu, Makadara, Nairobi, kenya",2025-10-28 00:00:00+00:00,daily,airqo,0.0,0.0,0.0,0.0,15.99
"Buruburu, Makadara, Nairobi, kenya",2025-10-29 00:00:00+00:00,daily,airqo,0.0,0.0,0.0,0.0,16.53
"Buruburu, Makadara, Nairobi, kenya",2025-10-30 00:00:00+00:00,daily,airqo,0.0,0.0,0.0,0.0,20.97
"Buruburu, Makadara, Nairobi, kenya",2025-10-31 00:00:00+00:00,daily,airqo,0.0,0.0,0.0,0.0,21.0
"Buruburu, Makadara, Nairobi, kenya",2025-11-01 00:00:00+00:00,daily,airqo,0.0,0.0,0.0,0.0,16.66
"Buruburu, Makadara, Nairobi, kenya",2025-11-02 00:00:00+00:00,daily,airqo,0.0,0.0,0.0,0.0,14.2
"Buruburu, Makadara, Nairobi, kenya",2025-11-03 00:00:00+00:00,daily,airqo,0.0,0.0,0.0,0.0,14.64
"Buruburu, Makadara, Nairobi, kenya",2025-11-04 00:00:00+00:00,daily,airqo,0.0,0.0,0.0,0.0,15.24
"Buruburu, Makadara, Nairobi, kenya",2025-11-05 00:00:00+00:00,daily,airqo,0.0,0.0,0.0,0.0,14.9
"Buruburu, Makadara, Nairobi, kenya",2025-11-06 00:00:00+00:00,daily,airqo,0.0,0.0,0.0,0.0,15.29
"Buruburu, Makadara, Nairobi, kenya",2025-11-07 00:00:00+00:00,daily,airqo,0.0,0.0,0.0,0.0,14.08
"Buruburu, Makadara, Nairobi, kenya",2025-11-08 00:00:00+00:00,daily,airqo,0.0,0.0,0.0,0.0,14.45
"Buruburu, Makadara, Nairobi, kenya",2025-11-09 00:00:00+00:00,daily,airqo,0.0,0.0,0.0,0.0,16.52
"Buruburu, Makadara, Nairobi, kenya",2025-11-10 00:00:00+00:00,daily,airqo,0.0,0.0,0.0,0.0,17.42
"Buruburu, Makadara, Nairobi, kenya",2025-11-11 00:00:00+00:00,daily,airqo,0.0,0.0,0.0,0.0,17.22
"Buruburu, Makadara, Nairobi, kenya",2025-11-12 00:00:00+00:00,daily,airqo,0.0,0.0,0.0,0.0,16.7
"Buruburu, Makadara, Nairobi, kenya",2025-11-13 00:00:00+00:00,daily,airqo,0.0,0.0,0.0,0.0,16.78
"Buruburu, Makadara, Nairobi, kenya",2025-11-14 00:00:00+00:00,daily,airqo,0.0,0.0,0.0,0.0,17.1
"Buruburu, Makadara, Nairobi, kenya",2025-11-15 00:00:00+00:00,daily,airqo,0.0,0.0,0.0,0.0,15.5
"Buruburu, Makadara, Nairobi, kenya",2025-11-16 00:00:00+00:00,daily,airqo,0.0,0.0,0.0,0.0,14.93
"Buruburu, Makadara, Nairobi, kenya",2025-11-17 00:00:00+00:00,daily,airqo,0.0,0.0,0.0,0.0,15.66
"Buruburu, Makadara, Nairobi, kenya",2025-11-18 00:00:00+00:00,daily,airqo,0.0,0.0,0.0,0.0,17.01
"Buruburu, Makadara, Nairobi, kenya",2025-11-19 00:00:00+00:00,daily,airqo,0.0,0.0,0.0,0.0,16.6
"Buruburu, Makadara, Nairobi, kenya",2025-11-20 00:00:00+00:00,daily,airqo,0.0,0.0,0.0,0.0,17.58
"Buruburu, Makadara, Nairobi, kenya",2025-11-21 00:00:00+00:00,daily,airqo,0.0,0.0,0.0,0.0,17.24
"Buruburu, Makadara, Nairobi, kenya",2025-11-22 00:00:00+00:00,daily,airqo,0.0,0.0,0.0,0.0,19.21
"Buruburu, Makadara, Nairobi, kenya",2025-11-23 00:00:00+00:00,daily,airqo,0.0,0.0,0.0,0.0,24.44
"Buruburu, Makadara, Nairobi, kenya",2025-11-24 00:00:00+00:00,daily,airqo,0.0,0.0,0.0,0.0,17.31
"Buruburu, Makadara, Nairobi, kenya",2025-11-25 00:00:00+00:00,daily,airqo,0.0,0.0,0.0,0.0,15.14
"Buruburu, Makadara, Nairobi, kenya",2025-11-26 00:00:00+00:00,daily,airqo,0.0,0.0,0.0,0.0,15.16
"Buruburu, Makadara, Nairobi, kenya",2025-11-27 00:00:00+00:00,daily,airqo,0.0,0.0,0.0,0.0,16.33
"Buruburu, Makadara, Nairobi, kenya",2025-11-28 00:00:00+00:00,daily,airqo,0.0,0.0,0.0,0.0,17.32
"Buruburu, Makadara, Nairobi, kenya",2025-11-29 00:00:00+00:00,daily,airqo,0.0,0.0,0.0,0.0,16.67
"Buruburu, Makadara, Nairobi, kenya",2025-11-30 00:00:00+00:00,daily,airqo,0.0,0.0,0.0,0.0,17.85
"Buruburu, Makadara, Nairobi, kenya",2025-12-01 00:00:00+00:00,daily,airqo,0.0,0.0,0.0,0.0,16.48
"Buruburu, Makadara, Nairobi, kenya",2025-12-02 00:00:00+00:00,daily,airqo,0.0,0.0,0.0,0.0,16.05
"Buruburu, Makadara, Nairobi, kenya",2025-12-03 00:00:00+00:00,daily,airqo,0.0,0.0,0.0,0.0,16.63
"Buruburu, Makadara, Nairobi, kenya",2025-12-04 00:00:00+00:00,daily,airqo,0.0,0.0,0.0,0.0,15.67
"Buruburu, Makadara, Nairobi, kenya",2025-12-05 00:00:00+00:00,daily,airqo,0.0,0.0,0.0,0.0,15.95
"Buruburu, Makadara, Nairobi, kenya",2025-12-06 00:00:00+00:00,daily,airqo,0.0,0.0,0.0,0.0,15.61
"Buruburu, Makadara, Nairobi, kenya",2025-12-07 00:00:00+00:00,daily,airqo,0.0,0.0,0.0,0.0,15.86
"Buruburu, Makadara, Nairobi, kenya",2025-12-08 00:00:00+00:00,daily,airqo,0.0,0.0,0.0,0.0,16.71
"Buruburu, Makadara, Nairobi, kenya",2025-12-09 00:00:00+00:00,daily,airqo,0.0,0.0,0.0,0.0,17.23
"Buruburu, Makadara, Nairobi, kenya",2025-12-10 00:00:00+00:00,daily,airqo,0.0,0.0,0.0,0.0,15.53
"Buruburu, Makadara, Nairobi, kenya",2025-12-11 00:00:00+00:00,daily,airqo,0.0,0.0,0.0,0.0,15.37
"Buruburu, Makadara, Nairobi, kenya",2025-12-12 00:00:00+00:00,daily,airqo,0.0,0.0,0.0,0.0,14.55
"Buruburu, Makadara, Nairobi, kenya",2025-12-13 00:00:00+00:00,daily,airqo,0.0,0.0,0.0,0.0,15.52
"Buruburu, Makadara, Nairobi, kenya",2025-12-14 00:00:00+00:00,daily,airqo,0.0,0.0,0.0,0.0,14.81
"Buruburu, Makadara, Nairobi, kenya",2025-12-15 00:00:00+00:00,daily,airqo,0.0,0.0,0.0,0.0,16.55
"Buruburu, Makadara, Nairobi, kenya",2025-12-16 00:00:00+00:00,daily,airqo,0.0,0.0,0.0,0.0,16.43
"Buruburu, Makadara, Nairobi, kenya",2025-12-17 00:00:00+00:00,daily,airqo,0.0,0.0,0.0,0.0,15.07
"Buruburu, Makadara, Nairobi, kenya",2025-12-18 00:00:00+00:00,daily,airqo,0.0,0.0,0.0,0.0,28.43
"Buruburu, Makadara, Nairobi, kenya",2025-12-19 00:00:00+00:00,daily,airqo,0.0,0.0,0.0,0.0,28.65
"Buruburu, Makadara, Nairobi, kenya",2025-12-20 00:00:00+00:00,daily,airqo,0.0,0.0,0.0,0.0,26.75
"Buruburu, Makadara, Nairobi, kenya",2025-12-21 00:00:00+00:00,daily,airqo,0.0,0.0,0.0,0.0,24.57
"Buruburu, Makadara, Nairobi, kenya",2025-12-22 00:00:00+00:00,daily,airqo,0.0,0.0,0.0,0.0,32.76
"Buruburu, Makadara, Nairobi, kenya",2025-12-23 00:00:00+00:00,daily,airqo,0.0,0.0,0.0,0.0,26.39
"Buruburu, Makadara, Nairobi, kenya",2025-12-24 00:00:00+00:00,daily,airqo,0.0,0.0,0.0,0.0,21.94
"Buruburu, Makadara, Nairobi, kenya",2025-12-25 00:00:00+00:00,daily,airqo,0.0,0.0,0.0,0.0,20.7
"Buruburu, Makadara, Nairobi, kenya",2025-12-26 00:00:00+00:00,daily,airqo,0.0,0.0,0.0,0.0,16.71
"Buruburu, Makadara, Nairobi, kenya",2025-12-27 00:00:00+00:00,daily,airqo,0.0,0.0,0.0,0.0,19.23
"Buruburu, Makadara, Nairobi, kenya",2025-12-28 00:00:00+00:00,daily,airqo,0.0,0.0,0.0,0.0,24.89
"Buruburu, Makadara, Nairobi, kenya",2025-12-29 00:00:00+00:00,daily,airqo,0.0,0.0,0.0,0.0,27.76
"Buruburu, Makadara, Nairobi, kenya",2025-12-30 00:00:00+00:00,daily,airqo,0.0,0.0,0.0,0.0,17.34
"Buruburu, Makadara, Nairobi, kenya",2025-12-31 00:00:00+00:00,daily,airqo,0.0,0.0,0.0,0.0,26.52
"Donholm, Embakasi east, Nairobi",2025-02-01 00:00:00+00:00,daily,airqo,-1.292882176877726,36.89724958260057,0.0,0.0,0.0
"Donholm, Embakasi east, Nairobi",2025-02-02 00:00:00+00:00,daily,airqo,-1.292882176877726,36.89724958260057,11.512407407407409,11.817777777777778,4.6
"Donholm, Embakasi east, Nairobi",2025-02-03 00:00:00+00:00,daily,airqo,-1.292882176877726,36.89724958260057,34.713581296378194,33.79810611823677,13.89
"Donholm, Embakasi east, Nairobi",2025-02-04 00:00:00+00:00,daily,airqo,-1.292882176877726,36.89724958260057,29.01476066779988,45.19683577633333,11.22
"Donholm, Embakasi east, Nairobi",2025-02-05 00:00:00+00:00,daily,airqo,-1.292882176877726,36.89724958260057,30.769058610699183,39.14237429971989,9.56
"Donholm, Embakasi east, Nairobi",2025-02-06 00:00:00+00:00,daily,airqo,-1.292882176877726,36.89724958260057,28.70972320620556,43.841259152612096,8.89
"Donholm, Embakasi east, Nairobi",2025-02-07 00:00:00+00:00,daily,airqo,-1.292882176877726,36.89724958260057,30.222958254060384,43.663767856771024,6.35
"Donholm, Embakasi east, Nairobi",2025-02-08 00:00:00+00:00,daily,airqo,-1.292882176877726,36.89724958260057,37.53578198299522,27.40563698374973,3.07
"Donholm, Embakasi east, Nairobi",2025-02-09 00:00:00+00:00,daily,airqo,-1.292882176877726,36.89724958260057,33.50936106266148,34.34455311480303,5.54
"Donholm, Embakasi east, Nairobi",2025-02-10 00:00:00+00:00,daily,airqo,-1.292882176877726,36.89724958260057,36.33381963410364,29.91895308123249,3.1
"Donholm, Embakasi east, Nairobi",2025-02-11 00:00:00+00:00,daily,airqo,-1.292882176877726,36.89724958260057,29.703335571835574,46.73023336385836,6.21
"Donholm, Embakasi east, Nairobi",2025-02-12 00:00:00+00:00,daily,airqo,-1.292882176877726,36.89724958260057,30.149380787037035,47.49587603557504,5.39
"Donholm, Embakasi east, Nairobi",2025-02-13 00:00:00+00:00,daily,airqo,-1.292882176877726,36.89724958260057,28.30345513722603,54.62929364855991,4.06
"Donholm, Embakasi east, Nairobi",2025-02-14 00:00:00+00:00,daily,airqo,-1.292882176877726,36.89724958260057,33.856181722670044,34.59898218213312,4.45
"Donholm, Embakasi east, Nairobi",2025-02-15 00:00:00+00:00,daily,airqo,-1.292882176877726,36.89724958260057,39.022485265451216,23.865929344398577,3.14
"Donholm, Embakasi east, Nairobi",2025-02-16 00:00:00+00:00,daily,airqo,-1.292882176877726,36.89724958260057,33.86926376435561,36.864332425576656,13.7
"Donholm, Embakasi east, Nairobi",2025-02-17 00:00:00+00:00,daily,airqo,-1.292882176877726,36.89724958260057,30.850350128461823,44.629263749852505,13.5
"Donholm, Embakasi east, Nairobi",2025-02-18 00:00:00+00:00,daily,airqo,-1.292882176877726,36.89724958260057,34.91513275613423,27.528338936923284,14.09
"Donholm, Embakasi east, Nairobi",2025-02-19 00:00:00+00:00,daily,airqo,-1.292882176877726,36.89724958260057,35.96457532267116,25.592810227272725,13.82
"Donholm, Embakasi east, Nairobi",2025-02-20 00:00:00+00:00,daily,airqo,-1.292882176877726,36.89724958260057,34.8189045456858,28.523596166564914,13.87
"Donholm, Embakasi east, Nairobi",2025-02-21 00:00:00+00:00,daily,airqo,-1.292882176877726,36.89724958260057,35.94465745192308,21.803692708333333,14.63
"Donholm, Embakasi east, Nairobi",2025-02-22 00:00:00+00:00,daily,airqo,-1.292882176877726,36.89724958260057,32.02781280326796,30.74148024662535,14.05
"Donholm, Embakasi east, Nairobi",2025-02-23 00:00:00+00:00,daily,airqo,-1.292882176877726,36.89724958260057,33.8629607599406,27.930931229619432,13.74
"Donholm, Embakasi east, Nairobi",2025-02-24 00:00:00+00:00,daily,airqo,-1.292882176877726,36.89724958260057,33.66452325637325,30.32602991822992,13.95
"Donholm, Embakasi east, Nairobi",2025-02-25 00:00:00+00:00,daily,airqo,-1.292882176877726,36.89724958260057,33.13518989592692,34.93085240205287,13.96
"Donholm, Embakasi east, Nairobi",2025-02-26 00:00:00+00:00,daily,airqo,-1.292882176877726,36.89724958260057,35.025728135253594,27.558025760355,14.1
"Donholm, Embakasi east, Nairobi",2025-02-27 00:00:00+00:00,daily,airqo,-1.292882176877726,36.89724958260057,34.23385951295723,23.71450728127509,14.97
"Donholm, Embakasi east, Nairobi",2025-02-28 00:00:00+00:00,daily,airqo,-1.292882176877726,36.89724958260057,29.574061350190487,35.315330381259585,22.89
"Donholm, Embakasi east, Nairobi",2025-03-01 00:00:00+00:00,daily,airqo,-1.292882176877726,36.89724958260057,27.06706635444535,46.51729400567871,22.31
"Donholm, Embakasi east, Nairobi",2025-03-02 00:00:00+00:00,daily,airqo,-1.292882176877726,36.89724958260057,26.73389467336642,50.63291010000491,17.61
"Donholm, Embakasi east, Nairobi",2025-03-03 00:00:00+00:00,daily,airqo,-1.292882176877726,36.89724958260057,19.38,78.66466666666666,14.66
"Donholm, Embakasi east, Nairobi",2025-03-04 00:00:00+00:00,daily,airqo,-1.292882176877726,36.89724958260057,27.89855665996777,47.05834758206145,16.02
"Donholm, Embakasi east, Nairobi",2025-03-05 00:00:00+00:00,daily,airqo,-1.292882176877726,36.89724958260057,26.830541482068448,51.1563632986501,31.34
"Donholm, Embakasi east, Nairobi",2025-03-06 00:00:00+00:00,daily,airqo,-1.292882176877726,36.89724958260057,26.73257949719118,49.65011407523023,33.88
"Donholm, Embakasi east, Nairobi",2025-03-07 00:00:00+00:00,daily,airqo,-1.292882176877726,36.89724958260057,27.345537424781032,53.980883557005136,42.39
"Donholm, Embakasi east, Nairobi",2025-03-08 00:00:00+00:00,daily,airqo,-1.292882176877726,36.89724958260057,26.977426703918056,57.5621546546822,30.0
"Donholm, Embakasi east, Nairobi",2025-03-09 00:00:00+00:00,daily,airqo,-1.292882176877726,36.89724958260057,25.852591147206105,65.35045075290303,30.56
"Donholm, Embakasi east, Nairobi",2025-03-10 00:00:00+00:00,daily,airqo,-1.292882176877726,36.89724958260057,21.64822194862626,81.82231574667586,31.98
"Donholm, Embakasi east, Nairobi",2025-03-11 00:00:00+00:00,daily,airqo,-1.292882176877726,36.89724958260057,24.63267213316354,69.22361254701597,32.57
"Donholm, Embakasi east, Nairobi",2025-03-12 00:00:00+00:00,daily,airqo,-1.292882176877726,36.89724958260057,22.318507915537666,78.11796605427814,25.69
"Donholm, Embakasi east, Nairobi",2025-03-13 00:00:00+00:00,daily,airqo,-1.292882176877726,36.89724958260057,20.590955409356724,86.52623912646199,14.98
"Donholm, Embakasi east, Nairobi",2025-03-14 00:00:00+00:00,daily,airqo,-1.292882176877726,36.89724958260057,18.09860836988304,84.70251096491228,33.93
"Donholm, Embakasi east, Nairobi",2025-03-15 00:00:00+00:00,daily,airqo,-1.292882176877726,36.89724958260057,26.158810333565203,53.26262378346347,31.03
"Donholm, Embakasi east, Nairobi",2025-03-16 00:00:00+00:00,daily,airqo,-1.292882176877726,36.89724958260057,25.819120249305865,59.69026531606795,17.56
"Donholm, Embakasi east, Nairobi",2025-03-17 00:00:00+00:00,daily,airqo,-1.292882176877726,36.89724958260057,24.275889959971227,66.94041610017878,24.96
"Donholm, Embakasi east, Nairobi",2025-03-18 00:00:00+00:00,daily,airqo,-1.292882176877726,36.89724958260057,23.30362979015703,72.7362831860316,22.07
"Donholm, Embakasi east, Nairobi",2025-03-19 00:00:00+00:00,daily,airqo,-1.292882176877726,36.89724958260057,22.96255224514048,75.30892448674048,19.11
"Donholm, Embakasi east, Nairobi",2025-03-20 00:00:00+00:00,daily,airqo,-1.292882176877726,36.89724958260057,21.682990116832272,72.15186474485768,14.62
"Donholm, Embakasi east, Nairobi",2025-03-21 00:00:00+00:00,daily,airqo,-1.292882176877726,36.89724958260057,24.88313650011065,65.17616356872682,17.89
"Donholm, Embakasi east, Nairobi",2025-03-22 00:00:00+00:00,daily,airqo,-1.292882176877726,36.89724958260057,24.401781544086933,68.21659829618982,23.72
"Donholm, Embakasi east, Nairobi",2025-03-23 00:00:00+00:00,daily,airqo,-1.292882176877726,36.89724958260057,23.7441544916724,70.3079448085082,23.7
"Donholm, Embakasi east, Nairobi",2025-03-24 00:00:00+00:00,daily,airqo,-1.292882176877726,36.89724958260057,23.858664158027647,70.27481004753044,26.49
"Donholm, Embakasi east, Nairobi",2025-03-25 00:00:00+00:00,daily,airqo,-1.292882176877726,36.89724958260057,24.36483460260534,68.82552715975787,21.57
"Donholm, Embakasi east, Nairobi",2025-03-26 00:00:00+00:00,daily,airqo,-1.292882176877726,36.89724958260057,22.89892327381511,69.8577381761184,22.69
"Donholm, Embakasi east, Nairobi",2025-03-27 00:00:00+00:00,daily,airqo,-1.292882176877726,36.89724958260057,22.2402661362251,77.40483426072146,22.24
"Donholm, Embakasi east, Nairobi",2025-03-28 00:00:00+00:00,daily,airqo,-1.292882176877726,36.89724958260057,21.98233915498924,78.18033044705122,16.64
"Donholm, Embakasi east, Nairobi",2025-03-29 00:00:00+00:00,daily,airqo,-1.292882176877726,36.89724958260057,23.15110018798449,74.81375567131714,14.64
"Donholm, Embakasi east, Nairobi",2025-03-30 00:00:00+00:00,daily,airqo,-1.292882176877726,36.89724958260057,24.07789369096227,73.35553227887412,14.95
"Donholm, Embakasi east, Nairobi",2025-03-31 00:00:00+00:00,daily,airqo,-1.292882176877726,36.89724958260057,22.02420506620928,79.65755911891836,22.87
"Donholm, Embakasi east, Nairobi",2025-04-01 00:00:00+00:00,daily,airqo,-1.292882176877726,36.89724958260057,24.13019627447136,68.52376647284659,15.23
"Donholm, Embakasi east, Nairobi",2025-04-02 00:00:00+00:00,daily,airqo,-1.292882176877726,36.89724958260057,24.964087678559444,66.67510291113324,17.95
"Donholm, Embakasi east, Nairobi",2025-04-03 00:00:00+00:00,daily,airqo,-1.292882176877726,36.89724958260057,24.29143780487023,73.0105722390621,18.42
"Donholm, Embakasi east, Nairobi",2025-04-04 00:00:00+00:00,daily,airqo,-1.292882176877726,36.89724958260057,24.396223309725222,71.37957390116465,16.12
"Donholm, Embakasi east, Nairobi",2025-04-05 00:00:00+00:00,daily,airqo,-1.292882176877726,36.89724958260057,23.56713036961543,74.91019238339882,17.4
"Donholm, Embakasi east, Nairobi",2025-04-06 00:00:00+00:00,daily,airqo,-1.292882176877726,36.89724958260057,21.449620245455243,82.52748192904083,16.03
"Donholm, Embakasi east, Nairobi",2025-04-07 00:00:00+00:00,daily,airqo,-1.292882176877726,36.89724958260057,17.782846256684493,95.4328119986631,16.22
"Donholm, Embakasi east, Nairobi",2025-04-08 00:00:00+00:00,daily,airqo,-1.292882176877726,36.89724958260057,25.75999810681952,63.79163867256688,25.69
"Donholm, Embakasi east, Nairobi",2025-04-09 00:00:00+00:00,daily,airqo,-1.292882176877726,36.89724958260057,24.61621804545916,68.61554083645811,19.44
"Donholm, Embakasi east, Nairobi",2025-04-10 00:00:00+00:00,daily,airqo,-1.292882176877726,36.89724958260057,21.2311871853207,81.08911544234918,17.15
"Donholm, Embakasi east, Nairobi",2025-04-11 00:00:00+00:00,daily,airqo,-1.292882176877726,36.89724958260057,22.841692722410603,73.96694130137435,18.05
"Donholm, Embakasi east, Nairobi",2025-04-12 00:00:00+00:00,daily,airqo,-1.292882176877726,36.89724958260057,23.594617026635213,73.90772321599205,22.66
"Donholm, Embakasi east, Nairobi",2025-04-13 00:00:00+00:00,daily,airqo,-1.292882176877726,36.89724958260057,22.788153170916747,76.4480426708267,17.63
"Donholm, Embakasi east, Nairobi",2025-04-14 00:00:00+00:00,daily,airqo,-1.292882176877726,36.89724958260057,23.314352319787936,73.69670610091802,22.33
"Donholm, Embakasi east, Nairobi",2025-04-15 00:00:00+00:00,daily,airqo,-1.292882176877726,36.89724958260057,18.551123680241325,94.28206699346404,35.47
"Donholm, Embakasi east, Nairobi",2025-04-16 00:00:00+00:00,daily,airqo,-1.292882176877726,36.89724958260057,25.43896345816272,65.83478249302463,13.45
"Donholm, Embakasi east, Nairobi",2025-04-17 00:00:00+00:00,daily,airqo,-1.292882176877726,36.89724958260057,24.93255308616205,67.29764523535833,25.46
"Donholm, Embakasi east, Nairobi",2025-04-18 00:00:00+00:00,daily,airqo,-1.292882176877726,36.89724958260057,25.05331509690238,68.3621185462503,22.62
"Donholm, Embakasi east, Nairobi",2025-04-19 00:00:00+00:00,daily,airqo,-1.292882176877726,36.89724958260057,22.72998192892717,74.8507231775624,24.14
"Donholm, Embakasi east, Nairobi",2025-04-20 00:00:00+00:00,daily,airqo,-1.292882176877726,36.89724958260057,22.541367712582108,75.65347067832981,17.33
"Donholm, Embakasi east, Nairobi",2025-04-21 00:00:00+00:00,daily,airqo,-1.292882176877726,36.89724958260057,23.136802505797643,76.74469747757891,19.15
"Donholm, Embakasi east, Nairobi",2025-04-22 00:00:00+00:00,daily,airqo,-1.292882176877726,36.89724958260057,23.18672915760476,77.18490131025587,20.42
"Donholm, Embakasi east, Nairobi",2025-04-23 00:00:00+00:00,daily,airqo,-1.292882176877726,36.89724958260057,20.539618477733995,84.08127735616678,21.61
"Donholm, Embakasi east, Nairobi",2025-04-24 00:00:00+00:00,daily,airqo,-1.292882176877726,36.89724958260057,22.31863641972287,75.98411637814407,27.66
"Donholm, Embakasi east, Nairobi",2025-04-25 00:00:00+00:00,daily,airqo,-1.292882176877726,36.89724958260057,22.06830127511097,75.7679522018883,18.7
"Donholm, Embakasi east, Nairobi",2025-04-26 00:00:00+00:00,daily,airqo,-1.292882176877726,36.89724958260057,23.89427345528855,67.69968493333006,23.64
"Donholm, Embakasi east, Nairobi",2025-04-27 00:00:00+00:00,daily,airqo,-1.292882176877726,36.89724958260057,24.35429728078366,66.86172872049404,14.61
"Donholm, Embakasi east, Nairobi",2025-04-28 00:00:00+00:00,daily,airqo,-1.292882176877726,36.89724958260057,24.60144619261775,66.51376039685663,17.4
"Donholm, Embakasi east, Nairobi",2025-04-29 00:00:00+00:00,daily,airqo,-1.292882176877726,36.89724958260057,24.639315470047663,70.56592165222305,9.48
"Donholm, Embakasi east, Nairobi",2025-04-30 00:00:00+00:00,daily,airqo,-1.292882176877726,36.89724958260057,23.845460439959044,69.73091718223203,25.85
"Donholm, Embakasi east, Nairobi",2025-05-01 00:00:00+00:00,daily,airqo,-1.292882176877726,36.89724958260057,23.9974622085879,68.5777929146493,22.01
"Donholm, Embakasi east, Nairobi",2025-05-02 00:00:00+00:00,daily,airqo,-1.292882176877726,36.89724958260057,17.465250000000005,92.990375,31.17
"Donholm, Embakasi east, Nairobi",2025-05-03 00:00:00+00:00,daily,airqo,-1.292882176877726,36.89724958260057,26.76722571651005,60.42976776791049,19.94
"Donholm, Embakasi east, Nairobi",2025-05-04 00:00:00+00:00,daily,airqo,-1.292882176877726,36.89724958260057,24.225235727537264,69.2015415584641,15.44
"Donholm, Embakasi east, Nairobi",2025-05-05 00:00:00+00:00,daily,airqo,-1.292882176877726,36.89724958260057,22.8348118998418,74.18990760786022,25.01
"Donholm, Embakasi east, Nairobi",2025-05-06 00:00:00+00:00,daily,airqo,-1.292882176877726,36.89724958260057,20.72857151964524,82.52648750259065,15.81
"Donholm, Embakasi east, Nairobi",2025-05-07 00:00:00+00:00,daily,airqo,-1.292882176877726,36.89724958260057,22.67598610773257,75.22898610834685,15.26
"Donholm, Embakasi east, Nairobi",2025-05-08 00:00:00+00:00,daily,airqo,-1.292882176877726,36.89724958260057,17.323896959593554,93.50838771135982,10.93
"Donholm, Embakasi east, Nairobi",2025-05-09 00:00:00+00:00,daily,airqo,-1.292882176877726,36.89724958260057,23.93101263712113,69.8318173135726,18.36
"Donholm, Embakasi east, Nairobi",2025-05-10 00:00:00+00:00,daily,airqo,-1.292882176877726,36.89724958260057,22.58222988087434,76.107179148698,15.4
"Donholm, Embakasi east, Nairobi",2025-05-11 00:00:00+00:00,daily,airqo,-1.292882176877726,36.89724958260057,22.10605582137161,79.86386496544391,16.25
"Donholm, Embakasi east, Nairobi",2025-05-12 00:00:00+00:00,daily,airqo,-1.292882176877726,36.89724958260057,23.14587803577572,72.59318226694187,17.52
"Donholm, Embakasi east, Nairobi",2025-05-13 00:00:00+00:00,daily,airqo,-1.292882176877726,36.89724958260057,21.205675471823497,83.41036815523658,21.46
"Donholm, Embakasi east, Nairobi",2025-05-14 00:00:00+00:00,daily,airqo,-1.292882176877726,36.89724958260057,22.541196829793783,72.58110080024623,17.75
"Donholm, Embakasi east, Nairobi",2025-05-15 00:00:00+00:00,daily,airqo,-1.292882176877726,36.89724958260057,22.60549362041468,72.65514367357788,14.23
"Donholm, Embakasi east, Nairobi",2025-05-16 00:00:00+00:00,daily,airqo,-1.292882176877726,36.89724958260057,23.18137502848029,69.1398081187818,23.0
"Donholm, Embakasi east, Nairobi",2025-05-17 00:00:00+00:00,daily,airqo,-1.292882176877726,36.89724958260057,23.23607511467181,69.18842192426096,20.49
"Donholm, Embakasi east, Nairobi",2025-05-18 00:00:00+00:00,daily,airqo,-1.292882176877726,36.89724958260057,23.41026782768888,70.91523556755136,19.44
"Donholm, Embakasi east, Nairobi",2025-05-19 00:00:00+00:00,daily,airqo,-1.292882176877726,36.89724958260057,23.074227930247453,72.11475653809185,16.33
"Donholm, Embakasi east, Nairobi",2025-05-20 00:00:00+00:00,daily,airqo,-1.292882176877726,36.89724958260057,19.198740740740742,89.66581481481482,7.12
"Donholm, Embakasi east, Nairobi",2025-05-21 00:00:00+00:00,daily,airqo,-1.292882176877726,36.89724958260057,24.75305646369359,65.18622682539052,25.66
"Donholm, Embakasi east, Nairobi",2025-05-22 00:00:00+00:00,daily,airqo,-1.292882176877726,36.89724958260057,22.78110930512556,73.64585371517029,25.19
"Donholm, Embakasi east, Nairobi",2025-05-23 00:00:00+00:00,daily,airqo,-1.292882176877726,36.89724958260057,18.03166666666668,91.85801282051284,10.4
"Donholm, Embakasi east, Nairobi",2025-05-24 00:00:00+00:00,daily,airqo,-1.292882176877726,36.89724958260057,24.135811069933297,63.5854098244186,18.43
"Donholm, Embakasi east, Nairobi",2025-05-25 00:00:00+00:00,daily,airqo,-1.292882176877726,36.89724958260057,22.58024086939012,67.91815365922305,18.53
"Donholm, Embakasi east, Nairobi",2025-05-26 00:00:00+00:00,daily,airqo,-1.292882176877726,36.89724958260057,23.148990882908524,66.08235693390662,17.95
"Donholm, Embakasi east, Nairobi",2025-05-27 00:00:00+00:00,daily,airqo,-1.292882176877726,36.89724958260057,21.89597365770519,71.46421308703587,24.39
"Donholm, Embakasi east, Nairobi",2025-05-28 00:00:00+00:00,daily,airqo,-1.292882176877726,36.89724958260057,23.11870792378778,66.7130864618856,17.47
"Donholm, Embakasi east, Nairobi",2025-05-29 00:00:00+00:00,daily,airqo,-1.292882176877726,36.89724958260057,22.80087890020442,67.37521630215085,17.93
"Donholm, Embakasi east, Nairobi",2025-05-30 00:00:00+00:00,daily,airqo,-1.292882176877726,36.89724958260057,22.77401904306482,59.27677847978308,16.96
"Donholm, Embakasi east, Nairobi",2025-05-31 00:00:00+00:00,daily,airqo,-1.292882176877726,36.89724958260057,22.33049988906651,60.951836022459474,23.27
"Donholm, Embakasi east, Nairobi",2025-06-01 00:00:00+00:00,daily,airqo,-1.292882176877726,36.89724958260057,22.11186057025149,67.74337950589593,25.03
"Donholm, Embakasi east, Nairobi",2025-06-02 00:00:00+00:00,daily,airqo,-1.292882176877726,36.89724958260057,23.33109820195589,65.1821494435744,26.81
"Donholm, Embakasi east, Nairobi",2025-06-03 00:00:00+00:00,daily,airqo,-1.292882176877726,36.89724958260057,22.77476894271934,66.86919747455292,20.53
"Donholm, Embakasi east, Nairobi",2025-06-04 00:00:00+00:00,daily,airqo,-1.292882176877726,36.89724958260057,22.33476032939492,66.73159645940248,29.08
"Donholm, Embakasi east, Nairobi",2025-06-05 00:00:00+00:00,daily,airqo,-1.292882176877726,36.89724958260057,17.98990950226245,86.97904977375565,8.67
"Donholm, Embakasi east, Nairobi",2025-06-06 00:00:00+00:00,daily,airqo,-1.292882176877726,36.89724958260057,22.59845066881934,65.57043495217671,24.35
"Donholm, Embakasi east, Nairobi",2025-06-07 00:00:00+00:00,daily,airqo,-1.292882176877726,36.89724958260057,21.834218228992,67.77414157053155,21.06
"Donholm, Embakasi east, Nairobi",2025-06-08 00:00:00+00:00,daily,airqo,-1.292882176877726,36.89724958260057,22.536980113018096,67.43180604070064,23.44
"Donholm, Embakasi east, Nairobi",2025-06-09 00:00:00+00:00,daily,airqo,-1.292882176877726,36.89724958260057,21.3192197079257,74.41094393155987,22.89
"Donholm, Embakasi east, Nairobi",2025-06-10 00:00:00+00:00,daily,airqo,-1.292882176877726,36.89724958260057,23.34783609606124,58.81809199489737,19.37
"Donholm, Embakasi east, Nairobi",2025-06-11 00:00:00+00:00,daily,airqo,-1.292882176877726,36.89724958260057,22.762374861534195,66.29684686197712,17.37
"Donholm, Embakasi east, Nairobi",2025-06-12 00:00:00+00:00,daily,airqo,-1.292882176877726,36.89724958260057,22.248998626435444,67.44654610416704,25.74
"Donholm, Embakasi east, Nairobi",2025-06-13 00:00:00+00:00,daily,airqo,-1.292882176877726,36.89724958260057,21.985769479159188,57.97558330828958,24.59
"Donholm, Embakasi east, Nairobi",2025-06-14 00:00:00+00:00,daily,airqo,-1.292882176877726,36.89724958260057,21.875757398500472,60.1731930767769,29.27
"Donholm, Embakasi east, Nairobi",2025-06-15 00:00:00+00:00,daily,airqo,-1.292882176877726,36.89724958260057,21.252358803369965,59.939331046995655,26.67
"Donholm, Embakasi east, Nairobi",2025-06-16 00:00:00+00:00,daily,airqo,-1.292882176877726,36.89724958260057,21.396449575213275,63.31211834242951,19.86
"Donholm, Embakasi east, Nairobi",2025-06-17 00:00:00+00:00,daily,airqo,-1.292882176877726,36.89724958260057,22.1978685743185,66.6664658549406,18.6
"Donholm, Embakasi east, Nairobi",2025-06-18 00:00:00+00:00,daily,airqo,-1.292882176877726,36.89724958260057,23.114404901960786,63.78792674332891,26.8
"Donholm, Embakasi east, Nairobi",2025-06-19 00:00:00+00:00,daily,airqo,-1.292882176877726,36.89724958260057,22.678574936846083,67.24497855004574,24.17
"Donholm, Embakasi east, Nairobi",2025-06-20 00:00:00+00:00,daily,airqo,-1.292882176877726,36.89724958260057,20.343505873694507,80.95448823623016,27.06
"Donholm, Embakasi east, Nairobi",2025-06-21 00:00:00+00:00,daily,airqo,-1.292882176877726,36.89724958260057,21.24341759702286,76.0957995082403,59.45
"Donholm, Embakasi east, Nairobi",2025-06-22 00:00:00+00:00,daily,airqo,-1.292882176877726,36.89724958260057,22.279939098011027,70.90001327698903,35.65
"Donholm, Embakasi east, Nairobi",2025-06-23 00:00:00+00:00,daily,airqo,-1.292882176877726,36.89724958260057,21.24295244203132,70.87243905373099,28.52
"Donholm, Embakasi east, Nairobi",2025-06-24 00:00:00+00:00,daily,airqo,-1.292882176877726,36.89724958260057,15.095028127383676,89.25346586575132,21.66
"Donholm, Embakasi east, Nairobi",2025-06-25 00:00:00+00:00,daily,airqo,-1.292882176877726,36.89724958260057,22.36902246488816,65.44278683533427,26.98
"Donholm, Embakasi east, Nairobi",2025-06-26 00:00:00+00:00,daily,airqo,-1.292882176877726,36.89724958260057,21.150466708491848,75.70407167749038,26.37
"Donholm, Embakasi east, Nairobi",2025-06-27 00:00:00+00:00,daily,airqo,-1.292882176877726,36.89724958260057,23.757006511493486,66.25806814263717,23.15
"Donholm, Embakasi east, Nairobi",2025-06-28 00:00:00+00:00,daily,airqo,-1.292882176877726,36.89724958260057,21.004547357638213,72.3097486850628,40.9
"Donholm, Embakasi east, Nairobi",2025-06-29 00:00:00+00:00,daily,airqo,-1.292882176877726,36.89724958260057,16.57966666666666,86.47633333333334,68.05
"Donholm, Embakasi east, Nairobi",2025-06-30 00:00:00+00:00,daily,airqo,-1.292882176877726,36.89724958260057,21.17464957365189,64.56203047502893,29.51
"Donholm, Embakasi east, Nairobi",2025-07-01 00:00:00+00:00,daily,airqo,-1.292882176877726,36.89724958260057,23.17963701306931,59.172406023443536,25.7
"Donholm, Embakasi east, Nairobi",2025-07-02 00:00:00+00:00,daily,airqo,-1.292882176877726,36.89724958260057,22.34567117326831,63.56231068669033,30.22
"Donholm, Embakasi east, Nairobi",2025-07-03 00:00:00+00:00,daily,airqo,-1.292882176877726,36.89724958260057,21.776818397324224,68.43084747021997,36.26
"Donholm, Embakasi east, Nairobi",2025-07-04 00:00:00+00:00,daily,airqo,-1.292882176877726,36.89724958260057,22.73917179978154,64.37163430293396,29.93
"Donholm, Embakasi east, Nairobi",2025-07-05 00:00:00+00:00,daily,airqo,-1.292882176877726,36.89724958260057,20.08700478156175,78.32681234950121,31.43
"Donholm, Embakasi east, Nairobi",2025-07-06 00:00:00+00:00,daily,airqo,-1.292882176877726,36.89724958260057,22.659228496496816,67.6132814360562,25.97
"Donholm, Embakasi east, Nairobi",2025-07-07 00:00:00+00:00,daily,airqo,-1.292882176877726,36.89724958260057,20.88059036496699,74.14290360865485,26.02
"Donholm, Embakasi east, Nairobi",2025-07-08 00:00:00+00:00,daily,airqo,-1.292882176877726,36.89724958260057,20.497253948932045,72.41364837658615,29.33
"Donholm, Embakasi east, Nairobi",2025-07-09 00:00:00+00:00,daily,airqo,-1.292882176877726,36.89724958260057,20.5414619944469,64.2202563762347,21.27
"Donholm, Embakasi east, Nairobi",2025-07-10 00:00:00+00:00,daily,airqo,-1.292882176877726,36.89724958260057,22.03327763444559,60.62172170622635,37.62
"Donholm, Embakasi east, Nairobi",2025-07-11 00:00:00+00:00,daily,airqo,-1.292882176877726,36.89724958260057,20.871943965305423,67.53241659365837,25.37
"Donholm, Embakasi east, Nairobi",2025-07-12 00:00:00+00:00,daily,airqo,-1.292882176877726,36.89724958260057,22.913590706483056,63.94186670487567,20.78
"Donholm, Embakasi east, Nairobi",2025-07-13 00:00:00+00:00,daily,airqo,-1.292882176877726,36.89724958260057,21.17288159252621,67.20004587998635,29.33
"Donholm, Embakasi east, Nairobi",2025-07-14 00:00:00+00:00,daily,airqo,-1.292882176877726,36.89724958260057,22.644061896744752,62.67159502110186,21.21
"Donholm, Embakasi east, Nairobi",2025-07-15 00:00:00+00:00,daily,airqo,-1.292882176877726,36.89724958260057,21.74117010446593,63.60899861496277,35.01
"Donholm, Embakasi east, Nairobi",2025-07-16 00:00:00+00:00,daily,airqo,-1.292882176877726,36.89724958260057,21.435437801651148,66.92414571378586,38.2
"Donholm, Embakasi east, Nairobi",2025-07-17 00:00:00+00:00,daily,airqo,-1.292882176877726,36.89724958260057,23.280592591220994,62.57722398382673,29.16
"Donholm, Embakasi east, Nairobi",2025-07-18 00:00:00+00:00,daily,airqo,-1.292882176877726,36.89724958260057,22.025154947606573,68.05659602832894,31.11
"Donholm, Embakasi east, Nairobi",2025-07-19 00:00:00+00:00,daily,airqo,-1.292882176877726,36.89724958260057,21.500110179837,63.421503476879074,16.39
"Donholm, Embakasi east, Nairobi",2025-07-20 00:00:00+00:00,daily,airqo,-1.292882176877726,36.89724958260057,20.242751781091016,66.21166109029022,28.19
"Donholm, Embakasi east, Nairobi",2025-07-21 00:00:00+00:00,daily,airqo,-1.292882176877726,36.89724958260057,22.24575882802483,61.077094957117616,22.79
"Donholm, Embakasi east, Nairobi",2025-07-22 00:00:00+00:00,daily,airqo,-0.2720811954412419,7.764858975140212,19.926571791591567,68.6176564936482,46.55
"Donholm, Embakasi east, Nairobi",2025-07-23 00:00:00+00:00,daily,airqo,-0.3442088912466673,9.82329372004301,20.31432931607191,66.46365623687826,32.32
"Donholm, Embakasi east, Nairobi",2025-07-24 00:00:00+00:00,daily,airqo,-0.3232205442194315,9.224312395650143,23.178853870656823,56.17459570739002,38.79
"Donholm, Embakasi east, Nairobi",2025-07-25 00:00:00+00:00,daily,airqo,0.0,0.0,22.43796000856483,59.81234265840838,37.46
"Donholm, Embakasi east, Nairobi",2025-07-26 00:00:00+00:00,daily,airqo,0.0,0.0,22.55870188336243,56.108381654393646,20.78
"Donholm, Embakasi east, Nairobi",2025-07-27 00:00:00+00:00,daily,airqo,0.0,0.0,21.180108404871785,59.20006484677869,25.29
"Donholm, Embakasi east, Nairobi",2025-07-28 00:00:00+00:00,daily,airqo,0.0,0.0,21.96241461826296,58.44312765786477,35.68
"Donholm, Embakasi east, Nairobi",2025-07-29 00:00:00+00:00,daily,airqo,0.0,0.0,20.72115494050375,61.029273559509726,30.1
"Donholm, Embakasi east, Nairobi",2025-07-30 00:00:00+00:00,daily,airqo,0.0,0.0,22.179321150097465,54.8836323911631,27.76
"Donholm, Embakasi east, Nairobi",2025-07-31 00:00:00+00:00,daily,airqo,0.0,0.0,21.870075695775387,60.891601814995,34.51
"Donholm, Embakasi east, Nairobi",2025-08-01 00:00:00+00:00,daily,airqo,0.0,0.0,21.311087719298243,65.28401188155574,22.34
"Donholm, Embakasi east, Nairobi",2025-08-02 00:00:00+00:00,daily,airqo,0.0,0.0,22.689099651702787,61.78740116529068,27.77
"Donholm, Embakasi east, Nairobi",2025-08-03 00:00:00+00:00,daily,airqo,0.0,0.0,22.66559033315612,60.031537967393234,34.62
"Donholm, Embakasi east, Nairobi",2025-08-04 00:00:00+00:00,daily,airqo,0.0,0.0,22.613736192332684,53.73454028589994,27.55
"Donholm, Embakasi east, Nairobi",2025-08-05 00:00:00+00:00,daily,airqo,0.0,0.0,21.12798652192321,58.19366861818952,19.25
"Donholm, Embakasi east, Nairobi",2025-08-06 00:00:00+00:00,daily,airqo,0.0,0.0,23.319066728900523,58.03032294114011,12.39
"Donholm, Embakasi east, Nairobi",2025-08-07 00:00:00+00:00,daily,airqo,0.0,0.0,22.82893121297658,63.83958919329103,43.23
"Donholm, Embakasi east, Nairobi",2025-08-08 00:00:00+00:00,daily,airqo,0.0,0.0,22.3240263103292,63.88683239962651,32.28
"Donholm, Embakasi east, Nairobi",2025-08-09 00:00:00+00:00,daily,airqo,0.0,0.0,20.83500992299754,68.76330614810027,32.7
"Donholm, Embakasi east, Nairobi",2025-08-10 00:00:00+00:00,daily,airqo,0.0,0.0,23.280257699201563,56.65280087990875,27.14
"Donholm, Embakasi east, Nairobi",2025-08-11 00:00:00+00:00,daily,airqo,0.0,0.0,21.043612107139506,64.93290854598618,23.32
"Donholm, Embakasi east, Nairobi",2025-08-12 00:00:00+00:00,daily,airqo,0.0,0.0,21.337875158467263,63.95296742730954,41.49
"Donholm, Embakasi east, Nairobi",2025-08-13 00:00:00+00:00,daily,airqo,0.0,0.0,22.85358173756832,55.06399011007912,26.08
"Donholm, Embakasi east, Nairobi",2025-08-14 00:00:00+00:00,daily,airqo,0.0,0.0,23.645087076666027,54.03353109494384,38.91
"Donholm, Embakasi east, Nairobi",2025-08-15 00:00:00+00:00,daily,airqo,0.0,0.0,22.66631979846417,62.97679621525434,21.33
"Donholm, Embakasi east, Nairobi",2025-08-16 00:00:00+00:00,daily,airqo,0.0,0.0,21.71000314992025,71.70099871079213,19.9
"Donholm, Embakasi east, Nairobi",2025-08-17 00:00:00+00:00,daily,airqo,0.0,0.0,20.87411972914743,79.36228531855956,26.55
"Donholm, Embakasi east, Nairobi",2025-08-18 00:00:00+00:00,daily,airqo,0.0,0.0,17.045454545454547,95.26272727272728,14.07
"Donholm, Embakasi east, Nairobi",2025-08-19 00:00:00+00:00,daily,airqo,0.0,0.0,19.43379800194932,75.79685428849902,30.59
"Donholm, Embakasi east, Nairobi",2025-08-20 00:00:00+00:00,daily,airqo,0.0,0.0,20.66373297875156,66.35787023218344,30.7
"Donholm, Embakasi east, Nairobi",2025-08-21 00:00:00+00:00,daily,airqo,0.0,0.0,20.02573916408669,70.21640648434813,54.26
"Donholm, Embakasi east, Nairobi",2025-08-22 00:00:00+00:00,daily,airqo,0.0,0.0,20.671677201582387,63.56460408496732,38.04
"Donholm, Embakasi east, Nairobi",2025-08-23 00:00:00+00:00,daily,airqo,0.0,0.0,19.67671529464688,66.98120310391363,33.29
"Donholm, Embakasi east, Nairobi",2025-08-24 00:00:00+00:00,daily,airqo,0.0,0.0,22.364259618344107,63.8243216374269,29.89
"Donholm, Embakasi east, Nairobi",2025-08-25 00:00:00+00:00,daily,airqo,0.0,0.0,17.18771929824561,86.94,30.14
"Donholm, Embakasi east, Nairobi",2025-08-26 00:00:00+00:00,daily,airqo,0.0,0.0,22.79236457371499,59.89456848261004,22.37
"Donholm, Embakasi east, Nairobi",2025-08-27 00:00:00+00:00,daily,airqo,0.0,0.0,23.18960798822453,59.64698615586586,30.87
"Donholm, Embakasi east, Nairobi",2025-08-28 00:00:00+00:00,daily,airqo,0.0,0.0,22.64123072833599,58.54465045188729,30.36
"Donholm, Embakasi east, Nairobi",2025-08-29 00:00:00+00:00,daily,airqo,0.0,0.0,22.11899880732533,59.17649369036627,33.42
"Donholm, Embakasi east, Nairobi",2025-08-30 00:00:00+00:00,daily,airqo,0.0,0.0,22.544294994021,51.965227161039856,26.55
"Donholm, Embakasi east, Nairobi",2025-08-31 00:00:00+00:00,daily,airqo,0.0,0.0,22.099761533463287,59.72974296853244,26.45
"Donholm, Embakasi east, Nairobi",2025-09-01 00:00:00+00:00,daily,airqo,0.0,0.0,23.438286006683377,53.287042293233085,21.99
"Donholm, Embakasi east, Nairobi",2025-09-02 00:00:00+00:00,daily,airqo,0.0,0.0,22.579132971317183,56.784125174046224,36.28
"Donholm, Embakasi east, Nairobi",2025-09-03 00:00:00+00:00,daily,airqo,0.0,0.0,22.59201394826937,54.463636124625296,27.28
"Donholm, Embakasi east, Nairobi",2025-09-04 00:00:00+00:00,daily,airqo,0.0,0.0,22.123670052323792,61.40708672998285,38.06
"Donholm, Embakasi east, Nairobi",2025-09-05 00:00:00+00:00,daily,airqo,0.0,0.0,22.798684074770257,54.52474956324636,37.38
"Donholm, Embakasi east, Nairobi",2025-09-06 00:00:00+00:00,daily,airqo,0.0,0.0,15.34859133126935,72.34205882352941,25.08
"Donholm, Embakasi east, Nairobi",2025-09-07 00:00:00+00:00,daily,airqo,0.0,0.0,23.52331593519473,52.832874641669534,24.91
"Donholm, Embakasi east, Nairobi",2025-09-08 00:00:00+00:00,daily,airqo,0.0,0.0,24.00154904488111,57.38150630402082,37.41
"Donholm, Embakasi east, Nairobi",2025-09-09 00:00:00+00:00,daily,airqo,0.0,0.0,23.55671235380117,60.84019246528756,28.02
"Donholm, Embakasi east, Nairobi",2025-09-10 00:00:00+00:00,daily,airqo,0.0,0.0,23.6948388931596,60.76903439871225,25.28
"Donholm, Embakasi east, Nairobi",2025-09-11 00:00:00+00:00,daily,airqo,0.0,0.0,23.356687050443448,57.698478653418896,13.98
"Donholm, Embakasi east, Nairobi",2025-09-12 00:00:00+00:00,daily,airqo,0.0,0.0,23.77610291107672,56.37032288656691,12.76
"Donholm, Embakasi east, Nairobi",2025-09-13 00:00:00+00:00,daily,airqo,0.0,0.0,23.916647339345094,52.910367305109176,16.8
"Donholm, Embakasi east, Nairobi",2025-09-14 00:00:00+00:00,daily,airqo,0.0,0.0,25.36473967555628,50.96265048974345,17.44
"Donholm, Embakasi east, Nairobi",2025-09-15 00:00:00+00:00,daily,airqo,0.0,0.0,23.91651140043737,57.38084421931053,17.23
"Donholm, Embakasi east, Nairobi",2025-09-16 00:00:00+00:00,daily,airqo,0.0,0.0,24.214217955018263,56.64955307386113,20.98
"Donholm, Embakasi east, Nairobi",2025-09-17 00:00:00+00:00,daily,airqo,0.0,0.0,25.52295259502924,53.13688985853113,20.69
"Donholm, Embakasi east, Nairobi",2025-09-18 00:00:00+00:00,daily,airqo,0.0,0.0,24.215939271892967,62.98795899859944,26.84
"Donholm, Embakasi east, Nairobi",2025-09-19 00:00:00+00:00,daily,airqo,0.0,0.0,24.32911015357765,55.64147047505871,14.76
"Donholm, Embakasi east, Nairobi",2025-09-20 00:00:00+00:00,daily,airqo,0.0,0.0,23.315469350427776,56.71344794701097,8.32
"Donholm, Embakasi east, Nairobi",2025-09-21 00:00:00+00:00,daily,airqo,0.0,0.0,23.32777874465576,55.08231400130228,12.41
"Donholm, Embakasi east, Nairobi",2025-09-22 00:00:00+00:00,daily,airqo,0.0,0.0,16.634816176470586,82.41680147058824,18.21
"Donholm, Embakasi east, Nairobi",2025-09-23 00:00:00+00:00,daily,airqo,0.0,0.0,26.644545971410007,44.54891967186485,13.6
"Donholm, Embakasi east, Nairobi",2025-09-24 00:00:00+00:00,daily,airqo,0.0,0.0,23.702349636992377,52.12152083899118,15.28
"Donholm, Embakasi east, Nairobi",2025-09-25 00:00:00+00:00,daily,airqo,0.0,0.0,22.85947911768585,64.80480714589622,29.59
"Donholm, Embakasi east, Nairobi",2025-09-26 00:00:00+00:00,daily,airqo,0.0,0.0,22.732571838846344,70.45838899978274,41.28
"Donholm, Embakasi east, Nairobi",2025-09-27 00:00:00+00:00,daily,airqo,0.0,0.0,24.24096443388777,58.085977316972674,29.03
"Donholm, Embakasi east, Nairobi",2025-09-28 00:00:00+00:00,daily,airqo,0.0,0.0,23.91972594896685,56.439780480613294,19.3
"Donholm, Embakasi east, Nairobi",2025-09-29 00:00:00+00:00,daily,airqo,0.0,0.0,24.95265622696447,57.7487493826478,19.05
"Donholm, Embakasi east, Nairobi",2025-09-30 00:00:00+00:00,daily,airqo,0.0,0.0,27.36018002302136,49.14881800428674,20.17
"Donholm, Embakasi east, Nairobi",2025-10-01 00:00:00+00:00,daily,airqo,0.0,0.0,29.546861853832443,33.8851348781937,16.27
"Donholm, Embakasi east, Nairobi",2025-10-02 00:00:00+00:00,daily,airqo,0.0,0.0,21.55935185185185,50.86330687830688,11.8
"Donholm, Embakasi east, Nairobi",2025-10-03 00:00:00+00:00,daily,airqo,0.0,0.0,24.67709941520468,50.95808187134503,21.83
"Donholm, Embakasi east, Nairobi",2025-10-04 00:00:00+00:00,daily,airqo,0.0,0.0,22.02625204248366,78.15530231983143,18.55
"Donholm, Embakasi east, Nairobi",2025-10-05 00:00:00+00:00,daily,airqo,0.0,0.0,23.57633453344404,63.68671640110338,16.47
"Donholm, Embakasi east, Nairobi",2025-10-06 00:00:00+00:00,daily,airqo,0.0,0.0,17.73,76.69,15.44
"Donholm, Embakasi east, Nairobi",2025-10-07 00:00:00+00:00,daily,airqo,0.0,0.0,23.85465686274509,55.84029411764706,13.42
"Donholm, Embakasi east, Nairobi",2025-10-08 00:00:00+00:00,daily,airqo,0.0,0.0,22.7714736057716,64.32416367993032,9.09
"Donholm, Embakasi east, Nairobi",2025-10-09 00:00:00+00:00,daily,airqo,0.0,0.0,23.27640054881602,63.53855303261656,8.41
"Donholm, Embakasi east, Nairobi",2025-10-10 00:00:00+00:00,daily,airqo,0.0,0.0,23.549433713880287,60.47103058565532,15.02
"Donholm, Embakasi east, Nairobi",2025-10-11 00:00:00+00:00,daily,airqo,0.0,0.0,24.0129113985709,53.67463294298151,8.76
"Donholm, Embakasi east, Nairobi",2025-10-12 00:00:00+00:00,daily,airqo,0.0,0.0,24.186388752424044,54.57413674136321,8.41
"Donholm, Embakasi east, Nairobi",2025-10-13 00:00:00+00:00,daily,airqo,0.0,0.0,24.40623267482432,56.88573290610103,9.74
"Donholm, Embakasi east, Nairobi",2025-10-14 00:00:00+00:00,daily,airqo,0.0,0.0,24.52019162284797,55.02600474020017,10.86
"Donholm, Embakasi east, Nairobi",2025-10-15 00:00:00+00:00,daily,airqo,0.0,0.0,25.14389874242545,56.65047796763779,9.92
"Donholm, Embakasi east, Nairobi",2025-10-16 00:00:00+00:00,daily,airqo,0.0,0.0,24.911902990830374,59.3977910800424,10.26
"Donholm, Embakasi east, Nairobi",2025-10-17 00:00:00+00:00,daily,airqo,0.0,0.0,22.63293571824076,68.23027257160018,11.71
"Donholm, Embakasi east, Nairobi",2025-10-18 00:00:00+00:00,daily,airqo,0.0,0.0,23.637630188404646,60.215089767074176,11.9
"Donholm, Embakasi east, Nairobi",2025-10-19 00:00:00+00:00,daily,airqo,0.0,0.0,24.68778317730601,53.887755446502645,10.16
"Donholm, Embakasi east, Nairobi",2025-10-20 00:00:00+00:00,daily,airqo,0.0,0.0,16.030848484848484,80.14081818181818,13.08
"Donholm, Embakasi east, Nairobi",2025-10-21 00:00:00+00:00,daily,airqo,0.0,0.0,26.496904304398225,47.8635233805102,16.12
"Donholm, Embakasi east, Nairobi",2025-10-22 00:00:00+00:00,daily,airqo,0.0,0.0,23.10366267942584,57.18142648014371,21.62
"Donholm, Embakasi east, Nairobi",2025-10-23 00:00:00+00:00,daily,airqo,,,,,
"Donholm, Embakasi east, Nairobi",2025-10-24 00:00:00+00:00,daily,airqo,0.0,0.0,23.853158680675,70.19374159595613,15.79
"Donholm, Embakasi east, Nairobi",2025-10-25 00:00:00+00:00,daily,airqo,,,,,
"Donholm, Embakasi east, Nairobi",2025-10-26 00:00:00+00:00,daily,airqo,,,,,
"Donholm, Embakasi east, Nairobi",2025-10-27 00:00:00+00:00,daily,airqo,0.0,0.0,24.77316801614459,66.09770595735986,16.67
"Donholm, Embakasi east, Nairobi",2025-10-28 00:00:00+00:00,daily,airqo,0.0,0.0,23.354384518591868,77.89496829584878,12.81
"Donholm, Embakasi east, Nairobi",2025-10-29 00:00:00+00:00,daily,airqo,0.0,0.0,20.704181941317195,85.23967820230165,12.55
"Donholm, Embakasi east, Nairobi",2025-10-30 00:00:00+00:00,daily,airqo,0.0,0.0,23.046956075851394,76.337035984228,18.54
"Donholm, Embakasi east, Nairobi",2025-10-31 00:00:00+00:00,daily,airqo,0.0,0.0,22.97931411716733,70.86329816751261,15.09
"Donholm, Embakasi east, Nairobi",2025-11-01 00:00:00+00:00,daily,airqo,0.0,0.0,22.21853448794928,76.05668536230067,14.46
"Donholm, Embakasi east, Nairobi",2025-11-02 00:00:00+00:00,daily,airqo,0.0,0.0,24.438073695590887,65.03586208393791,9.25
"Donholm, Embakasi east, Nairobi",2025-11-03 00:00:00+00:00,daily,airqo,0.0,0.0,24.800433114181345,62.267202632514994,10.44
"Donholm, Embakasi east, Nairobi",2025-11-04 00:00:00+00:00,daily,airqo,0.0,0.0,24.458888436554844,60.80048738434768,10.53
"Donholm, Embakasi east, Nairobi",2025-11-05 00:00:00+00:00,daily,airqo,0.0,0.0,25.133698486727127,58.64505298927938,10.96
"Donholm, Embakasi east, Nairobi",2025-11-06 00:00:00+00:00,daily,airqo,0.0,0.0,25.4518107858153,61.9204624261498,10.53
"Donholm, Embakasi east, Nairobi",2025-11-07 00:00:00+00:00,daily,airqo,0.0,0.0,24.418505604753864,66.27732602422947,8.66
"Donholm, Embakasi east, Nairobi",2025-11-08 00:00:00+00:00,daily,airqo,0.0,0.0,24.52007147859144,66.21035739851497,8.39
"Donholm, Embakasi east, Nairobi",2025-11-09 00:00:00+00:00,daily,airqo,0.0,0.0,20.93541235011978,78.37460701521847,11.07
"Donholm, Embakasi east, Nairobi",2025-11-10 00:00:00+00:00,daily,airqo,0.0,0.0,24.0208313875989,66.67816138630891,15.19
"Donholm, Embakasi east, Nairobi",2025-11-11 00:00:00+00:00,daily,airqo,0.0,0.0,24.679566075917545,62.768775107168366,14.2
"Donholm, Embakasi east, Nairobi",2025-11-12 00:00:00+00:00,daily,airqo,0.0,0.0,24.69681635344196,62.997314913099736,13.2
"Donholm, Embakasi east, Nairobi",2025-11-13 00:00:00+00:00,daily,airqo,0.0,0.0,23.334066759182303,69.81239821740662,13.56
"Donholm, Embakasi east, Nairobi",2025-11-14 00:00:00+00:00,daily,airqo,0.0,0.0,23.42152698126034,70.66866024947991,13.34
"Donholm, Embakasi east, Nairobi",2025-11-15 00:00:00+00:00,daily,airqo,0.0,0.0,23.73722021591288,68.43913995568988,12.82
"Donholm, Embakasi east, Nairobi",2025-11-16 00:00:00+00:00,daily,airqo,0.0,0.0,24.25031120158365,64.93139024975713,12.73
"Donholm, Embakasi east, Nairobi",2025-11-17 00:00:00+00:00,daily,airqo,0.0,0.0,24.77054330783596,64.7973080518746,13.09
"Donholm, Embakasi east, Nairobi",2025-11-18 00:00:00+00:00,daily,airqo,0.0,0.0,18.95705882352941,87.92801470588236,10.05
"Donholm, Embakasi east, Nairobi",2025-11-19 00:00:00+00:00,daily,airqo,0.0,0.0,24.58992518059856,61.86981736723029,13.56
"Donholm, Embakasi east, Nairobi",2025-11-20 00:00:00+00:00,daily,airqo,0.0,0.0,23.566995334773583,64.99282045942533,13.59
"Donholm, Embakasi east, Nairobi",2025-11-21 00:00:00+00:00,daily,airqo,0.0,0.0,24.57187121354952,55.00380877011061,19.74
"Donholm, Embakasi east, Nairobi",2025-11-22 00:00:00+00:00,daily,airqo,0.0,0.0,24.56800177169028,58.248426719533605,17.93
"Donholm, Embakasi east, Nairobi",2025-11-23 00:00:00+00:00,daily,airqo,0.0,0.0,21.79158788900176,67.53192654796962,18.87
"Donholm, Embakasi east, Nairobi",2025-11-24 00:00:00+00:00,daily,airqo,0.0,0.0,24.81329952998902,59.962480438964505,14.67
"Donholm, Embakasi east, Nairobi",2025-11-25 00:00:00+00:00,daily,airqo,0.0,0.0,24.062926036653977,65.11870255751873,12.84
"Donholm, Embakasi east, Nairobi",2025-11-26 00:00:00+00:00,daily,airqo,0.0,0.0,23.049240303837458,65.5891302144407,13.57
"Donholm, Embakasi east, Nairobi",2025-11-27 00:00:00+00:00,daily,airqo,0.0,0.0,22.962135608629417,67.34834324373024,13.75
"Donholm, Embakasi east, Nairobi",2025-11-28 00:00:00+00:00,daily,airqo,0.0,0.0,24.5851936417842,62.77998171490818,13.76
"Donholm, Embakasi east, Nairobi",2025-11-29 00:00:00+00:00,daily,airqo,0.0,0.0,24.41583311687248,61.8342732648615,13.94
"Donholm, Embakasi east, Nairobi",2025-11-30 00:00:00+00:00,daily,airqo,0.0,0.0,24.08594781070323,57.68402851900995,14.18
"Donholm, Embakasi east, Nairobi",2025-12-01 00:00:00+00:00,daily,airqo,0.0,0.0,24.752628119317905,54.80256739397513,16.51
"Donholm, Embakasi east, Nairobi",2025-12-02 00:00:00+00:00,daily,airqo,0.0,0.0,24.7588183366914,55.539289604730776,14.65
"Donholm, Embakasi east, Nairobi",2025-12-03 00:00:00+00:00,daily,airqo,0.0,0.0,24.326589314088206,60.79169362481835,14.46
"Donholm, Embakasi east, Nairobi",2025-12-04 00:00:00+00:00,daily,airqo,0.0,0.0,25.07226286020481,60.091569050832206,13.7
"Donholm, Embakasi east, Nairobi",2025-12-05 00:00:00+00:00,daily,airqo,0.0,0.0,24.48919025387933,59.95819671143311,13.79
"Donholm, Embakasi east, Nairobi",2025-12-06 00:00:00+00:00,daily,airqo,0.0,0.0,24.53625486073309,60.04166423364217,13.96
"Donholm, Embakasi east, Nairobi",2025-12-07 00:00:00+00:00,daily,airqo,0.0,0.0,24.56497704920925,60.95315890089729,12.68
"Donholm, Embakasi east, Nairobi",2025-12-08 00:00:00+00:00,daily,airqo,0.0,0.0,23.3725984638491,67.1131660565677,13.26
"Donholm, Embakasi east, Nairobi",2025-12-09 00:00:00+00:00,daily,airqo,0.0,0.0,25.18311907824492,58.578942874589615,14.12
"Donholm, Embakasi east, Nairobi",2025-12-10 00:00:00+00:00,daily,airqo,0.0,0.0,27.54743149326307,53.928782029860976,13.62
"Donholm, Embakasi east, Nairobi",2025-12-11 00:00:00+00:00,daily,airqo,0.0,0.0,25.46131566064449,59.690677185011324,16.03
"Donholm, Embakasi east, Nairobi",2025-12-12 00:00:00+00:00,daily,airqo,0.0,0.0,24.386786566088425,64.43651183514342,12.97
"Donholm, Embakasi east, Nairobi",2025-12-13 00:00:00+00:00,daily,airqo,0.0,0.0,17.693421052631578,85.56847368421052,11.64
"Donholm, Embakasi east, Nairobi",2025-12-14 00:00:00+00:00,daily,airqo,,,,,
"Donholm, Embakasi east, Nairobi",2025-12-15 00:00:00+00:00,daily,airqo,0.0,0.0,24.03945280900911,66.43450988539459,13.58
"Donholm, Embakasi east, Nairobi",2025-12-16 00:00:00+00:00,daily,airqo,0.0,0.0,24.49129094181532,64.40549547889331,13.21
"Donholm, Embakasi east, Nairobi",2025-12-17 00:00:00+00:00,daily,airqo,0.0,0.0,25.533900341130604,59.87501709133945,12.9
"Donholm, Embakasi east, Nairobi",2025-12-18 00:00:00+00:00,daily,airqo,0.0,0.0,25.246731004232554,63.48821906198377,13.71
"Donholm, Embakasi east, Nairobi",2025-12-19 00:00:00+00:00,daily,airqo,0.0,0.0,23.83196760141304,70.7675048384536,18.08
"Donholm, Embakasi east, Nairobi",2025-12-20 00:00:00+00:00,daily,airqo,0.0,0.0,24.24031761184006,67.9362245073468,16.39
"Donholm, Embakasi east, Nairobi",2025-12-21 00:00:00+00:00,daily,airqo,0.0,0.0,21.15113259373925,82.36083784829722,17.77
"Donholm, Embakasi east, Nairobi",2025-12-22 00:00:00+00:00,daily,airqo,0.0,0.0,23.29705915933625,68.85839048601896,19.43
"Donholm, Embakasi east, Nairobi",2025-12-23 00:00:00+00:00,daily,airqo,0.0,0.0,24.352846380657525,65.21751068848592,19.33
"Donholm, Embakasi east, Nairobi",2025-12-24 00:00:00+00:00,daily,airqo,0.0,0.0,24.816787925696595,63.37737372843875,21.22
"Donholm, Embakasi east, Nairobi",2025-12-25 00:00:00+00:00,daily,airqo,0.0,0.0,25.907837928153715,60.53938735728209,15.91
"Donholm, Embakasi east, Nairobi",2025-12-26 00:00:00+00:00,daily,airqo,0.0,0.0,26.97522099366062,59.11144614804986,16.06
"Donholm, Embakasi east, Nairobi",2025-12-27 00:00:00+00:00,daily,airqo,0.0,0.0,25.99485835503792,64.15714159581961,16.62
"Donholm, Embakasi east, Nairobi",2025-12-28 00:00:00+00:00,daily,airqo,0.0,0.0,19.8090168207634,87.19064755200326,13.83
"Donholm, Embakasi east, Nairobi",2025-12-29 00:00:00+00:00,daily,airqo,0.0,0.0,23.143719233485,72.38939225992264,17.78
"Donholm, Embakasi east, Nairobi",2025-12-30 00:00:00+00:00,daily,airqo,0.0,0.0,24.585447440841527,66.70390582622709,15.44
"Donholm, Embakasi east, Nairobi",2025-12-31 00:00:00+00:00,daily,airqo,0.0,0.0,25.059468106540866,65.08435090995462,17.51
Drumvale Drive Kamulu,2025-07-01 00:00:00+00:00,daily,airqo,-1.2930498458078974,37.04164410105868,22.80254582409408,60.30042547322471,25.88
Drumvale Drive Kamulu,2025-07-02 00:00:00+00:00,daily,airqo,-1.2930498458078974,37.04164410105868,21.65238034871393,66.26813695063005,28.82
Drumvale Drive Kamulu,2025-07-03 00:00:00+00:00,daily,airqo,-1.2930498458078974,37.04164410105868,21.67295047120922,68.43636456772501,28.79
Drumvale Drive Kamulu,2025-07-04 00:00:00+00:00,daily,airqo,-1.2930498458078974,37.04164410105868,22.93914175879421,63.75933265475943,26.02
Drumvale Drive Kamulu,2025-07-05 00:00:00+00:00,daily,airqo,-1.2930498458078974,37.04164410105868,20.71336825396825,73.39811350479586,23.12
Drumvale Drive Kamulu,2025-07-06 00:00:00+00:00,daily,airqo,-1.2930498458078974,37.04164410105868,22.017392615525743,68.3667625272331,26.44
Drumvale Drive Kamulu,2025-07-07 00:00:00+00:00,daily,airqo,-1.2930498458078974,37.04164410105868,20.92277232408115,74.20291102905809,34.29
Drumvale Drive Kamulu,2025-07-08 00:00:00+00:00,daily,airqo,-1.2930498458078974,37.04164410105868,20.95897236842105,70.84986476608188,34.11
Drumvale Drive Kamulu,2025-07-09 00:00:00+00:00,daily,airqo,-1.2930498458078976,37.04164410105868,21.256555117501545,63.86655685683364,31.09
Drumvale Drive Kamulu,2025-07-10 00:00:00+00:00,daily,airqo,-1.2930498458078974,37.04164410105868,23.07185059276236,58.34639617463147,28.91
Drumvale Drive Kamulu,2025-07-11 00:00:00+00:00,daily,airqo,-1.2930498458078974,37.04164410105868,22.309839760385813,62.59271819700768,30.69
Drumvale Drive Kamulu,2025-07-12 00:00:00+00:00,daily,airqo,-1.2930498458078974,37.04164410105868,22.366692506959097,65.08281060591493,34.34
Drumvale Drive Kamulu,2025-07-13 00:00:00+00:00,daily,airqo,-1.2930498458078974,37.04164410105868,21.595875858050523,66.00502570486884,33.08
Drumvale Drive Kamulu,2025-07-14 00:00:00+00:00,daily,airqo,-1.2930498458078974,37.04164410105868,23.37670813397129,58.10651059466849,29.37
Drumvale Drive Kamulu,2025-07-15 00:00:00+00:00,daily,airqo,-1.2930498458078974,37.04164410105868,22.73052611220813,59.77121480838038,25.94
Drumvale Drive Kamulu,2025-07-16 00:00:00+00:00,daily,airqo,-1.2930498458078974,37.04164410105868,21.44975434846586,67.21158631094782,27.66
Drumvale Drive Kamulu,2025-07-17 00:00:00+00:00,daily,airqo,-1.2930498458078974,37.04164410105868,23.280820982938632,60.669581232493,32.24
Drumvale Drive Kamulu,2025-07-18 00:00:00+00:00,daily,airqo,-1.2930498458078974,37.04164410105868,21.944470454545456,66.58879433621934,23.78
Drumvale Drive Kamulu,2025-07-19 00:00:00+00:00,daily,airqo,-1.2930498458078974,37.04164410105868,21.55188985088985,61.99624506974507,15.52
Drumvale Drive Kamulu,2025-07-20 00:00:00+00:00,daily,airqo,-1.2930498458078974,37.04164410105868,20.33462630506748,64.45003475935829,37.44
Drumvale Drive Kamulu,2025-07-21 00:00:00+00:00,daily,airqo,-1.2930498458078974,37.04164410105868,22.499912837615284,59.54758078886694,36.05
Drumvale Drive Kamulu,2025-07-22 00:00:00+00:00,daily,airqo,-0.2381933926488232,6.823460755458178,21.037642019487222,64.8337337609433,36.82
Drumvale Drive Kamulu,2025-07-23 00:00:00+00:00,daily,airqo,-0.3017116306885094,8.643050290247025,20.654551587301587,64.3612996031746,35.04
Drumvale Drive Kamulu,2025-07-24 00:00:00+00:00,daily,airqo,-0.374303902733865,10.722581187148563,22.654858699779755,57.985622047543096,32.87
Drumvale Drive Kamulu,2025-07-25 00:00:00+00:00,daily,airqo,0.0,0.0,22.46832858773493,59.42188182912719,37.49
Drumvale Drive Kamulu,2025-07-26 00:00:00+00:00,daily,airqo,0.0,0.0,21.76439761156988,59.17506773416438,16.4
Drumvale Drive Kamulu,2025-07-27 00:00:00+00:00,daily,airqo,0.0,0.0,21.22679445298853,58.818355791941975,14.41
Drumvale Drive Kamulu,2025-07-28 00:00:00+00:00,daily,airqo,0.0,0.0,21.885048975814424,59.29733576451816,28.6
Drumvale Drive Kamulu,2025-07-29 00:00:00+00:00,daily,airqo,0.0,0.0,20.59491743786829,60.84038815454412,32.46
Drumvale Drive Kamulu,2025-07-30 00:00:00+00:00,daily,airqo,0.0,0.0,21.075984847177786,57.239779850016426,23.15
Drumvale Drive Kamulu,2025-07-31 00:00:00+00:00,daily,airqo,0.0,0.0,22.18781749829118,59.44949236728184,26.15
Drumvale Drive Kamulu,2025-08-01 00:00:00+00:00,daily,airqo,0.0,0.0,22.007019630992893,61.8780650045142,26.4
Drumvale Drive Kamulu,2025-08-02 00:00:00+00:00,daily,airqo,0.0,0.0,21.14874951638776,67.37150236060236,35.72
Drumvale Drive Kamulu,2025-08-03 00:00:00+00:00,daily,airqo,0.0,0.0,21.24906663271369,63.080544648162295,32.12
Drumvale Drive Kamulu,2025-08-04 00:00:00+00:00,daily,airqo,0.0,0.0,21.614354543361124,57.15325179584061,24.19
Drumvale Drive Kamulu,2025-08-05 00:00:00+00:00,daily,airqo,0.0,0.0,21.72753950516243,53.88122796524805,18.16
Drumvale Drive Kamulu,2025-08-06 00:00:00+00:00,daily,airqo,0.0,0.0,22.897936481107248,58.84011534353011,11.72
Drumvale Drive Kamulu,2025-08-07 00:00:00+00:00,daily,airqo,0.0,0.0,22.74478359222477,62.398002235982105,45.4
Drumvale Drive Kamulu,2025-08-08 00:00:00+00:00,daily,airqo,0.0,0.0,22.11374567099568,63.68065177147414,34.97
Drumvale Drive Kamulu,2025-08-09 00:00:00+00:00,daily,airqo,0.0,0.0,20.846070346320342,68.64395238095238,24.66
Drumvale Drive Kamulu,2025-08-10 00:00:00+00:00,daily,airqo,0.0,0.0,22.45744628616997,57.942701697425385,34.4
Drumvale Drive Kamulu,2025-08-11 00:00:00+00:00,daily,airqo,0.0,0.0,20.65491033063943,66.07532224947396,28.43
Drumvale Drive Kamulu,2025-08-12 00:00:00+00:00,daily,airqo,0.0,0.0,20.7792027972028,64.61468564768565,35.78
Drumvale Drive Kamulu,2025-08-13 00:00:00+00:00,daily,airqo,0.0,0.0,21.70681845656923,57.4912255371048,33.72
Drumvale Drive Kamulu,2025-08-14 00:00:00+00:00,daily,airqo,0.0,0.0,23.54574070872368,53.40250596410813,27.26
Drumvale Drive Kamulu,2025-08-15 00:00:00+00:00,daily,airqo,0.0,0.0,22.582697098558352,63.184961849957375,20.55
Drumvale Drive Kamulu,2025-08-16 00:00:00+00:00,daily,airqo,0.0,0.0,21.792035326411263,71.59929233798782,24.94
Drumvale Drive Kamulu,2025-08-17 00:00:00+00:00,daily,airqo,0.0,0.0,21.92591183023326,77.12526282645925,20.79
Drumvale Drive Kamulu,2025-08-18 00:00:00+00:00,daily,airqo,0.0,0.0,18.41579761904762,89.87804166666666,10.59
Drumvale Drive Kamulu,2025-08-19 00:00:00+00:00,daily,airqo,0.0,0.0,18.75380285629404,82.4424574243839,38.4
Drumvale Drive Kamulu,2025-08-20 00:00:00+00:00,daily,airqo,0.0,0.0,20.969575186387686,67.91531322150072,36.19
Drumvale Drive Kamulu,2025-08-21 00:00:00+00:00,daily,airqo,0.0,0.0,21.06472828633355,67.51312301149143,42.68
Drumvale Drive Kamulu,2025-08-22 00:00:00+00:00,daily,airqo,0.0,0.0,20.37668014304536,66.35986509975531,40.48
Drumvale Drive Kamulu,2025-08-23 00:00:00+00:00,daily,airqo,0.0,0.0,19.83440057574276,68.41900885340286,35.98
Drumvale Drive Kamulu,2025-08-24 00:00:00+00:00,daily,airqo,0.0,0.0,21.616714171123,67.27564736121721,26.29
Drumvale Drive Kamulu,2025-08-25 00:00:00+00:00,daily,airqo,0.0,0.0,22.12305721632087,64.60325554211583,49.14
Drumvale Drive Kamulu,2025-08-26 00:00:00+00:00,daily,airqo,0.0,0.0,21.87117939968528,63.851899596005126,32.57
Drumvale Drive Kamulu,2025-08-27 00:00:00+00:00,daily,airqo,0.0,0.0,23.289669931050568,60.873622405581045,32.5
Drumvale Drive Kamulu,2025-08-28 00:00:00+00:00,daily,airqo,0.0,0.0,22.676772343174378,59.42817722750982,28.93
Drumvale Drive Kamulu,2025-08-29 00:00:00+00:00,daily,airqo,0.0,0.0,21.79703813755689,61.71356966297592,25.27
Drumvale Drive Kamulu,2025-08-30 00:00:00+00:00,daily,airqo,0.0,0.0,22.66737328892083,52.29604225687884,31.5
Drumvale Drive Kamulu,2025-08-31 00:00:00+00:00,daily,airqo,0.0,0.0,18.55780683457956,75.3214945559491,26.02
Drumvale Drive Kamulu,2025-09-01 00:00:00+00:00,daily,airqo,0.0,0.0,23.60220252054709,52.2161370678838,39.13
Drumvale Drive Kamulu,2025-09-02 00:00:00+00:00,daily,airqo,0.0,0.0,22.472218614718614,56.6053296239708,29.36
Drumvale Drive Kamulu,2025-09-03 00:00:00+00:00,daily,airqo,0.0,0.0,22.866438199266103,54.66828204932187,32.22
Drumvale Drive Kamulu,2025-09-04 00:00:00+00:00,daily,airqo,0.0,0.0,21.634069076434404,63.05560172490048,45.91
Drumvale Drive Kamulu,2025-09-05 00:00:00+00:00,daily,airqo,0.0,0.0,23.13672437417655,53.614787680676805,24.98
Drumvale Drive Kamulu,2025-09-06 00:00:00+00:00,daily,airqo,0.0,0.0,23.65680627044913,52.108236837236845,32.84
Drumvale Drive Kamulu,2025-09-07 00:00:00+00:00,daily,airqo,0.0,0.0,22.338424485930737,57.51513641774892,43.9
Drumvale Drive Kamulu,2025-09-08 00:00:00+00:00,daily,airqo,0.0,0.0,23.1282531024531,59.67105689033188,27.06
Drumvale Drive Kamulu,2025-09-09 00:00:00+00:00,daily,airqo,0.0,0.0,23.423931295485914,61.109256472332014,28.02
Drumvale Drive Kamulu,2025-09-10 00:00:00+00:00,daily,airqo,0.0,0.0,24.05850173729779,58.97368158084605,30.81
Drumvale Drive Kamulu,2025-09-11 00:00:00+00:00,daily,airqo,0.0,0.0,23.0896107892652,57.71882708209546,13.01
Drumvale Drive Kamulu,2025-09-12 00:00:00+00:00,daily,airqo,0.0,0.0,22.854948110730906,58.49245057302699,12.83
Drumvale Drive Kamulu,2025-09-13 00:00:00+00:00,daily,airqo,0.0,0.0,23.53028992060571,52.3431631635908,12.99
Drumvale Drive Kamulu,2025-09-14 00:00:00+00:00,daily,airqo,0.0,0.0,24.679844391392923,52.01011316314405,15.21
Drumvale Drive Kamulu,2025-09-15 00:00:00+00:00,daily,airqo,0.0,0.0,23.2114251114082,58.82853192959002,14.18
Drumvale Drive Kamulu,2025-09-16 00:00:00+00:00,daily,airqo,0.0,0.0,24.549696037051184,55.1591191924497,15.62
Drumvale Drive Kamulu,2025-09-17 00:00:00+00:00,daily,airqo,0.0,0.0,25.290294736507043,52.95165881079705,27.57
Drumvale Drive Kamulu,2025-09-18 00:00:00+00:00,daily,airqo,0.0,0.0,23.947508727254856,64.3142810504425,14.84
Drumvale Drive Kamulu,2025-09-19 00:00:00+00:00,daily,airqo,0.0,0.0,25.20101605576441,52.88892301065162,9.29
Drumvale Drive Kamulu,2025-09-20 00:00:00+00:00,daily,airqo,0.0,0.0,24.04448124098124,55.19930750360751,4.94
Drumvale Drive Kamulu,2025-09-21 00:00:00+00:00,daily,airqo,0.0,0.0,23.33792770770896,54.62732413697414,3.31
Drumvale Drive Kamulu,2025-09-22 00:00:00+00:00,daily,airqo,0.0,0.0,22.895989283725186,61.66377448084497,16.62
Drumvale Drive Kamulu,2025-09-23 00:00:00+00:00,daily,airqo,0.0,0.0,25.66027442279942,48.53957768759018,16.64
Drumvale Drive Kamulu,2025-09-24 00:00:00+00:00,daily,airqo,0.0,0.0,23.324054150527832,53.58359557985874,13.27
Drumvale Drive Kamulu,2025-09-25 00:00:00+00:00,daily,airqo,0.0,0.0,23.50403668353705,63.90051108670741,19.89
Drumvale Drive Kamulu,2025-09-26 00:00:00+00:00,daily,airqo,0.0,0.0,23.24660638238339,69.19695833683092,32.3
Drumvale Drive Kamulu,2025-09-27 00:00:00+00:00,daily,airqo,0.0,0.0,23.668271103896103,60.07816385281385,55.95
Drumvale Drive Kamulu,2025-09-28 00:00:00+00:00,daily,airqo,0.0,0.0,23.445848893066,57.53878314536341,44.23
Drumvale Drive Kamulu,2025-09-29 00:00:00+00:00,daily,airqo,0.0,0.0,22.900335431716545,67.22930943282151,13.71
Drumvale Drive Kamulu,2025-09-30 00:00:00+00:00,daily,airqo,0.0,0.0,26.30462913557032,56.47193705314294,15.7
Drumvale Drive Kamulu,2025-10-01 00:00:00+00:00,daily,airqo,0.0,0.0,28.149824810606063,39.672078914141416,15.52
Drumvale Drive Kamulu,2025-10-02 00:00:00+00:00,daily,airqo,0.0,0.0,21.86837729978355,51.38502029220779,9.99
Drumvale Drive Kamulu,2025-10-03 00:00:00+00:00,daily,airqo,0.0,0.0,24.18038888888889,55.56489262371616,15.85
Drumvale Drive Kamulu,2025-10-04 00:00:00+00:00,daily,airqo,0.0,0.0,21.988698245614035,79.55874736842105,13.91
Drumvale Drive Kamulu,2025-10-05 00:00:00+00:00,daily,airqo,0.0,0.0,22.80218804053608,65.83512760247196,15.39
Drumvale Drive Kamulu,2025-10-06 00:00:00+00:00,daily,airqo,0.0,0.0,17.33,83.73666666666666,13.08
Drumvale Drive Kamulu,2025-10-07 00:00:00+00:00,daily,airqo,0.0,0.0,23.259545454545457,57.75704545454546,13.19
Drumvale Drive Kamulu,2025-10-08 00:00:00+00:00,daily,airqo,0.0,0.0,22.706446645021646,63.6262038961039,10.85
Drumvale Drive Kamulu,2025-10-09 00:00:00+00:00,daily,airqo,0.0,0.0,23.495217577953447,63.624373821287406,9.78
Drumvale Drive Kamulu,2025-10-10 00:00:00+00:00,daily,airqo,0.0,0.0,22.97391168056803,63.37425834257148,9.74
Drumvale Drive Kamulu,2025-10-11 00:00:00+00:00,daily,airqo,0.0,0.0,22.950551937441645,57.7981517925352,9.75
Drumvale Drive Kamulu,2025-10-12 00:00:00+00:00,daily,airqo,0.0,0.0,23.698558306277057,54.840294705988455,8.83
Drumvale Drive Kamulu,2025-10-13 00:00:00+00:00,daily,airqo,0.0,0.0,23.888243942168945,57.83762082639582,10.88
Drumvale Drive Kamulu,2025-10-14 00:00:00+00:00,daily,airqo,0.0,0.0,23.62735222347097,56.49197053710179,11.04
Drumvale Drive Kamulu,2025-10-15 00:00:00+00:00,daily,airqo,0.0,0.0,23.5203975888685,59.84943017232075,11.0
Drumvale Drive Kamulu,2025-10-16 00:00:00+00:00,daily,airqo,0.0,0.0,23.5921305916306,61.00216475468976,10.95
Drumvale Drive Kamulu,2025-10-17 00:00:00+00:00,daily,airqo,0.0,0.0,23.36893837181337,63.61632688993105,10.27
Drumvale Drive Kamulu,2025-10-18 00:00:00+00:00,daily,airqo,0.0,0.0,23.232350339529752,60.31872268483151,11.84
Drumvale Drive Kamulu,2025-10-19 00:00:00+00:00,daily,airqo,0.0,0.0,23.3190558056556,56.53971520628453,11.17
Drumvale Drive Kamulu,2025-10-20 00:00:00+00:00,daily,airqo,0.0,0.0,24.952929572510826,49.85202410714286,14.77
Drumvale Drive Kamulu,2025-10-21 00:00:00+00:00,daily,airqo,0.0,0.0,25.403008193560822,49.972908512540094,14.76
Drumvale Drive Kamulu,2025-10-22 00:00:00+00:00,daily,airqo,0.0,0.0,23.84864225905673,56.37803591364776,17.84
Drumvale Drive Kamulu,2025-10-23 00:00:00+00:00,daily,airqo,0.0,0.0,24.042583845978584,64.08934361471862,16.73
Drumvale Drive Kamulu,2025-10-24 00:00:00+00:00,daily,airqo,0.0,0.0,23.060808479532163,74.48120614035088,14.21
Drumvale Drive Kamulu,2025-10-25 00:00:00+00:00,daily,airqo,,,,,
Drumvale Drive Kamulu,2025-10-26 00:00:00+00:00,daily,airqo,,,,,
Drumvale Drive Kamulu,2025-10-27 00:00:00+00:00,daily,airqo,0.0,0.0,23.66875224433208,73.32213779855377,14.27
Drumvale Drive Kamulu,2025-10-28 00:00:00+00:00,daily,airqo,0.0,0.0,22.570457115800867,80.32161568362193,9.22
Drumvale Drive Kamulu,2025-10-29 00:00:00+00:00,daily,airqo,0.0,0.0,20.097283487238595,88.71523801914368,10.1
Drumvale Drive Kamulu,2025-10-30 00:00:00+00:00,daily,airqo,0.0,0.0,22.134971424215617,79.48815340155201,12.41
Drumvale Drive Kamulu,2025-10-31 00:00:00+00:00,daily,airqo,0.0,0.0,21.871292016806724,76.98141868474661,10.77
Drumvale Drive Kamulu,2025-11-01 00:00:00+00:00,daily,airqo,0.0,0.0,22.29228667655873,75.06142946813536,12.32
Drumvale Drive Kamulu,2025-11-02 00:00:00+00:00,daily,airqo,0.0,0.0,23.175238159655155,69.42251590034095,10.11
Drumvale Drive Kamulu,2025-11-03 00:00:00+00:00,daily,airqo,0.0,0.0,23.29448379662665,67.09841903334761,10.12
Drumvale Drive Kamulu,2025-11-04 00:00:00+00:00,daily,airqo,0.0,0.0,23.02349270516288,65.29427543441618,11.8
Drumvale Drive Kamulu,2025-11-05 00:00:00+00:00,daily,airqo,0.0,0.0,25.00114001303708,58.575951583003054,11.8
Drumvale Drive Kamulu,2025-11-06 00:00:00+00:00,daily,airqo,0.0,0.0,24.68025467514941,65.48243731122679,9.89
Drumvale Drive Kamulu,2025-11-07 00:00:00+00:00,daily,airqo,0.0,0.0,23.735751313474108,68.22923135997989,9.24
Drumvale Drive Kamulu,2025-11-08 00:00:00+00:00,daily,airqo,0.0,0.0,22.814775551012943,72.5225333239745,9.05
Drumvale Drive Kamulu,2025-11-09 00:00:00+00:00,daily,airqo,0.0,0.0,19.46991705140044,85.34757835377918,10.84
Drumvale Drive Kamulu,2025-11-10 00:00:00+00:00,daily,airqo,0.0,0.0,22.74419964498221,71.56181310064206,13.51
Drumvale Drive Kamulu,2025-11-11 00:00:00+00:00,daily,airqo,0.0,0.0,23.39113041125541,67.56381106174527,12.98
Drumvale Drive Kamulu,2025-11-12 00:00:00+00:00,daily,airqo,0.0,0.0,23.457506537176275,65.97953699874687,8.92
Drumvale Drive Kamulu,2025-11-13 00:00:00+00:00,daily,airqo,0.0,0.0,21.97999284333003,73.87739067087597,10.12
Drumvale Drive Kamulu,2025-11-14 00:00:00+00:00,daily,airqo,0.0,0.0,22.089799783549783,74.2745841321377,11.51
Drumvale Drive Kamulu,2025-11-15 00:00:00+00:00,daily,airqo,0.0,0.0,23.50510757220935,67.86007287677923,9.67
Drumvale Drive Kamulu,2025-11-16 00:00:00+00:00,daily,airqo,0.0,0.0,22.927103037174465,68.76008149522436,10.58
Drumvale Drive Kamulu,2025-11-17 00:00:00+00:00,daily,airqo,0.0,0.0,23.40814639593211,68.68298289871504,10.24
Drumvale Drive Kamulu,2025-11-18 00:00:00+00:00,daily,airqo,0.0,0.0,22.05820728291317,72.21260340393466,13.9
Drumvale Drive Kamulu,2025-11-19 00:00:00+00:00,daily,airqo,0.0,0.0,22.750998887593315,67.53027456490305,12.19
Drumvale Drive Kamulu,2025-11-20 00:00:00+00:00,daily,airqo,0.0,0.0,22.75980918586143,66.80438936450733,12.78
Drumvale Drive Kamulu,2025-11-21 00:00:00+00:00,daily,airqo,0.0,0.0,23.228157332251083,58.47753579545455,13.42
Drumvale Drive Kamulu,2025-11-22 00:00:00+00:00,daily,airqo,0.0,0.0,22.858633804476995,64.36869074869078,13.41
Drumvale Drive Kamulu,2025-11-23 00:00:00+00:00,daily,airqo,0.0,0.0,21.006234623119063,69.6089871021427,15.49
Drumvale Drive Kamulu,2025-11-24 00:00:00+00:00,daily,airqo,0.0,0.0,23.5135002960275,66.04517745628554,10.27
Drumvale Drive Kamulu,2025-11-25 00:00:00+00:00,daily,airqo,0.0,0.0,23.230041016406563,69.38038841597245,10.1
Drumvale Drive Kamulu,2025-11-26 00:00:00+00:00,daily,airqo,0.0,0.0,22.427951203153327,68.64287909954805,10.92
Drumvale Drive Kamulu,2025-11-27 00:00:00+00:00,daily,airqo,0.0,0.0,22.35403155706727,71.454958994709,11.36
Drumvale Drive Kamulu,2025-11-28 00:00:00+00:00,daily,airqo,0.0,0.0,22.675697278911564,69.8264835600907,11.93
Drumvale Drive Kamulu,2025-11-29 00:00:00+00:00,daily,airqo,0.0,0.0,23.076009070294784,67.60361337868481,10.08
Drumvale Drive Kamulu,2025-11-30 00:00:00+00:00,daily,airqo,0.0,0.0,22.987851473922905,61.93263548752834,11.36
Drumvale Drive Kamulu,2025-12-01 00:00:00+00:00,daily,airqo,0.0,0.0,22.4607656641604,61.67568233082707,11.89
Drumvale Drive Kamulu,2025-12-02 00:00:00+00:00,daily,airqo,0.0,0.0,22.52148299319728,63.320722222222216,10.43
Drumvale Drive Kamulu,2025-12-03 00:00:00+00:00,daily,airqo,0.0,0.0,22.785648526077097,66.0702148526077,11.49
Drumvale Drive Kamulu,2025-12-04 00:00:00+00:00,daily,airqo,0.0,0.0,23.40533560090703,65.23873696145125,10.7
Drumvale Drive Kamulu,2025-12-05 00:00:00+00:00,daily,airqo,0.0,0.0,22.98988680033417,63.37602548036758,10.81
Drumvale Drive Kamulu,2025-12-06 00:00:00+00:00,daily,airqo,0.0,0.0,23.071828431372552,64.85542647058823,10.28
Drumvale Drive Kamulu,2025-12-07 00:00:00+00:00,daily,airqo,0.0,0.0,22.85602154195012,66.69586734693878,9.53
Drumvale Drive Kamulu,2025-12-08 00:00:00+00:00,daily,airqo,0.0,0.0,21.42421541950113,76.20959863945579,9.78
Drumvale Drive Kamulu,2025-12-09 00:00:00+00:00,daily,airqo,0.0,0.0,23.26283154761905,64.85806726190476,10.44
Drumvale Drive Kamulu,2025-12-10 00:00:00+00:00,daily,airqo,0.0,0.0,24.656125,61.75109722222222,9.38
Drumvale Drive Kamulu,2025-12-11 00:00:00+00:00,daily,airqo,0.0,0.0,24.35955513784461,62.97200187969924,10.11
Drumvale Drive Kamulu,2025-12-12 00:00:00+00:00,daily,airqo,0.0,0.0,22.97384183673469,69.76454591836735,8.85
Drumvale Drive Kamulu,2025-12-13 00:00:00+00:00,daily,airqo,0.0,0.0,22.270280844155845,77.15629924242424,9.53
Drumvale Drive Kamulu,2025-12-14 00:00:00+00:00,daily,airqo,0.0,0.0,22.190274565381703,76.55212603930461,8.83
Drumvale Drive Kamulu,2025-12-15 00:00:00+00:00,daily,airqo,0.0,0.0,22.572026643990927,74.11818140589568,10.1
Drumvale Drive Kamulu,2025-12-16 00:00:00+00:00,daily,airqo,0.0,0.0,22.794350340136056,70.41256802721088,10.51
Drumvale Drive Kamulu,2025-12-17 00:00:00+00:00,daily,airqo,0.0,0.0,24.06463605442177,66.30709807256237,9.18
Drumvale Drive Kamulu,2025-12-18 00:00:00+00:00,daily,airqo,0.0,0.0,24.097516666666667,67.2267755952381,11.89
Drumvale Drive Kamulu,2025-12-19 00:00:00+00:00,daily,airqo,0.0,0.0,22.33658049886621,76.66561224489796,12.68
Drumvale Drive Kamulu,2025-12-20 00:00:00+00:00,daily,airqo,0.0,0.0,22.88415476190476,71.63201360544218,12.34
Drumvale Drive Kamulu,2025-12-21 00:00:00+00:00,daily,airqo,0.0,0.0,21.04065759637188,82.32156802721089,10.33
Drumvale Drive Kamulu,2025-12-22 00:00:00+00:00,daily,airqo,0.0,0.0,21.78772448979592,72.8957097505669,18.15
Drumvale Drive Kamulu,2025-12-23 00:00:00+00:00,daily,airqo,0.0,0.0,22.497421768707483,70.16151587301587,16.26
Drumvale Drive Kamulu,2025-12-24 00:00:00+00:00,daily,airqo,0.0,0.0,23.39000238095238,66.7811738095238,13.15
Drumvale Drive Kamulu,2025-12-25 00:00:00+00:00,daily,airqo,0.0,0.0,24.0492193877551,66.4657193877551,12.96
Drumvale Drive Kamulu,2025-12-26 00:00:00+00:00,daily,airqo,0.0,0.0,24.7367794011544,66.25150018037517,12.4
Drumvale Drive Kamulu,2025-12-27 00:00:00+00:00,daily,airqo,0.0,0.0,24.94417460317461,68.22206746031746,12.11
Drumvale Drive Kamulu,2025-12-28 00:00:00+00:00,daily,airqo,0.0,0.0,19.360488095238097,90.69678928571427,8.78
Drumvale Drive Kamulu,2025-12-29 00:00:00+00:00,daily,airqo,0.0,0.0,22.648649404761905,74.18928571428572,11.99
Drumvale Drive Kamulu,2025-12-30 00:00:00+00:00,daily,airqo,0.0,0.0,23.38645363408521,71.90212030075187,13.28
Drumvale Drive Kamulu,2025-12-31 00:00:00+00:00,daily,airqo,0.0,0.0,24.10918630952381,67.72195297619047,12.73
"Fire Station, Nairobi",2025-01-01 00:00:00+00:00,daily,airqo,-1.2811619629502369,36.82771842956958,24.629731792950825,58.87401441812637,30.39
"Fire Station, Nairobi",2025-01-01 00:00:00+00:00,daily,airqo,-1.2856439695632926,36.82145984325714,24.413036798595225,58.61329668403954,28.02
"Fire Station, Nairobi",2025-01-02 00:00:00+00:00,daily,airqo,-1.2811619629502369,36.82771842956958,23.42633607919026,56.72460577369929,36.43
"Fire Station, Nairobi",2025-01-02 00:00:00+00:00,daily,airqo,-1.2856439695632926,36.82145984325714,23.40747133326704,56.12423147689466,34.44
"Fire Station, Nairobi",2025-01-03 00:00:00+00:00,daily,airqo,-1.2811619629502369,36.82771842956958,23.6944481645978,54.88055491170431,36.61
"Fire Station, Nairobi",2025-01-03 00:00:00+00:00,daily,airqo,-1.2856439695632926,36.82145984325714,23.563315383274347,54.59272807279205,34.84
"Fire Station, Nairobi",2025-01-04 00:00:00+00:00,daily,airqo,-1.281161962950237,36.82771842956958,23.916231258883226,57.29193767491414,37.07
"Fire Station, Nairobi",2025-01-04 00:00:00+00:00,daily,airqo,-1.2856439695632926,36.82145984325714,23.982326725407045,56.262607570702485,32.81
"Fire Station, Nairobi",2025-01-05 00:00:00+00:00,daily,airqo,-1.2811619629502369,36.82771842956958,23.037663814648628,60.17944363543434,40.26
"Fire Station, Nairobi",2025-01-05 00:00:00+00:00,daily,airqo,-1.2856439695632926,36.82145984325714,23.24799887690341,58.72928117254557,38.11
"Fire Station, Nairobi",2025-01-06 00:00:00+00:00,daily,airqo,-1.2811619629502369,36.82771842956958,23.26714843359968,54.53354810232241,43.49
"Fire Station, Nairobi",2025-01-06 00:00:00+00:00,daily,airqo,-1.2856439695632926,36.82145984325714,22.83399652257885,54.97180607734173,40.9
"Fire Station, Nairobi",2025-01-07 00:00:00+00:00,daily,airqo,-1.2811619629502369,36.82771842956958,24.038547815084264,49.75700098716117,52.0
"Fire Station, Nairobi",2025-01-07 00:00:00+00:00,daily,airqo,-1.2856439695632926,36.82145984325714,23.695246011939336,50.051252189128135,45.77
"Fire Station, Nairobi",2025-01-08 00:00:00+00:00,daily,airqo,-1.2811619629502369,36.82771842956958,24.51865787630148,50.60330954080159,46.89
"Fire Station, Nairobi",2025-01-08 00:00:00+00:00,daily,airqo,-1.2856439695632926,36.82145984325714,24.507919145419592,50.10186212135244,45.75
"Fire Station, Nairobi",2025-01-09 00:00:00+00:00,daily,airqo,-1.2811619629502369,36.82771842956958,25.050810813859613,55.47063578533448,35.24
"Fire Station, Nairobi",2025-01-09 00:00:00+00:00,daily,airqo,-1.2856439695632926,36.82145984325714,24.77526470842612,55.33498818882331,34.4
"Fire Station, Nairobi",2025-01-10 00:00:00+00:00,daily,airqo,-1.281161962950237,36.82771842956958,23.56547434929216,63.167070908037495,38.24
"Fire Station, Nairobi",2025-01-10 00:00:00+00:00,daily,airqo,-1.2856439695632926,36.82145984325714,23.82510170785838,61.59609127948147,34.39
"Fire Station, Nairobi",2025-01-11 00:00:00+00:00,daily,airqo,-1.2811619629502369,36.82771842956958,24.50231056677088,57.93624680068943,33.83
"Fire Station, Nairobi",2025-01-11 00:00:00+00:00,daily,airqo,-1.2856439695632926,36.82145984325714,24.420726370396164,57.45774023846395,32.14
"Fire Station, Nairobi",2025-01-12 00:00:00+00:00,daily,airqo,-1.2811619629502369,36.82771842956958,25.375371048741982,54.28867296757211,26.88
"Fire Station, Nairobi",2025-01-12 00:00:00+00:00,daily,airqo,-1.2856439695632926,36.82145984325714,25.1905591235864,54.016603584016586,25.43
"Fire Station, Nairobi",2025-01-13 00:00:00+00:00,daily,airqo,-1.2811619629502369,36.82771842956958,25.14327629033876,54.04280013716556,39.98
"Fire Station, Nairobi",2025-01-13 00:00:00+00:00,daily,airqo,-1.2856439695632926,36.82145984325714,25.00619797884183,53.712160778734734,35.57
"Fire Station, Nairobi",2025-01-14 00:00:00+00:00,daily,airqo,-1.2811619629502369,36.82771842956958,23.80911048643458,48.404194702001206,44.56
"Fire Station, Nairobi",2025-01-14 00:00:00+00:00,daily,airqo,-1.2856439695632926,36.82145984325714,23.67715336375214,48.08594780268389,41.89
"Fire Station, Nairobi",2025-01-15 00:00:00+00:00,daily,airqo,-1.2811619629502369,36.82771842956958,21.27200953876028,55.94823625847611,44.79
"Fire Station, Nairobi",2025-01-15 00:00:00+00:00,daily,airqo,-1.2856439695632926,36.82145984325714,21.377052632701343,54.90786645272516,41.13
"Fire Station, Nairobi",2025-01-16 00:00:00+00:00,daily,airqo,-1.2811619629502369,36.82771842956958,22.854710024619862,51.53271107466347,37.83
"Fire Station, Nairobi",2025-01-16 00:00:00+00:00,daily,airqo,-1.2856439695632926,36.82145984325714,22.86457340411791,50.87511158304813,36.17
"Fire Station, Nairobi",2025-01-17 00:00:00+00:00,daily,airqo,-1.2811619629502369,36.82771842956958,23.956851049919365,49.52013913928946,42.94
"Fire Station, Nairobi",2025-01-17 00:00:00+00:00,daily,airqo,-1.2856439695632926,36.82145984325714,23.49752413038532,49.99369082965769,41.82
"Fire Station, Nairobi",2025-01-18 00:00:00+00:00,daily,airqo,-1.2811619629502369,36.82771842956958,25.36910218253968,45.274847718253966,42.72
"Fire Station, Nairobi",2025-01-18 00:00:00+00:00,daily,airqo,-1.2856439695632926,36.82145984325714,25.13768567980373,45.64035108024692,40.61
"Fire Station, Nairobi",2025-01-19 00:00:00+00:00,daily,airqo,-1.2811619629502369,36.82771842956958,26.72931755860239,47.14042876799842,38.82
"Fire Station, Nairobi",2025-01-19 00:00:00+00:00,daily,airqo,-1.2856439695632926,36.82145984325714,26.787520502645503,46.59146649029982,37.5
"Fire Station, Nairobi",2025-01-20 00:00:00+00:00,daily,airqo,,,,,
"Fire Station, Nairobi",2025-01-21 00:00:00+00:00,daily,airqo,,,,,
"Fire Station, Nairobi",2025-01-22 00:00:00+00:00,daily,airqo,,,,,
"Fire Station, Nairobi",2025-01-23 00:00:00+00:00,daily,airqo,,,,,
"Fire Station, Nairobi",2025-01-24 00:00:00+00:00,daily,airqo,-1.2811619629502369,36.82771842956958,25.71710334260378,52.073524800872704,46.51
"Fire Station, Nairobi",2025-01-24 00:00:00+00:00,daily,airqo,-1.2856439695632926,36.82145984325714,25.756628006173628,51.165354436832416,41.24
"Fire Station, Nairobi",2025-01-25 00:00:00+00:00,daily,airqo,-1.2811619629502369,36.82771842956958,24.45955855227659,57.65065232997669,40.88
"Fire Station, Nairobi",2025-01-25 00:00:00+00:00,daily,airqo,-1.2856439695632926,36.82145984325714,24.306584290095063,57.05412996050139,39.01
"Fire Station, Nairobi",2025-01-26 00:00:00+00:00,daily,airqo,-1.2811619629502369,36.82771842956958,21.98102281746032,71.9553287037037,30.18
"Fire Station, Nairobi",2025-01-26 00:00:00+00:00,daily,airqo,-1.2856439695632926,36.82145984325714,22.218432374338622,69.35251521164021,29.36
"Fire Station, Nairobi",2025-01-27 00:00:00+00:00,daily,airqo,-1.2811619629502369,36.82771842956958,22.52951645807896,69.80872658475784,43.25
"Fire Station, Nairobi",2025-01-27 00:00:00+00:00,daily,airqo,-1.2856439695632926,36.82145984325714,22.73218676346801,68.07423716329966,43.71
"Fire Station, Nairobi",2025-01-28 00:00:00+00:00,daily,airqo,-1.2811619629502369,36.82771842956958,21.35555140692641,72.30312507515633,38.85
"Fire Station, Nairobi",2025-01-28 00:00:00+00:00,daily,airqo,-1.2856439695632926,36.82145984325714,21.5218523478836,70.46870866402116,38.95
"Fire Station, Nairobi",2025-01-29 00:00:00+00:00,daily,airqo,-1.2811619629502369,36.82771842956958,23.375255888787137,63.1849516941392,35.34
"Fire Station, Nairobi",2025-01-29 00:00:00+00:00,daily,airqo,-1.2856439695632926,36.82145984325714,23.682723875661377,61.2106109457672,32.2
"Fire Station, Nairobi",2025-01-30 00:00:00+00:00,daily,airqo,-1.2811619629502369,36.82771842956958,20.07486887071262,77.34272305819181,84.1
"Fire Station, Nairobi",2025-01-30 00:00:00+00:00,daily,airqo,-1.2856439695632926,36.82145984325714,20.153269690957192,76.00155715349466,81.52
"Fire Station, Nairobi",2025-01-31 00:00:00+00:00,daily,airqo,-1.2811619629502369,36.82771842956958,23.851521346708846,59.13555634296259,53.75
"Fire Station, Nairobi",2025-01-31 00:00:00+00:00,daily,airqo,-1.2856439695632926,36.82145984325714,23.94812967125468,58.28095123395124,52.75
"Fire Station, Nairobi",2025-02-01 00:00:00+00:00,daily,airqo,-1.2811619629502369,36.82771842956958,20.704615384615384,71.04230769230769,14.39
"Fire Station, Nairobi",2025-02-01 00:00:00+00:00,daily,airqo,-1.2856439695632926,36.82145984325714,20.64071428571429,70.22928571428572,13.79
"Fire Station, Nairobi",2025-02-01 00:00:00+00:00,daily,airqo,-1.27929680407752,36.82714378048791,0.0,0.0,0.0
"Fire Station, Nairobi",2025-02-02 00:00:00+00:00,daily,airqo,-1.2811619629502369,36.82771842956958,20.968461538461536,68.24076923076923,13.8
"Fire Station, Nairobi",2025-02-02 00:00:00+00:00,daily,airqo,-1.2856439695632926,36.82145984325714,20.87846153846154,67.48923076923077,13.96
"Fire Station, Nairobi",2025-02-02 00:00:00+00:00,daily,airqo,-1.27929680407752,36.82714378048791,0.0,0.0,0.0
"Fire Station, Nairobi",2025-02-03 00:00:00+00:00,daily,airqo,-1.2811619629502369,36.82771842956958,24.65659782422517,51.68287550275599,48.2
"Fire Station, Nairobi",2025-02-03 00:00:00+00:00,daily,airqo,-1.2856439695632926,36.82145984325714,24.879286310513347,50.36726204711504,44.34
"Fire Station, Nairobi",2025-02-03 00:00:00+00:00,daily,airqo,,,,,
"Fire Station, Nairobi",2025-02-04 00:00:00+00:00,daily,airqo,-1.2811619629502369,36.82771842956958,4.06655611055611,12.53455820845821,8.72
"Fire Station, Nairobi",2025-02-04 00:00:00+00:00,daily,airqo,-1.2856439695632926,36.82145984325714,4.026957466063348,12.4274557399028,8.34
"Fire Station, Nairobi",2025-02-04 00:00:00+00:00,daily,airqo,-1.27929680407752,36.82714378048791,2.101456043956044,5.253475274725275,28.0
"Fire Station, Nairobi",2025-02-05 00:00:00+00:00,daily,airqo,-1.2811619629502369,36.82771842956958,23.95312548725784,50.68104508236861,53.16
"Fire Station, Nairobi",2025-02-05 00:00:00+00:00,daily,airqo,-1.2856439695632926,36.82145984325714,23.603817383596795,50.68701884716591,50.22
"Fire Station, Nairobi",2025-02-05 00:00:00+00:00,daily,airqo,-1.27929680407752,36.82714378048791,8.956521739130435,0.0,33.3
"Fire Station, Nairobi",2025-02-06 00:00:00+00:00,daily,airqo,-1.2811619629502369,36.82771842956958,24.78380906619536,50.9027642553618,44.94
"Fire Station, Nairobi",2025-02-06 00:00:00+00:00,daily,airqo,-1.2856439695632926,36.82145984325714,24.75137895990006,50.2318112513608,43.67
"Fire Station, Nairobi",2025-02-06 00:00:00+00:00,daily,airqo,-1.27929680407752,36.82714378048791,17.952380952380953,0.0,27.87
"Fire Station, Nairobi",2025-02-07 00:00:00+00:00,daily,airqo,-1.2811619629502369,36.82771842956958,25.0167053467366,52.59429553779554,38.14
"Fire Station, Nairobi",2025-02-07 00:00:00+00:00,daily,airqo,-1.2856439695632926,36.82145984325714,25.454685262654014,50.97726754495505,36.3
"Fire Station, Nairobi",2025-02-07 00:00:00+00:00,daily,airqo,-1.27929680407752,36.82714378048791,11.0,0.0,8.69
"Fire Station, Nairobi",2025-02-08 00:00:00+00:00,daily,airqo,-1.2811619629502369,36.82771842956958,25.67439781803454,47.89370211463496,37.92
"Fire Station, Nairobi",2025-02-08 00:00:00+00:00,daily,airqo,-1.2856439695632926,36.82145984325714,25.843325526479926,47.15503010302208,35.88
"Fire Station, Nairobi",2025-02-08 00:00:00+00:00,daily,airqo,-1.27929680407752,36.82714378048791,14.833333333333334,0.0,0.0
"Fire Station, Nairobi",2025-02-09 00:00:00+00:00,daily,airqo,-1.2811619629502369,36.82771842956958,20.89,66.03,15.45
"Fire Station, Nairobi",2025-02-09 00:00:00+00:00,daily,airqo,-1.2856439695632926,36.82145984325714,20.79846153846153,65.19076923076923,14.41
"Fire Station, Nairobi",2025-02-09 00:00:00+00:00,daily,airqo,-1.27929680407752,36.82714378048791,15.676282051282053,0.0,0.0
"Fire Station, Nairobi",2025-02-10 00:00:00+00:00,daily,airqo,-1.281161962950237,36.82771842956958,21.165,64.53785714285713,18.92
"Fire Station, Nairobi",2025-02-10 00:00:00+00:00,daily,airqo,-1.2856439695632926,36.82145984325714,21.11307692307692,63.59615384615385,18.86
"Fire Station, Nairobi",2025-02-10 00:00:00+00:00,daily,airqo,-1.27929680407752,36.82714378048791,12.94017094017094,0.0,8.39
"Fire Station, Nairobi",2025-02-11 00:00:00+00:00,daily,airqo,-1.2811619629502369,36.82771842956958,23.78452074657457,54.8202968167936,39.41
"Fire Station, Nairobi",2025-02-11 00:00:00+00:00,daily,airqo,-1.2856439695632926,36.82145984325714,24.011166448305428,53.59467058997035,36.78
"Fire Station, Nairobi",2025-02-11 00:00:00+00:00,daily,airqo,-1.27929680407752,36.82714378048791,15.411764705882351,0.0,20.12
"Fire Station, Nairobi",2025-02-12 00:00:00+00:00,daily,airqo,-1.2811619629502369,36.82771842956958,19.58692307692308,70.73615384615385,36.82
"Fire Station, Nairobi",2025-02-12 00:00:00+00:00,daily,airqo,-1.2856439695632926,36.82145984325714,19.5,70.01,35.18
"Fire Station, Nairobi",2025-02-12 00:00:00+00:00,daily,airqo,-1.27929680407752,36.82714378048791,0.0,0.0,5.65
"Fire Station, Nairobi",2025-02-13 00:00:00+00:00,daily,airqo,-1.2811619629502369,36.82771842956958,23.114716917596727,64.36427851023647,35.85
"Fire Station, Nairobi",2025-02-13 00:00:00+00:00,daily,airqo,-1.2856439695632926,36.82145984325714,23.327286094872008,62.95455180587493,34.16
"Fire Station, Nairobi",2025-02-13 00:00:00+00:00,daily,airqo,-1.27929680407752,36.82714378048791,5.375,0.0,16.77
"Fire Station, Nairobi",2025-02-14 00:00:00+00:00,daily,airqo,-1.2811619629502369,36.82771842956958,25.20363255400341,50.47235659816084,44.05
"Fire Station, Nairobi",2025-02-14 00:00:00+00:00,daily,airqo,-1.2856439695632926,36.82145984325714,24.99197884727008,50.41103928945859,41.75
"Fire Station, Nairobi",2025-02-14 00:00:00+00:00,daily,airqo,-1.27929680407752,36.82714378048791,15.836805555555552,0.0,31.22
"Fire Station, Nairobi",2025-02-15 00:00:00+00:00,daily,airqo,-1.2811619629502369,36.82771842956958,21.64333333333333,61.51888888888888,27.36
"Fire Station, Nairobi",2025-02-15 00:00:00+00:00,daily,airqo,-1.2856439695632926,36.82145984325714,21.52846153846154,60.90923076923077,27.82
"Fire Station, Nairobi",2025-02-15 00:00:00+00:00,daily,airqo,-1.27929680407752,36.82714378048791,0.0,0.0,15.2
"Fire Station, Nairobi",2025-02-16 00:00:00+00:00,daily,airqo,-1.2811619629502369,36.82771842956958,26.14343237955964,51.38622881073206,23.63
"Fire Station, Nairobi",2025-02-16 00:00:00+00:00,daily,airqo,-1.2856439695632926,36.82145984325714,26.13050388168709,50.78559919053466,23.06
"Fire Station, Nairobi",2025-02-16 00:00:00+00:00,daily,airqo,-1.27929680407752,36.82714378048791,13.40186125211506,0.0,59.78
"Fire Station, Nairobi",2025-02-17 00:00:00+00:00,daily,airqo,-1.2811619629502369,36.82771842956958,24.636889245195984,48.94415719676807,32.73
"Fire Station, Nairobi",2025-02-17 00:00:00+00:00,daily,airqo,-1.2856439695632926,36.82145984325714,24.846324125781862,47.73537270794409,33.31
"Fire Station, Nairobi",2025-02-17 00:00:00+00:00,daily,airqo,-1.27929680407752,36.82714378048791,15.900188898575996,0.0,76.39
"Fire Station, Nairobi",2025-02-18 00:00:00+00:00,daily,airqo,-1.2811619629502369,36.82771842956958,25.24789226849555,41.57750408204875,36.44
"Fire Station, Nairobi",2025-02-18 00:00:00+00:00,daily,airqo,-1.2856439695632926,36.82145984325714,25.001848725737663,41.42472187736234,36.85
"Fire Station, Nairobi",2025-02-18 00:00:00+00:00,daily,airqo,-1.27929680407752,36.82714378048791,17.730505423388934,0.0,111.96
"Fire Station, Nairobi",2025-02-19 00:00:00+00:00,daily,airqo,-1.281161962950237,36.82771842956958,19.51,56.65285714285714,14.39
"Fire Station, Nairobi",2025-02-19 00:00:00+00:00,daily,airqo,-1.2856439695632926,36.82145984325714,19.478571428571428,55.86142857142857,14.06
"Fire Station, Nairobi",2025-02-19 00:00:00+00:00,daily,airqo,-1.27929680407752,36.82714378048791,0.0,0.0,28.43
"Fire Station, Nairobi",2025-02-20 00:00:00+00:00,daily,airqo,-1.281161962950237,36.82771842956958,30.71993772893773,29.38488403263404,24.52
"Fire Station, Nairobi",2025-02-20 00:00:00+00:00,daily,airqo,-1.2856439695632926,36.82145984325714,30.37226515151515,30.515208333333334,21.91
"Fire Station, Nairobi",2025-02-20 00:00:00+00:00,daily,airqo,-1.27929680407752,36.82714378048791,16.504967948717947,0.0,119.97
"Fire Station, Nairobi",2025-02-21 00:00:00+00:00,daily,airqo,-1.2811619629502369,36.82771842956958,25.73765938922189,34.893773858086355,32.58
"Fire Station, Nairobi",2025-02-21 00:00:00+00:00,daily,airqo,-1.2856439695632926,36.82145984325714,25.57835171772672,34.760530753968254,31.52
"Fire Station, Nairobi",2025-02-21 00:00:00+00:00,daily,airqo,-1.27929680407752,36.82714378048791,18.830128205128204,0.0,106.31
"Fire Station, Nairobi",2025-02-22 00:00:00+00:00,daily,airqo,-1.2811619629502369,36.82771842956958,24.847183524808525,40.22499822399823,33.49
"Fire Station, Nairobi",2025-02-22 00:00:00+00:00,daily,airqo,-1.2856439695632926,36.82145984325714,24.806485028860028,39.81698375235876,32.35
"Fire Station, Nairobi",2025-02-22 00:00:00+00:00,daily,airqo,-1.27929680407752,36.82714378048791,27.04655402930403,40.00146718559218,99.07
"Fire Station, Nairobi",2025-02-23 00:00:00+00:00,daily,airqo,-1.2811619629502369,36.82771842956958,25.462333499833505,41.546846313408814,20.73
"Fire Station, Nairobi",2025-02-23 00:00:00+00:00,daily,airqo,-1.2856439695632926,36.82145984325714,25.578323364135866,41.01996236402487,20.07
"Fire Station, Nairobi",2025-02-23 00:00:00+00:00,daily,airqo,-1.27929680407752,36.82714378048791,25.64760393772893,41.09655296092796,47.93
"Fire Station, Nairobi",2025-02-24 00:00:00+00:00,daily,airqo,-1.2811619629502369,36.82771842956958,25.302524766899765,43.88320469114219,29.92
"Fire Station, Nairobi",2025-02-24 00:00:00+00:00,daily,airqo,-1.2856439695632926,36.82145984325714,25.27703377640877,43.310034560347056,28.6
"Fire Station, Nairobi",2025-02-24 00:00:00+00:00,daily,airqo,-1.27929680407752,36.82714378048791,27.36032844932845,43.720570741758245,65.18
"Fire Station, Nairobi",2025-02-25 00:00:00+00:00,daily,airqo,-1.2811619629502369,36.82771842956958,25.10185090256965,42.4901794490232,32.3
"Fire Station, Nairobi",2025-02-25 00:00:00+00:00,daily,airqo,-1.2856439695632926,36.82145984325714,25.23804292929293,42.04058221639472,31.15
"Fire Station, Nairobi",2025-02-25 00:00:00+00:00,daily,airqo,-1.27929680407752,36.82714378048791,28.57777831196581,42.58092673992674,69.18
"Fire Station, Nairobi",2025-02-26 00:00:00+00:00,daily,airqo,-1.2811619629502369,36.82771842956958,25.30428611311528,37.13441050785634,32.05
"Fire Station, Nairobi",2025-02-26 00:00:00+00:00,daily,airqo,-1.2856439695632926,36.82145984325714,25.53982093092093,36.20096307272974,31.32
"Fire Station, Nairobi",2025-02-26 00:00:00+00:00,daily,airqo,-1.27929680407752,36.82714378048791,27.90241816078658,35.12191723189092,38.74
"Fire Station, Nairobi",2025-02-27 00:00:00+00:00,daily,airqo,-1.2811619629502369,36.82771842956958,26.34147903157288,32.43404390331008,33.9
"Fire Station, Nairobi",2025-02-27 00:00:00+00:00,daily,airqo,-1.2856439695632926,36.82145984325714,27.18355833224015,30.644051551983367,31.52
"Fire Station, Nairobi",2025-02-27 00:00:00+00:00,daily,airqo,-1.27929680407752,36.82714378048791,27.520361990950228,26.26116677440207,45.24
"Fire Station, Nairobi",2025-02-28 00:00:00+00:00,daily,airqo,-1.2811619629502369,36.82771842956958,26.85267051467052,36.04741608044733,38.9
"Fire Station, Nairobi",2025-02-28 00:00:00+00:00,daily,airqo,-1.2856439695632926,36.82145984325714,27.00318105274356,35.42206015512266,38.7
"Fire Station, Nairobi",2025-02-28 00:00:00+00:00,daily,airqo,-1.27929680407752,36.82714378048791,28.282247863247864,35.70103166971917,80.05
"Fire Station, Nairobi",2025-03-01 00:00:00+00:00,daily,airqo,-1.281161962950237,36.82771842956958,26.82005139833712,42.36714229024943,37.5
"Fire Station, Nairobi",2025-03-01 00:00:00+00:00,daily,airqo,-1.2856439695632926,36.82145984325714,26.510167263292264,43.44307518870019,35.96
"Fire Station, Nairobi",2025-03-01 00:00:00+00:00,daily,airqo,-1.27929680407752,36.82714378048791,26.97233096764347,43.95229357448108,51.78
"Fire Station, Nairobi",2025-03-02 00:00:00+00:00,daily,airqo,-1.2811619629502369,36.82771842956958,25.78450677910053,48.58234424603175,28.59
"Fire Station, Nairobi",2025-03-02 00:00:00+00:00,daily,airqo,-1.2856439695632926,36.82145984325714,25.947029116716617,47.92379961704962,32.08
"Fire Station, Nairobi",2025-03-02 00:00:00+00:00,daily,airqo,-1.27929680407752,36.82714378048791,28.49281517094017,48.41676116938617,39.7
"Fire Station, Nairobi",2025-03-03 00:00:00+00:00,daily,airqo,-1.281161962950237,36.82771842956958,26.553251443001447,44.026611678004535,28.92
"Fire Station, Nairobi",2025-03-03 00:00:00+00:00,daily,airqo,-1.2856439695632926,36.82145984325714,20.26692307692308,72.60000000000001,18.77
"Fire Station, Nairobi",2025-03-03 00:00:00+00:00,daily,airqo,-1.27929680407752,36.82714378048791,,,43.35
"Fire Station, Nairobi",2025-03-04 00:00:00+00:00,daily,airqo,-1.281161962950237,36.82771842956958,19.91142857142857,71.10000000000001,18.3
"Fire Station, Nairobi",2025-03-04 00:00:00+00:00,daily,airqo,-1.2856439695632926,36.82145984325714,20.16027777777778,70.93048611111111,18.83
"Fire Station, Nairobi",2025-03-04 00:00:00+00:00,daily,airqo,-1.27929680407752,36.82714378048791,,,22.14
"Fire Station, Nairobi",2025-03-05 00:00:00+00:00,daily,airqo,-1.2811619629502369,36.82771842956958,26.38878244229836,49.23295769801645,38.2
"Fire Station, Nairobi",2025-03-05 00:00:00+00:00,daily,airqo,-1.2856439695632926,36.82145984325714,27.027617022299115,47.49730505437469,35.42
"Fire Station, Nairobi",2025-03-05 00:00:00+00:00,daily,airqo,-1.27929680407752,36.82714378048791,22.09533974358974,68.43234615384615,33.77
"Fire Station, Nairobi",2025-03-06 00:00:00+00:00,daily,airqo,,,,,
"Fire Station, Nairobi",2025-03-07 00:00:00+00:00,daily,airqo,,,,,
"Fire Station, Nairobi",2025-03-08 00:00:00+00:00,daily,airqo,,,,,
"Fire Station, Nairobi",2025-03-09 00:00:00+00:00,daily,airqo,,,,,
"Fire Station, Nairobi",2025-03-10 00:00:00+00:00,daily,airqo,-1.2811619629502369,36.82771842956958,24.13190054563492,62.65215178571429,26.4
"Fire Station, Nairobi",2025-03-10 00:00:00+00:00,daily,airqo,-1.2856439695632926,36.82145984325714,24.518666418650795,60.67715228174603,36.49
"Fire Station, Nairobi",2025-03-11 00:00:00+00:00,daily,airqo,-1.2811619629502369,36.82771842956958,24.19585367063492,64.55968336640211,36.62
"Fire Station, Nairobi",2025-03-11 00:00:00+00:00,daily,airqo,-1.2856439695632926,36.82145984325714,24.65121192580568,62.13319292628668,37.72
"Fire Station, Nairobi",2025-03-12 00:00:00+00:00,daily,airqo,-1.2811619629502369,36.82771842956958,23.463892706830205,68.6480293109668,25.06
"Fire Station, Nairobi",2025-03-12 00:00:00+00:00,daily,airqo,-1.2856439695632926,36.82145984325714,23.849761664261663,66.37411058501684,25.07
"Fire Station, Nairobi",2025-03-13 00:00:00+00:00,daily,airqo,-1.2811619629502369,36.82771842956958,20.55777142857143,83.32626031746031,38.0
"Fire Station, Nairobi",2025-03-13 00:00:00+00:00,daily,airqo,-1.2856439695632926,36.82145984325714,20.88092592592593,80.78421957671958,41.79
"Fire Station, Nairobi",2025-03-14 00:00:00+00:00,daily,airqo,-1.2811619629502369,36.82771842956958,20.111607142857142,73.65044642857143,35.49
"Fire Station, Nairobi",2025-03-14 00:00:00+00:00,daily,airqo,-1.2856439695632926,36.82145984325714,20.07236607142857,72.63776785714285,36.8
"Fire Station, Nairobi",2025-03-15 00:00:00+00:00,daily,airqo,-1.2811619629502369,36.82771842956958,26.23554265873016,47.74435119047619,21.46
"Fire Station, Nairobi",2025-03-15 00:00:00+00:00,daily,airqo,-1.2856439695632926,36.82145984325714,26.60825992063492,46.36844345238095,23.32
"Fire Station, Nairobi",2025-03-16 00:00:00+00:00,daily,airqo,-1.2811619629502369,36.82771842956958,25.458103174603178,55.06291997354497,16.25
"Fire Station, Nairobi",2025-03-16 00:00:00+00:00,daily,airqo,-1.2856439695632926,36.82145984325714,26.05361507936508,53.440019179894186,19.5
"Fire Station, Nairobi",2025-03-17 00:00:00+00:00,daily,airqo,-1.2811619629502369,36.82771842956958,23.72689045214045,63.40382775673401,18.65
"Fire Station, Nairobi",2025-03-17 00:00:00+00:00,daily,airqo,-1.2856439695632926,36.82145984325714,24.329529942279944,61.27640692640693,28.39
"Fire Station, Nairobi",2025-03-18 00:00:00+00:00,daily,airqo,-1.2811619629502369,36.82771842956958,23.237811868686872,67.43906655844155,27.15
"Fire Station, Nairobi",2025-03-18 00:00:00+00:00,daily,airqo,-1.2856439695632926,36.82145984325714,23.66825033068783,65.25416087962962,20.69
"Fire Station, Nairobi",2025-03-19 00:00:00+00:00,daily,airqo,-1.2811619629502369,36.82771842956958,22.15516084886797,74.4024305286391,22.01
"Fire Station, Nairobi",2025-03-19 00:00:00+00:00,daily,airqo,-1.2856439695632926,36.82145984325714,22.63049550879784,71.75675879783438,22.76
"Fire Station, Nairobi",2025-03-20 00:00:00+00:00,daily,airqo,-1.2811619629502369,36.82771842956958,21.87745256132756,68.02133229617604,18.8
"Fire Station, Nairobi",2025-03-20 00:00:00+00:00,daily,airqo,-1.2856439695632926,36.82145984325714,22.180099206349208,66.15828091931216,19.36
"Fire Station, Nairobi",2025-03-21 00:00:00+00:00,daily,airqo,-1.2811619629502369,36.82771842956958,23.89995601851852,63.266499173280415,18.45
"Fire Station, Nairobi",2025-03-21 00:00:00+00:00,daily,airqo,-1.2856439695632926,36.82145984325714,24.509247384559885,60.93353186628187,19.95
"Fire Station, Nairobi",2025-03-22 00:00:00+00:00,daily,airqo,-1.2811619629502369,36.82771842956958,23.72843501984127,66.41276256613757,22.34
"Fire Station, Nairobi",2025-03-22 00:00:00+00:00,daily,airqo,-1.2856439695632926,36.82145984325714,24.2009859457672,64.05629117063492,23.81
"Fire Station, Nairobi",2025-03-23 00:00:00+00:00,daily,airqo,-1.2811619629502369,36.82771842956958,23.535429112554112,66.44283524230399,17.28
"Fire Station, Nairobi",2025-03-23 00:00:00+00:00,daily,airqo,-1.2856439695632926,36.82145984325714,23.97465743746994,64.0230959445647,19.75
"Fire Station, Nairobi",2025-03-24 00:00:00+00:00,daily,airqo,-1.2811619629502369,36.82771842956958,23.593531720594225,66.35478319365819,21.56
"Fire Station, Nairobi",2025-03-24 00:00:00+00:00,daily,airqo,-1.2856439695632926,36.82145984325714,23.991249654280903,64.10454858104858,18.48
"Fire Station, Nairobi",2025-03-25 00:00:00+00:00,daily,airqo,-1.2811619629502369,36.82771842956958,23.47203983516484,68.12876602564103,23.24
"Fire Station, Nairobi",2025-03-25 00:00:00+00:00,daily,airqo,-1.2856439695632926,36.82145984325714,23.961678495116,65.7403205128205,20.5
"Fire Station, Nairobi",2025-03-26 00:00:00+00:00,daily,airqo,-1.2811619629502369,36.82771842956958,22.54162480921856,67.18715670787546,22.54
"Fire Station, Nairobi",2025-03-26 00:00:00+00:00,daily,airqo,-1.2856439695632926,36.82145984325714,23.199541083916085,64.65468497937248,24.11
"Fire Station, Nairobi",2025-03-27 00:00:00+00:00,daily,airqo,-1.2811619629502369,36.82771842956958,22.55756677350428,72.53192574786324,19.22
"Fire Station, Nairobi",2025-03-27 00:00:00+00:00,daily,airqo,-1.2856439695632926,36.82145984325714,23.00378777472527,69.9968089896215,18.99
"Fire Station, Nairobi",2025-03-28 00:00:00+00:00,daily,airqo,-1.2811619629502369,36.82771842956958,21.48683417277167,75.9994288003663,22.13
"Fire Station, Nairobi",2025-03-28 00:00:00+00:00,daily,airqo,-1.2856439695632926,36.82145984325714,22.088142482517483,73.12379426129426,22.66
"Fire Station, Nairobi",2025-03-29 00:00:00+00:00,daily,airqo,-1.2811619629502369,36.82771842956958,22.93201465201465,71.16568223443224,16.56
"Fire Station, Nairobi",2025-03-29 00:00:00+00:00,daily,airqo,-1.2856439695632926,36.82145984325714,23.19989774114774,69.32585317460317,14.57
"Fire Station, Nairobi",2025-03-30 00:00:00+00:00,daily,airqo,-1.2811619629502369,36.82771842956958,23.192330586080587,71.94615613553113,17.39
"Fire Station, Nairobi",2025-03-30 00:00:00+00:00,daily,airqo,-1.2856439695632926,36.82145984325714,23.64584478021978,69.59272206959707,18.51
"Fire Station, Nairobi",2025-03-31 00:00:00+00:00,daily,airqo,-1.2811619629502369,36.82771842956958,21.889271596459096,75.40288270757021,18.51
"Fire Station, Nairobi",2025-03-31 00:00:00+00:00,daily,airqo,-1.2856439695632926,36.82145984325714,22.301812805250307,72.9197722069597,17.43
"Fire Station, Nairobi",2025-04-01 00:00:00+00:00,daily,airqo,-1.2811619629502369,36.82771842956958,23.31042467948718,65.56804983211232,18.21
"Fire Station, Nairobi",2025-04-01 00:00:00+00:00,daily,airqo,-1.2856439695632926,36.82145984325714,24.072213064713065,62.94935821123321,25.57
"Fire Station, Nairobi",2025-04-02 00:00:00+00:00,daily,airqo,-1.2811619629502369,36.82771842956958,24.065743666056168,64.27471764346764,22.94
"Fire Station, Nairobi",2025-04-02 00:00:00+00:00,daily,airqo,-1.2856439695632926,36.82145984325714,24.725176663614164,61.860945512820514,22.3
"Fire Station, Nairobi",2025-04-03 00:00:00+00:00,daily,airqo,-1.2811619629502369,36.82771842956958,23.44504845848596,70.63142094017094,16.15
"Fire Station, Nairobi",2025-04-03 00:00:00+00:00,daily,airqo,-1.2856439695632926,36.82145984325714,24.20003166971917,67.50552121489622,17.83
"Fire Station, Nairobi",2025-04-04 00:00:00+00:00,daily,airqo,-1.2811619629502369,36.82771842956958,23.874591172716176,68.34521325896326,18.32
"Fire Station, Nairobi",2025-04-04 00:00:00+00:00,daily,airqo,-1.2856439695632926,36.82145984325714,24.61502632783883,65.27262438949938,15.37
"Fire Station, Nairobi",2025-04-05 00:00:00+00:00,daily,airqo,-1.2811619629502369,36.82771842956958,23.36273618742369,71.14631448412699,19.59
"Fire Station, Nairobi",2025-04-05 00:00:00+00:00,daily,airqo,-1.2856439695632926,36.82145984325714,23.877454975579976,68.5689942002442,18.62
"Fire Station, Nairobi",2025-04-06 00:00:00+00:00,daily,airqo,-1.2811619629502369,36.82771842956958,21.321510225885227,79.23808112026862,19.75
"Fire Station, Nairobi",2025-04-06 00:00:00+00:00,daily,airqo,-1.2856439695632926,36.82145984325714,21.64276327838828,76.94811126373627,17.86
"Fire Station, Nairobi",2025-04-07 00:00:00+00:00,daily,airqo,-1.2811619629502369,36.82771842956958,23.00719119291873,68.94590137794304,26.56
"Fire Station, Nairobi",2025-04-07 00:00:00+00:00,daily,airqo,-1.2856439695632926,36.82145984325714,23.490376824906168,66.74753733006123,16.61
"Fire Station, Nairobi",2025-04-08 00:00:00+00:00,daily,airqo,-1.2811619629502369,36.82771842956958,22.730738135013137,71.18391160960952,25.07
"Fire Station, Nairobi",2025-04-08 00:00:00+00:00,daily,airqo,-1.2856439695632926,36.82145984325714,23.474332494280407,67.15583078040787,24.37
"Fire Station, Nairobi",2025-04-09 00:00:00+00:00,daily,airqo,-1.2811619629502369,36.82771842956958,23.869070894383395,65.95551358363859,17.94
"Fire Station, Nairobi",2025-04-09 00:00:00+00:00,daily,airqo,-1.2856439695632926,36.82145984325714,24.57341134559885,63.57405188561439,23.19
"Fire Station, Nairobi",2025-04-10 00:00:00+00:00,daily,airqo,-1.2811619629502369,36.82771842956958,20.80140834859585,80.11761256105007,17.39
"Fire Station, Nairobi",2025-04-10 00:00:00+00:00,daily,airqo,-1.2856439695632926,36.82145984325714,21.15183347902098,78.41362293956044,19.88
"Fire Station, Nairobi",2025-04-11 00:00:00+00:00,daily,airqo,-1.2811619629502369,36.82771842956958,22.153246336996336,71.18588446275946,21.21
"Fire Station, Nairobi",2025-04-11 00:00:00+00:00,daily,airqo,-1.2856439695632926,36.82145984325714,22.484404553779555,69.53805132367633,25.19
"Fire Station, Nairobi",2025-04-12 00:00:00+00:00,daily,airqo,-1.2811619629502369,36.82771842956958,22.474639804639807,72.3499816849817,25.7
"Fire Station, Nairobi",2025-04-12 00:00:00+00:00,daily,airqo,-1.2856439695632926,36.82145984325714,23.26779532967033,69.23159798534799,18.25
"Fire Station, Nairobi",2025-04-13 00:00:00+00:00,daily,airqo,-1.2811619629502369,36.82771842956958,21.66730769230769,76.27665521978021,20.86
"Fire Station, Nairobi",2025-04-13 00:00:00+00:00,daily,airqo,-1.2856439695632926,36.82145984325714,22.56609317765568,72.02082532051283,19.41
"Fire Station, Nairobi",2025-04-14 00:00:00+00:00,daily,airqo,-1.2811619629502369,36.82771842956958,22.67940972222222,70.9858050976801,20.11
"Fire Station, Nairobi",2025-04-14 00:00:00+00:00,daily,airqo,-1.2856439695632926,36.82145984325714,23.279041860916863,67.99908834221334,21.84
"Fire Station, Nairobi",2025-04-15 00:00:00+00:00,daily,airqo,-1.2811619629502369,36.82771842956958,23.56923039091541,66.21966865951556,22.3
"Fire Station, Nairobi",2025-04-15 00:00:00+00:00,daily,airqo,-1.2856439695632926,36.82145984325714,24.310370106745108,63.60633359233359,26.54
"Fire Station, Nairobi",2025-04-16 00:00:00+00:00,daily,airqo,-1.2811619629502369,36.82771842956958,23.7125972985348,65.353038003663,17.71
"Fire Station, Nairobi",2025-04-16 00:00:00+00:00,daily,airqo,-1.2856439695632926,36.82145984325714,24.295047383172385,63.017357572982576,24.96
"Fire Station, Nairobi",2025-04-17 00:00:00+00:00,daily,airqo,-1.2811619629502369,36.82771842956958,24.12412278693529,63.74726076007326,19.43
"Fire Station, Nairobi",2025-04-17 00:00:00+00:00,daily,airqo,-1.2856439695632926,36.82145984325714,24.853991041796803,61.05517222784931,20.52
"Fire Station, Nairobi",2025-04-18 00:00:00+00:00,daily,airqo,-1.2811619629502369,36.82771842956958,23.7976945970696,66.47635989010989,18.55
"Fire Station, Nairobi",2025-04-18 00:00:00+00:00,daily,airqo,-1.2856439695632926,36.82145984325714,24.461370527257785,63.80861648963781,26.95
"Fire Station, Nairobi",2025-04-19 00:00:00+00:00,daily,airqo,-1.2811619629502369,36.82771842956958,22.18826961233211,73.07533692002443,21.74
"Fire Station, Nairobi",2025-04-19 00:00:00+00:00,daily,airqo,-1.2856439695632926,36.82145984325714,22.419888583021915,71.37540562785979,17.74
"Fire Station, Nairobi",2025-04-20 00:00:00+00:00,daily,airqo,-1.2811619629502369,36.82771842956958,21.49820970695971,75.7605173992674,17.4
"Fire Station, Nairobi",2025-04-20 00:00:00+00:00,daily,airqo,-1.2856439695632926,36.82145984325714,21.78432629715964,73.87353951912286,17.31
"Fire Station, Nairobi",2025-04-21 00:00:00+00:00,daily,airqo,-1.2811619629502369,36.82771842956958,21.668162342287346,76.17512517575018,16.75
"Fire Station, Nairobi",2025-04-21 00:00:00+00:00,daily,airqo,-1.2856439695632926,36.82145984325714,22.216805328313665,72.90745008140009,16.34
"Fire Station, Nairobi",2025-04-22 00:00:00+00:00,daily,airqo,-1.2811619629502369,36.82771842956958,22.277150748557,75.55542337061087,16.1
"Fire Station, Nairobi",2025-04-22 00:00:00+00:00,daily,airqo,-1.2856439695632926,36.82145984325714,23.00132131997105,72.0014462491731,26.85
"Fire Station, Nairobi",2025-04-23 00:00:00+00:00,daily,airqo,-1.2811619629502369,36.82771842956958,20.62790044858523,80.55582470669427,16.63
"Fire Station, Nairobi",2025-04-23 00:00:00+00:00,daily,airqo,-1.2856439695632926,36.82145984325714,20.85060876685043,78.25690811719146,17.53
"Fire Station, Nairobi",2025-04-24 00:00:00+00:00,daily,airqo,-1.2811619629502369,36.82771842956958,21.716535203222705,71.96250381794131,18.78
"Fire Station, Nairobi",2025-04-24 00:00:00+00:00,daily,airqo,-1.2856439695632926,36.82145984325714,22.167539182268342,69.48946801231176,17.48
"Fire Station, Nairobi",2025-04-25 00:00:00+00:00,daily,airqo,-1.2811619629502369,36.82771842956958,22.484493386243383,69.02949652777778,28.52
"Fire Station, Nairobi",2025-04-25 00:00:00+00:00,daily,airqo,-1.2856439695632926,36.82145984325714,23.008588685619937,66.54316238275614,16.79
"Fire Station, Nairobi",2025-04-26 00:00:00+00:00,daily,airqo,-1.2811619629502369,36.82771842956958,23.24571831409332,63.27713125300625,19.25
"Fire Station, Nairobi",2025-04-26 00:00:00+00:00,daily,airqo,-1.2856439695632926,36.82145984325714,24.2002236501924,60.60784152537278,18.82
"Fire Station, Nairobi",2025-04-27 00:00:00+00:00,daily,airqo,-1.2811619629502369,36.82771842956958,23.05616931216932,64.70845949074074,16.99
"Fire Station, Nairobi",2025-04-27 00:00:00+00:00,daily,airqo,-1.2856439695632926,36.82145984325714,23.906698578042327,61.5311939484127,15.91
"Fire Station, Nairobi",2025-04-28 00:00:00+00:00,daily,airqo,-1.2811619629502369,36.82771842956958,23.49566071428572,64.01140426587301,29.16
"Fire Station, Nairobi",2025-04-28 00:00:00+00:00,daily,airqo,-1.2856439695632926,36.82145984325714,24.32367577561328,61.00210563973064,18.46
"Fire Station, Nairobi",2025-04-29 00:00:00+00:00,daily,airqo,-1.2811619629502369,36.82771842956958,23.826447916666663,67.00168353174602,20.04
"Fire Station, Nairobi",2025-04-29 00:00:00+00:00,daily,airqo,-1.2856439695632926,36.82145984325714,24.695830086580088,63.74599756493507,21.53
"Fire Station, Nairobi",2025-04-30 00:00:00+00:00,daily,airqo,-1.2811619629502369,36.82771842956958,23.0145637926888,67.49507589285714,23.48
"Fire Station, Nairobi",2025-04-30 00:00:00+00:00,daily,airqo,-1.2856439695632926,36.82145984325714,23.63926310726311,64.5805575547138,20.79
"Fire Station, Nairobi",2025-05-01 00:00:00+00:00,daily,airqo,-1.2811619629502369,36.82771842956958,23.565763212481965,64.01658877465128,25.18
"Fire Station, Nairobi",2025-05-01 00:00:00+00:00,daily,airqo,-1.2856439695632926,36.82145984325714,24.219868577024823,61.52919458435084,29.27
"Fire Station, Nairobi",2025-05-02 00:00:00+00:00,daily,airqo,-1.2811619629502369,36.82771842956958,23.990246362433865,61.92775826719577,18.88
"Fire Station, Nairobi",2025-05-02 00:00:00+00:00,daily,airqo,-1.2856439695632926,36.82145984325714,24.64537965506716,59.67840850122099,17.83
"Fire Station, Nairobi",2025-05-03 00:00:00+00:00,daily,airqo,-1.2811619629502369,36.82771842956958,24.338954274891776,62.413282076719575,24.13
"Fire Station, Nairobi",2025-05-03 00:00:00+00:00,daily,airqo,-1.2856439695632926,36.82145984325714,24.87421075452325,60.09855120573871,21.67
"Fire Station, Nairobi",2025-05-04 00:00:00+00:00,daily,airqo,-1.2811619629502369,36.82771842956958,23.53106762566137,65.6502380952381,16.82
"Fire Station, Nairobi",2025-05-04 00:00:00+00:00,daily,airqo,-1.2856439695632926,36.82145984325714,24.19507554945055,62.65180402930403,19.94
"Fire Station, Nairobi",2025-05-05 00:00:00+00:00,daily,airqo,-1.2811619629502369,36.82771842956958,21.658903331561223,73.13538121265917,17.97
"Fire Station, Nairobi",2025-05-05 00:00:00+00:00,daily,airqo,-1.2856439695632926,36.82145984325714,22.3686016677573,69.84999941093898,22.3
"Fire Station, Nairobi",2025-05-06 00:00:00+00:00,daily,airqo,-1.2811619629502369,36.82771842956958,21.18194543650793,74.80699024470898,16.09
"Fire Station, Nairobi",2025-05-06 00:00:00+00:00,daily,airqo,-1.2856439695632926,36.82145984325714,21.66680448024198,71.96667381229882,19.51
"Fire Station, Nairobi",2025-05-07 00:00:00+00:00,daily,airqo,-1.2811619629502369,36.82771842956958,21.754295965608463,71.95868617724868,16.25
"Fire Station, Nairobi",2025-05-07 00:00:00+00:00,daily,airqo,-1.2856439695632926,36.82145984325714,22.44853746947497,68.58791781135531,25.82
"Fire Station, Nairobi",2025-05-08 00:00:00+00:00,daily,airqo,-1.2811619629502369,36.82771842956958,21.56521563852814,70.81003562409812,17.25
"Fire Station, Nairobi",2025-05-08 00:00:00+00:00,daily,airqo,-1.2856439695632926,36.82145984325714,22.046788385225884,68.15381906288157,18.25
"Fire Station, Nairobi",2025-05-09 00:00:00+00:00,daily,airqo,-1.2811619629502369,36.82771842956958,22.07219848785473,70.88113888888888,20.36
"Fire Station, Nairobi",2025-05-09 00:00:00+00:00,daily,airqo,-1.2856439695632926,36.82145984325714,22.563041125541123,68.31036963036964,18.97
"Fire Station, Nairobi",2025-05-10 00:00:00+00:00,daily,airqo,-1.2811619629502369,36.82771842956958,21.8930355489418,72.82069113756614,17.75
"Fire Station, Nairobi",2025-05-10 00:00:00+00:00,daily,airqo,-1.2856439695632926,36.82145984325714,22.26943668831169,70.62902294927295,20.3
"Fire Station, Nairobi",2025-05-11 00:00:00+00:00,daily,airqo,-1.2811619629502369,36.82771842956958,21.649592562530064,76.06109384018758,18.94
"Fire Station, Nairobi",2025-05-11 00:00:00+00:00,daily,airqo,-1.2856439695632926,36.82145984325714,21.752046703296703,76.9825434981685,19.34
"Fire Station, Nairobi",2025-05-12 00:00:00+00:00,daily,airqo,-1.2811619629502369,36.82771842956958,22.047192294973545,72.83144312169313,29.05
"Fire Station, Nairobi",2025-05-12 00:00:00+00:00,daily,airqo,-1.2856439695632926,36.82145984325714,22.34371146214896,71.07199748168499,19.4
"Fire Station, Nairobi",2025-05-13 00:00:00+00:00,daily,airqo,-1.2811619629502369,36.82771842956958,20.7744904482092,79.8242293574481,23.06
"Fire Station, Nairobi",2025-05-13 00:00:00+00:00,daily,airqo,-1.2856439695632926,36.82145984325714,21.035094592907093,78.07079944361195,18.86
"Fire Station, Nairobi",2025-05-14 00:00:00+00:00,daily,airqo,-1.2811619629502369,36.82771842956958,21.107144014550265,71.71997123015873,20.91
"Fire Station, Nairobi",2025-05-14 00:00:00+00:00,daily,airqo,-1.2856439695632926,36.82145984325714,21.577403420223188,69.3897656050345,19.85
"Fire Station, Nairobi",2025-05-15 00:00:00+00:00,daily,airqo,-1.2811619629502369,36.82771842956958,21.4101207010582,71.48408779761905,21.05
"Fire Station, Nairobi",2025-05-15 00:00:00+00:00,daily,airqo,-1.2856439695632926,36.82145984325714,21.9644184981685,68.92908424908426,20.21
"Fire Station, Nairobi",2025-05-16 00:00:00+00:00,daily,airqo,-1.2811619629502369,36.82771842956958,22.028484653078404,67.28246557840308,15.98
"Fire Station, Nairobi",2025-05-16 00:00:00+00:00,daily,airqo,-1.2856439695632926,36.82145984325714,22.78162469474969,64.1737335927961,16.9
"Fire Station, Nairobi",2025-05-17 00:00:00+00:00,daily,airqo,-1.2811619629502369,36.82771842956958,22.14976802248677,67.71983697089946,17.84
"Fire Station, Nairobi",2025-05-17 00:00:00+00:00,daily,airqo,-1.2856439695632926,36.82145984325714,22.79238782051282,64.71384462759463,21.39
"Fire Station, Nairobi",2025-05-18 00:00:00+00:00,daily,airqo,-1.2811619629502369,36.82771842956958,22.30465383792406,69.13055148031435,23.65
"Fire Station, Nairobi",2025-05-18 00:00:00+00:00,daily,airqo,-1.2856439695632926,36.82145984325714,22.827527472527475,66.5545032051282,24.14
"Fire Station, Nairobi",2025-05-19 00:00:00+00:00,daily,airqo,-1.2811619629502369,36.82771842956958,22.09413597282347,70.46392745911497,20.99
"Fire Station, Nairobi",2025-05-19 00:00:00+00:00,daily,airqo,-1.2856439695632926,36.82145984325714,22.588975503663004,67.84120268620269,19.2
"Fire Station, Nairobi",2025-05-20 00:00:00+00:00,daily,airqo,-1.2811619629502369,36.82771842956958,21.942830522486773,72.76406498015872,17.51
"Fire Station, Nairobi",2025-05-20 00:00:00+00:00,daily,airqo,-1.2856439695632926,36.82145984325714,22.520308302808303,70.06443490537241,20.19
"Fire Station, Nairobi",2025-05-21 00:00:00+00:00,daily,airqo,-1.2811619629502369,36.82771842956958,23.30846349206349,65.18170468559218,17.42
"Fire Station, Nairobi",2025-05-21 00:00:00+00:00,daily,airqo,-1.2856439695632926,36.82145984325714,23.08644497863248,65.860480006105,19.98
"Fire Station, Nairobi",2025-05-22 00:00:00+00:00,daily,airqo,-1.2811619629502369,36.82771842956958,21.637388558201057,75.11107688492064,23.67
"Fire Station, Nairobi",2025-05-22 00:00:00+00:00,daily,airqo,-1.2856439695632926,36.82145984325714,22.14968933843934,72.29157096375847,18.28
"Fire Station, Nairobi",2025-05-23 00:00:00+00:00,daily,airqo,-1.2811619629502369,36.82771842956958,21.991755952380952,68.14949577621452,18.39
"Fire Station, Nairobi",2025-05-23 00:00:00+00:00,daily,airqo,-1.2856439695632926,36.82145984325714,22.645156406093907,65.03319451381951,20.45
"Fire Station, Nairobi",2025-05-24 00:00:00+00:00,daily,airqo,-1.2811619629502369,36.82771842956958,21.71654828042328,69.30624999999999,17.95
"Fire Station, Nairobi",2025-05-24 00:00:00+00:00,daily,airqo,-1.2856439695632926,36.82145984325714,22.32263621794872,66.48019612332112,19.89
"Fire Station, Nairobi",2025-05-25 00:00:00+00:00,daily,airqo,-1.2811619629502369,36.82771842956958,20.88923085016835,69.93514383417508,18.09
"Fire Station, Nairobi",2025-05-25 00:00:00+00:00,daily,airqo,-1.2856439695632926,36.82145984325714,21.46243411102786,66.92401275807526,22.59
"Fire Station, Nairobi",2025-05-26 00:00:00+00:00,daily,airqo,-1.2811619629502369,36.82771842956958,21.59258428030304,66.53282775673401,19.6
"Fire Station, Nairobi",2025-05-26 00:00:00+00:00,daily,airqo,-1.2856439695632926,36.82145984325714,22.32518898809524,63.49746194083695,18.34
"Fire Station, Nairobi",2025-05-27 00:00:00+00:00,daily,airqo,-1.2811619629502369,36.82771842956958,20.715951884920635,73.60719874338623,29.75
"Fire Station, Nairobi",2025-05-27 00:00:00+00:00,daily,airqo,-1.2856439695632926,36.82145984325714,21.18614279354904,70.73422290903541,24.15
"Fire Station, Nairobi",2025-05-28 00:00:00+00:00,daily,airqo,-1.2811619629502369,36.82771842956958,21.094043320105826,69.175103505291,18.83
"Fire Station, Nairobi",2025-05-28 00:00:00+00:00,daily,airqo,-1.2856439695632926,36.82145984325714,21.63229742479743,66.47782487651237,20.33
"Fire Station, Nairobi",2025-05-29 00:00:00+00:00,daily,airqo,-1.2811619629502369,36.82771842956958,21.131018187830687,68.72815029761905,20.41
"Fire Station, Nairobi",2025-05-29 00:00:00+00:00,daily,airqo,-1.2856439695632926,36.82145984325714,21.715074335386834,65.81293713231213,26.43
"Fire Station, Nairobi",2025-05-30 00:00:00+00:00,daily,airqo,-1.2811619629502369,36.82771842956958,21.421684102934105,58.54251399410774,22.25
"Fire Station, Nairobi",2025-05-30 00:00:00+00:00,daily,airqo,-1.2856439695632926,36.82145984325714,21.89976594932845,56.09619307081807,17.86
"Fire Station, Nairobi",2025-05-31 00:00:00+00:00,daily,airqo,-1.2811619629502369,36.82771842956958,21.25465839947089,60.41357721560846,21.57
"Fire Station, Nairobi",2025-05-31 00:00:00+00:00,daily,airqo,-1.2856439695632926,36.82145984325714,21.850146825396823,57.96412996031746,26.41
"Fire Station, Nairobi",2025-06-01 00:00:00+00:00,daily,airqo,-1.2811619629502369,36.82771842956958,21.530509920634923,65.39085168650793,15.88
"Fire Station, Nairobi",2025-06-01 00:00:00+00:00,daily,airqo,-1.2856439695632926,36.82145984325714,21.89648809523809,63.15906593406593,19.93
"Fire Station, Nairobi",2025-06-02 00:00:00+00:00,daily,airqo,-1.2811619629502369,36.82771842956958,22.06775231481481,65.79851902958153,17.55
"Fire Station, Nairobi",2025-06-02 00:00:00+00:00,daily,airqo,-1.2856439695632926,36.82145984325714,22.75126831501831,62.68175116550117,24.78
"Fire Station, Nairobi",2025-06-03 00:00:00+00:00,daily,airqo,-1.2811619629502369,36.82771842956958,21.41013376322751,67.47109375000001,22.85
"Fire Station, Nairobi",2025-06-03 00:00:00+00:00,daily,airqo,-1.2856439695632926,36.82145984325714,22.03637057387057,64.39662965506714,27.75
"Fire Station, Nairobi",2025-06-04 00:00:00+00:00,daily,airqo,-1.2811619629502369,36.82771842956958,21.423411375661374,65.86957721560846,27.8
"Fire Station, Nairobi",2025-06-04 00:00:00+00:00,daily,airqo,-1.2856439695632926,36.82145984325714,21.91022474053724,63.20449595543346,22.02
"Fire Station, Nairobi",2025-06-05 00:00:00+00:00,daily,airqo,-1.2811619629502369,36.82771842956958,21.62348726851852,65.96159656084656,26.48
"Fire Station, Nairobi",2025-06-05 00:00:00+00:00,daily,airqo,-1.2856439695632926,36.82145984325714,22.425610119047622,62.71969742063492,29.79
"Fire Station, Nairobi",2025-06-06 00:00:00+00:00,daily,airqo,-1.2811619629502369,36.82771842956958,20.432178406084656,71.13245056216931,26.02
"Fire Station, Nairobi",2025-06-06 00:00:00+00:00,daily,airqo,-1.2856439695632926,36.82145984325714,20.98113667582417,68.34440781440782,19.83
"Fire Station, Nairobi",2025-06-07 00:00:00+00:00,daily,airqo,-1.2811619629502369,36.82771842956958,20.75451785714285,66.94870552248678,16.2
"Fire Station, Nairobi",2025-06-07 00:00:00+00:00,daily,airqo,-1.2856439695632926,36.82145984325714,21.31400991369741,64.16178501359751,17.78
"Fire Station, Nairobi",2025-06-08 00:00:00+00:00,daily,airqo,-1.2811619629502369,36.82771842956958,21.3347359457672,66.58475496031747,18.53
"Fire Station, Nairobi",2025-06-08 00:00:00+00:00,daily,airqo,-1.2856439695632926,36.82145984325714,21.750929487179487,64.20177426739927,20.67
"Fire Station, Nairobi",2025-06-09 00:00:00+00:00,daily,airqo,-1.2811619629502369,36.82771842956958,20.4933823953824,72.06713743085618,26.24
"Fire Station, Nairobi",2025-06-09 00:00:00+00:00,daily,airqo,-1.2856439695632926,36.82145984325714,21.00343215811965,69.38939407814408,18.78
"Fire Station, Nairobi",2025-06-10 00:00:00+00:00,daily,airqo,-1.2811619629502369,36.82771842956958,21.53328703703704,59.86740449134199,18.07
"Fire Station, Nairobi",2025-06-10 00:00:00+00:00,daily,airqo,-1.2856439695632926,36.82145984325714,22.32393200549451,57.09383470695971,20.76
"Fire Station, Nairobi",2025-06-11 00:00:00+00:00,daily,airqo,-1.2811619629502369,36.82771842956958,21.24362003968254,66.89309556878307,23.43
"Fire Station, Nairobi",2025-06-11 00:00:00+00:00,daily,airqo,-1.2856439695632926,36.82145984325714,21.80010954323454,64.05752091658341,19.58
"Fire Station, Nairobi",2025-06-12 00:00:00+00:00,daily,airqo,-1.2811619629502369,36.82771842956958,20.92585763888889,67.97823197751323,20.55
"Fire Station, Nairobi",2025-06-12 00:00:00+00:00,daily,airqo,-1.2856439695632926,36.82145984325714,21.56822191697192,64.77920634920635,19.02
"Fire Station, Nairobi",2025-06-13 00:00:00+00:00,daily,airqo,-1.2811619629502369,36.82771842956958,20.8245914399319,57.6135288489532,30.67
"Fire Station, Nairobi",2025-06-13 00:00:00+00:00,daily,airqo,-1.2856439695632926,36.82145984325714,21.46682348901099,55.16732677045177,26.08
"Fire Station, Nairobi",2025-06-14 00:00:00+00:00,daily,airqo,-1.2811619629502369,36.82771842956958,20.61796451118326,60.48720743145743,32.2
"Fire Station, Nairobi",2025-06-14 00:00:00+00:00,daily,airqo,-1.2856439695632926,36.82145984325714,21.12131868131868,58.0171771978022,30.92
"Fire Station, Nairobi",2025-06-15 00:00:00+00:00,daily,airqo,-1.2811619629502369,36.82771842956958,20.04318287037037,59.35523693783068,24.67
"Fire Station, Nairobi",2025-06-15 00:00:00+00:00,daily,airqo,-1.2856439695632926,36.82145984325714,20.646373626373627,56.53719551282052,28.1
"Fire Station, Nairobi",2025-06-16 00:00:00+00:00,daily,airqo,-1.2811619629502369,36.82771842956958,19.810455357142857,64.5427650462963,24.8
"Fire Station, Nairobi",2025-06-16 00:00:00+00:00,daily,airqo,-1.2856439695632926,36.82145984325714,20.289610805860807,62.01501602564103,23.73
"Fire Station, Nairobi",2025-06-17 00:00:00+00:00,daily,airqo,-1.2811619629502369,36.82771842956958,20.309448743386245,67.77911736411737,22.15
"Fire Station, Nairobi",2025-06-17 00:00:00+00:00,daily,airqo,-1.2856439695632926,36.82145984325714,20.897133699633702,64.78266254578755,25.23
"Fire Station, Nairobi",2025-06-18 00:00:00+00:00,daily,airqo,-1.2811619629502369,36.82771842956958,21.52023493867244,64.79730907287157,26.13
"Fire Station, Nairobi",2025-06-18 00:00:00+00:00,daily,airqo,-1.2856439695632926,36.82145984325714,22.00921817765568,62.28122048090798,34.5
"Fire Station, Nairobi",2025-06-19 00:00:00+00:00,daily,airqo,-1.2811619629502369,36.82771842956958,21.249229332010582,67.59072867063493,27.01
"Fire Station, Nairobi",2025-06-19 00:00:00+00:00,daily,airqo,-1.2856439695632926,36.82145984325714,21.74994780219781,65.03260323010322,32.05
"Fire Station, Nairobi",2025-06-20 00:00:00+00:00,daily,airqo,-1.2811619629502369,36.82771842956958,19.60160433201058,78.41081944444444,35.46
"Fire Station, Nairobi",2025-06-20 00:00:00+00:00,daily,airqo,-1.2856439695632926,36.82145984325714,20.249850774225774,74.71476443695194,36.32
"Fire Station, Nairobi",2025-06-21 00:00:00+00:00,daily,airqo,-1.2811619629502369,36.82771842956958,21.90410152116402,68.67919113756614,47.22
"Fire Station, Nairobi",2025-06-21 00:00:00+00:00,daily,airqo,-1.2856439695632926,36.82145984325714,22.430081654456654,66.31297313797313,38.94
"Fire Station, Nairobi",2025-06-22 00:00:00+00:00,daily,airqo,-1.2811619629502369,36.82771842956958,20.813457942520444,71.19140931637807,34.88
"Fire Station, Nairobi",2025-06-22 00:00:00+00:00,daily,airqo,-1.2856439695632926,36.82145984325714,21.43700892857143,68.39298649267398,42.69
"Fire Station, Nairobi",2025-06-23 00:00:00+00:00,daily,airqo,-1.2811619629502369,36.82771842956958,19.91597806938432,70.65362477453102,31.01
"Fire Station, Nairobi",2025-06-23 00:00:00+00:00,daily,airqo,-1.2856439695632926,36.82145984325714,20.552877122877124,67.7316774891775,29.37
"Fire Station, Nairobi",2025-06-24 00:00:00+00:00,daily,airqo,-1.2811619629502369,36.82771842956958,20.89767410714286,60.78131630291006,26.04
"Fire Station, Nairobi",2025-06-24 00:00:00+00:00,daily,airqo,-1.2856439695632926,36.82145984325714,21.765438103563103,57.80149822399823,25.53
"Fire Station, Nairobi",2025-06-25 00:00:00+00:00,daily,airqo,-1.2811619629502369,36.82771842956958,21.49859027777778,63.17306388888888,26.82
"Fire Station, Nairobi",2025-06-25 00:00:00+00:00,daily,airqo,-1.2856439695632926,36.82145984325714,21.135311355311355,63.805279304029305,30.45
"Fire Station, Nairobi",2025-06-26 00:00:00+00:00,daily,airqo,-1.2811619629502369,36.82771842956958,19.78329437229437,76.88251106934001,37.57
"Fire Station, Nairobi",2025-06-26 00:00:00+00:00,daily,airqo,-1.2856439695632926,36.82145984325714,20.540461996337,73.04069642857144,30.82
"Fire Station, Nairobi",2025-06-27 00:00:00+00:00,daily,airqo,-1.2811619629502369,36.82771842956958,22.156907602813856,66.28796272246272,32.04
"Fire Station, Nairobi",2025-06-27 00:00:00+00:00,daily,airqo,-1.2856439695632926,36.82145984325714,22.862808302808304,63.4536485042735,31.72
"Fire Station, Nairobi",2025-06-28 00:00:00+00:00,daily,airqo,-1.2811619629502369,36.82771842956958,19.794663074194325,73.36049797077922,31.34
"Fire Station, Nairobi",2025-06-28 00:00:00+00:00,daily,airqo,-1.2856439695632926,36.82145984325714,20.37920229076479,70.53451982045732,34.47
"Fire Station, Nairobi",2025-06-29 00:00:00+00:00,daily,airqo,-1.2811619629502369,36.82771842956958,18.770520006613754,69.49478538359789,28.07
"Fire Station, Nairobi",2025-06-29 00:00:00+00:00,daily,airqo,-1.2856439695632926,36.82145984325714,19.187410714285715,67.15760531135531,33.36
"Fire Station, Nairobi",2025-06-30 00:00:00+00:00,daily,airqo,-1.2811619629502369,36.82771842956958,18.61684976250601,68.5083389399952,32.83
"Fire Station, Nairobi",2025-06-30 00:00:00+00:00,daily,airqo,-1.2856439695632926,36.82145984325714,18.98915331196581,66.30990651709402,19.72
"Fire Station, Nairobi",2025-07-01 00:00:00+00:00,daily,airqo,-1.2811619629502369,36.82771842956958,20.55017013888889,63.4313792989418,27.72
"Fire Station, Nairobi",2025-07-01 00:00:00+00:00,daily,airqo,-1.2856439695632926,36.82145984325714,21.10396888990639,61.00716664122914,26.28
"Fire Station, Nairobi",2025-07-02 00:00:00+00:00,daily,airqo,-1.2811619629502369,36.82771842956958,20.715520021645023,63.99723370610871,29.31
"Fire Station, Nairobi",2025-07-02 00:00:00+00:00,daily,airqo,-1.2856439695632926,36.82145984325714,21.326830357142857,61.46806252775003,29.26
"Fire Station, Nairobi",2025-07-03 00:00:00+00:00,daily,airqo,-1.2811619629502369,36.82771842956958,20.260714826839827,71.39889917027416,35.35
"Fire Station, Nairobi",2025-07-03 00:00:00+00:00,daily,airqo,-1.2856439695632926,36.82145984325714,20.71868513431013,69.10018901237652,39.47
"Fire Station, Nairobi",2025-07-04 00:00:00+00:00,daily,airqo,-1.2811619629502369,36.82771842956958,20.97120388407889,65.90316433682058,38.28
"Fire Station, Nairobi",2025-07-04 00:00:00+00:00,daily,airqo,-1.2856439695632926,36.82145984325714,21.69062767094017,63.10224893162393,32.48
"Fire Station, Nairobi",2025-07-05 00:00:00+00:00,daily,airqo,-1.2811619629502369,36.82771842956958,18.927202065295816,79.11311668771044,31.04
"Fire Station, Nairobi",2025-07-05 00:00:00+00:00,daily,airqo,-1.2856439695632926,36.82145984325714,19.298828775391275,76.79186216561216,34.31
"Fire Station, Nairobi",2025-07-06 00:00:00+00:00,daily,airqo,-1.2811619629502369,36.82771842956958,20.506428315897065,71.69579374098124,23.2
"Fire Station, Nairobi",2025-07-06 00:00:00+00:00,daily,airqo,-1.2856439695632926,36.82145984325714,21.07709706959707,69.24859432234432,27.35
"Fire Station, Nairobi",2025-07-07 00:00:00+00:00,daily,airqo,-1.2811619629502369,36.82771842956958,19.506523103054352,75.44038855820106,36.01
"Fire Station, Nairobi",2025-07-07 00:00:00+00:00,daily,airqo,-1.2856439695632926,36.82145984325714,20.08355463980464,72.5740521978022,23.48
"Fire Station, Nairobi",2025-07-08 00:00:00+00:00,daily,airqo,-1.2811619629502369,36.82771842956958,18.73659703907204,77.17149082722833,21.32
"Fire Station, Nairobi",2025-07-08 00:00:00+00:00,daily,airqo,-1.2856439695632926,36.82145984325714,19.2915023072166,74.15032725211297,27.12
"Fire Station, Nairobi",2025-07-09 00:00:00+00:00,daily,airqo,,,,,
"Fire Station, Nairobi",2025-07-10 00:00:00+00:00,daily,airqo,,,,,
"Fire Station, Nairobi",2025-07-11 00:00:00+00:00,daily,airqo,-1.281161962950237,36.82771842956958,20.26499858276644,69.80912698412699,26.27
"Fire Station, Nairobi",2025-07-11 00:00:00+00:00,daily,airqo,-1.2856439695632926,36.82145984325714,20.98888479020979,65.94961476625227,23.4
"Fire Station, Nairobi",2025-07-12 00:00:00+00:00,daily,airqo,-1.2811619629502369,36.82771842956958,20.445729828042328,69.24421048280423,27.97
"Fire Station, Nairobi",2025-07-12 00:00:00+00:00,daily,airqo,-1.2856439695632926,36.82145984325714,21.040812893819144,66.78424766691641,32.86
"Fire Station, Nairobi",2025-07-13 00:00:00+00:00,daily,airqo,-1.2811619629502369,36.82771842956958,19.41480638227513,70.73912450396826,29.51
"Fire Station, Nairobi",2025-07-13 00:00:00+00:00,daily,airqo,-1.2856439695632926,36.82145984325714,19.99826600698684,68.21798503934338,24.64
"Fire Station, Nairobi",2025-07-14 00:00:00+00:00,daily,airqo,-1.2811619629502369,36.82771842956958,20.119696684102937,68.1032995580808,28.88
"Fire Station, Nairobi",2025-07-14 00:00:00+00:00,daily,airqo,-1.2856439695632926,36.82145984325714,20.84331004183498,65.34511742132459,26.85
"Fire Station, Nairobi",2025-07-15 00:00:00+00:00,daily,airqo,-1.2811619629502369,36.82771842956958,20.20453869047619,65.71450876322751,42.06
"Fire Station, Nairobi",2025-07-15 00:00:00+00:00,daily,airqo,-1.2856439695632926,36.82145984325714,20.97131578976579,62.74071042938542,32.76
"Fire Station, Nairobi",2025-07-16 00:00:00+00:00,daily,airqo,-1.2811619629502369,36.82771842956958,20.16791716269841,68.21834060846561,36.62
"Fire Station, Nairobi",2025-07-16 00:00:00+00:00,daily,airqo,-1.2856439695632926,36.82145984325714,20.69787745371912,66.0009975550684,32.45
"Fire Station, Nairobi",2025-07-17 00:00:00+00:00,daily,airqo,-1.2811619629502369,36.82771842956958,20.815339285714284,67.56318088624339,37.37
"Fire Station, Nairobi",2025-07-17 00:00:00+00:00,daily,airqo,-1.2856439695632926,36.82145984325714,21.48147692585193,65.0034141090391,29.65
"Fire Station, Nairobi",2025-07-18 00:00:00+00:00,daily,airqo,-1.2811619629502369,36.82771842956958,19.861139880952383,73.63764186507937,33.25
"Fire Station, Nairobi",2025-07-18 00:00:00+00:00,daily,airqo,-1.2856439695632926,36.82145984325714,20.570546189921192,71.29747141747141,32.07
"Fire Station, Nairobi",2025-07-19 00:00:00+00:00,daily,airqo,-1.2811619629502369,36.82771842956958,19.55297271825397,67.50909788359787,25.62
"Fire Station, Nairobi",2025-07-19 00:00:00+00:00,daily,airqo,-1.2856439695632926,36.82145984325714,20.365011446886445,64.8426717032967,23.87
"Fire Station, Nairobi",2025-07-20 00:00:00+00:00,daily,airqo,-1.2811619629502369,36.82771842956958,18.663960633116883,69.0613051046176,37.32
"Fire Station, Nairobi",2025-07-20 00:00:00+00:00,daily,airqo,-1.2856439695632926,36.82145984325714,19.352433608058607,66.8177380952381,44.79
"Fire Station, Nairobi",2025-07-21 00:00:00+00:00,daily,airqo,-1.2811619629502369,36.82771842956958,19.930375165343914,64.57998792989419,49.64
"Fire Station, Nairobi",2025-07-21 00:00:00+00:00,daily,airqo,-1.2856439695632926,36.82145984325714,20.80880227411477,62.00541781135531,32.06
"Fire Station, Nairobi",2025-07-22 00:00:00+00:00,daily,airqo,-1.212854120797083,34.86050011890033,18.43267542989418,70.57211078042327,38.76
"Fire Station, Nairobi",2025-07-22 00:00:00+00:00,daily,airqo,-1.2426356262721787,35.70449439756475,19.12047153727264,67.94819578760927,31.19
"Fire Station, Nairobi",2025-07-23 00:00:00+00:00,daily,airqo,-1.14630958528121,32.969802662278305,18.60671366943242,68.16263685966811,43.42
"Fire Station, Nairobi",2025-07-23 00:00:00+00:00,daily,airqo,-1.2583623729794475,36.152138408210114,18.98389171476672,66.57899442340067,40.6
"Fire Station, Nairobi",2025-07-24 00:00:00+00:00,daily,airqo,-1.1873496802922747,34.15831570166373,20.324806712962964,60.71906564153439,36.21
"Fire Station, Nairobi",2025-07-24 00:00:00+00:00,daily,airqo,-1.2827286562565472,36.82340471532844,21.229016038359788,58.15498561507937,30.51
"Fire Station, Nairobi",2025-07-25 00:00:00+00:00,daily,airqo,-1.105979164666005,31.81138193938492,20.464016534391536,61.72345337301587,37.22
"Fire Station, Nairobi",2025-07-25 00:00:00+00:00,daily,airqo,-1.1779269070271166,33.89948327829034,21.261604828042326,59.38570502645504,30.23
"Fire Station, Nairobi",2025-07-26 00:00:00+00:00,daily,airqo,-0.9075692232142856,26.1000667478836,21.247719907407408,56.35089087301588,34.08
"Fire Station, Nairobi",2025-07-26 00:00:00+00:00,daily,airqo,-1.0625809411375662,30.5428305707672,21.935479166666667,55.10637681878307,33.06
"Fire Station, Nairobi",2025-07-27 00:00:00+00:00,daily,airqo,-0.9700609173971864,27.91991654479017,19.407463486404662,61.98166830949552,29.49
"Fire Station, Nairobi",2025-07-27 00:00:00+00:00,daily,airqo,-1.1116957508800636,32.00044422616175,20.152515451052217,59.976993237359046,29.42
"Fire Station, Nairobi",2025-07-28 00:00:00+00:00,daily,airqo,-1.2801694583333332,36.820714333333335,15.13775,73.45383333333332,74.7
"Fire Station, Nairobi",2025-07-28 00:00:00+00:00,daily,airqo,-1.276341125,36.81782125000001,15.30275,72.21075000000002,105.71
"Fire Station, Nairobi",2025-07-29 00:00:00+00:00,daily,airqo,-0.503261255812325,14.466452948319327,20.63874104490281,56.37287307953484,41.46
"Fire Station, Nairobi",2025-07-29 00:00:00+00:00,daily,airqo,-1.2528523242084713,36.00977631553985,21.36658424581954,54.38711991766404,32.91
"Fire Station, Nairobi",2025-07-30 00:00:00+00:00,daily,airqo,-1.1169492443617726,32.12866239672619,19.60959672619048,58.12230968915344,27.57
"Fire Station, Nairobi",2025-07-30 00:00:00+00:00,daily,airqo,-1.2708651717592592,36.56679856428571,20.203621197089948,56.53526041666667,38.48
"Fire Station, Nairobi",2025-07-31 00:00:00+00:00,daily,airqo,-1.016582253075397,29.22655631934524,20.350444444444445,61.41787648809524,29.38
"Fire Station, Nairobi",2025-07-31 00:00:00+00:00,daily,airqo,-1.2640560817640694,36.3478302133658,21.07337802128427,59.61109505772006,30.0
"Fire Station, Nairobi",2025-08-01 00:00:00+00:00,daily,airqo,-0.8121024463939995,23.364647994002524,18.679903213684465,69.17202362914863,32.18
"Fire Station, Nairobi",2025-08-01 00:00:00+00:00,daily,airqo,-1.0380700526439994,29.87595387389069,19.19376663961039,67.36818357683983,35.77
"Fire Station, Nairobi",2025-08-02 00:00:00+00:00,daily,airqo,-0.8596565812530063,24.712592203120494,19.198258673039923,69.09625701960077,42.73
"Fire Station, Nairobi",2025-08-02 00:00:00+00:00,daily,airqo,-1.1236704350033069,32.315104641054894,19.782973875661376,67.36754976851851,34.85
"Fire Station, Nairobi",2025-08-03 00:00:00+00:00,daily,airqo,-1.038443503637566,29.85602698698744,19.490397546897547,68.1169867574555,27.54
"Fire Station, Nairobi",2025-08-03 00:00:00+00:00,daily,airqo,-1.1175293735780425,32.15432073353175,20.0240603505291,66.61548230820107,41.42
"Fire Station, Nairobi",2025-08-04 00:00:00+00:00,daily,airqo,-1.1284200569609788,32.46498017840609,19.954459325396822,58.93748015873016,44.04
"Fire Station, Nairobi",2025-08-04 00:00:00+00:00,daily,airqo,-1.278450654513889,36.82088574145172,20.72597328944204,57.18378218193843,39.71
"Fire Station, Nairobi",2025-08-05 00:00:00+00:00,daily,airqo,-1.0078552831845238,28.95915388966601,19.34878204665705,62.20458393458393,31.03
"Fire Station, Nairobi",2025-08-05 00:00:00+00:00,daily,airqo,-1.2804638018849206,36.822570045734125,19.934740689865688,60.50091493691494,32.46
"Fire Station, Nairobi",2025-08-06 00:00:00+00:00,daily,airqo,-1.1749736383101852,33.79736650719246,20.87371138468013,59.30485442219817,33.11
"Fire Station, Nairobi",2025-08-06 00:00:00+00:00,daily,airqo,-1.281497,36.823177,21.43739676989677,58.11580273892775,31.91
"Fire Station, Nairobi",2025-08-07 00:00:00+00:00,daily,airqo,-1.0719454904265873,30.81711344821429,21.01148743386243,66.59583366402117,35.92
"Fire Station, Nairobi",2025-08-07 00:00:00+00:00,daily,airqo,-1.281497,36.823177,21.54836365023865,65.04325573731823,29.78
"Fire Station, Nairobi",2025-08-08 00:00:00+00:00,daily,airqo,-0.9412519290013228,27.077024546164026,20.57473296957672,66.3041078042328,34.3
"Fire Station, Nairobi",2025-08-08 00:00:00+00:00,daily,airqo,-1.281497,36.823177,21.174576291763795,64.5122274947275,39.22
"Fire Station, Nairobi",2025-08-09 00:00:00+00:00,daily,airqo,-0.9721019828042328,27.944398166749338,18.830320556758057,70.14037791606542,39.27
"Fire Station, Nairobi",2025-08-09 00:00:00+00:00,daily,airqo,-1.2817375113636365,36.82531299242424,19.12881385975136,69.38158182095681,40.33
"Fire Station, Nairobi",2025-08-10 00:00:00+00:00,daily,airqo,-0.948358447255291,27.27678547088294,20.998155257936507,60.3237791005291,34.54
"Fire Station, Nairobi",2025-08-10 00:00:00+00:00,daily,airqo,-1.282262,36.829971,21.6408650030525,58.8976221001221,35.76
"Fire Station, Nairobi",2025-08-11 00:00:00+00:00,daily,airqo,-0.9821838551061208,28.234906318506493,19.43426742123617,66.4145248015873,30.08
"Fire Station, Nairobi",2025-08-11 00:00:00+00:00,daily,airqo,-1.282262,36.829971,20.037821345321344,64.77676760739261,24.87
"Fire Station, Nairobi",2025-08-12 00:00:00+00:00,daily,airqo,-1.010934932175926,29.054797267427247,18.581449404761905,69.01748363095238,38.38
"Fire Station, Nairobi",2025-08-12 00:00:00+00:00,daily,airqo,-1.282262,36.829971,18.9264957958708,68.09716262903763,39.51
"Fire Station, Nairobi",2025-08-13 00:00:00+00:00,daily,airqo,-1.1739837368175807,33.74916027639039,20.190955236892737,60.42347216209716,30.39
"Fire Station, Nairobi",2025-08-13 00:00:00+00:00,daily,airqo,-1.282262,36.829971,20.806710789210783,58.98750280969031,34.13
"Fire Station, Nairobi",2025-08-14 00:00:00+00:00,daily,airqo,-1.1885920008267197,34.18249635858135,21.67372255291005,54.082928240740735,33.95
"Fire Station, Nairobi",2025-08-14 00:00:00+00:00,daily,airqo,-1.2799590243055554,36.82851350694445,22.16551587301588,53.30067956349206,29.19
"Fire Station, Nairobi",2025-08-15 00:00:00+00:00,daily,airqo,-1.1748358862659332,33.76206788108165,21.085378848003845,63.78665972222223,28.29
"Fire Station, Nairobi",2025-08-15 00:00:00+00:00,daily,airqo,-1.266085,36.819733,21.652649038461536,62.44280570818071,29.36
"Fire Station, Nairobi",2025-08-16 00:00:00+00:00,daily,airqo,-1.097781164031686,31.59286469474808,20.25714392436268,72.3534242574555,28.94
"Fire Station, Nairobi",2025-08-16 00:00:00+00:00,daily,airqo,-1.266085,36.819733,20.76144248112998,71.11287639443889,29.2
"Fire Station, Nairobi",2025-08-17 00:00:00+00:00,daily,airqo,-0.9318660986607142,26.835116179894182,19.61825958994709,77.65683449074074,29.92
"Fire Station, Nairobi",2025-08-17 00:00:00+00:00,daily,airqo,-1.266085,36.819733,20.050567765567767,76.69010302197802,35.46
"Fire Station, Nairobi",2025-08-18 00:00:00+00:00,daily,airqo,-1.1398707490410052,32.76998250228174,16.97935482804233,87.957394510582,24.58
"Fire Station, Nairobi",2025-08-18 00:00:00+00:00,daily,airqo,-1.266085,36.819733,17.243055173992676,87.22122367216117,24.14
"Fire Station, Nairobi",2025-08-19 00:00:00+00:00,daily,airqo,-1.026681789436027,29.487489222501804,18.030078748797497,76.95862868265993,29.63
"Fire Station, Nairobi",2025-08-19 00:00:00+00:00,daily,airqo,-1.2719573484848483,36.82104928787879,18.402707223332225,75.96459616772117,30.06
"Fire Station, Nairobi",2025-08-20 00:00:00+00:00,daily,airqo,-1.064712385813492,30.589721946626984,19.105881283068783,67.30549041005291,37.19
"Fire Station, Nairobi",2025-08-20 00:00:00+00:00,daily,airqo,-1.2804896363636364,36.822520727272725,19.64740734959485,66.12685692779444,42.78
"Fire Station, Nairobi",2025-08-21 00:00:00+00:00,daily,airqo,-1.13597134864418,32.654029501669974,19.017099206349208,69.20279398148148,56.6
"Fire Station, Nairobi",2025-08-21 00:00:00+00:00,daily,airqo,-1.280896375,36.822791125,19.445762015762018,68.01801771145522,46.82
"Fire Station, Nairobi",2025-08-22 00:00:00+00:00,daily,airqo,-1.1036006796792328,31.765771512185847,19.295039923039923,62.20275465969217,27.74
"Fire Station, Nairobi",2025-08-22 00:00:00+00:00,daily,airqo,-1.1386368149746,32.75037736789587,19.90674524720981,60.89030412939516,34.12
"Fire Station, Nairobi",2025-08-23 00:00:00+00:00,daily,airqo,-0.9202163293485448,26.457389541253303,18.188935515873016,68.18826570767196,37.33
"Fire Station, Nairobi",2025-08-23 00:00:00+00:00,daily,airqo,-0.7880884791889579,22.66969064660913,18.66475093551753,66.94744378822817,30.14
"Fire Station, Nairobi",2025-08-24 00:00:00+00:00,daily,airqo,-1.0265959232218014,29.50223007175625,20.64237518037518,62.72630614177489,24.33
"Fire Station, Nairobi",2025-08-24 00:00:00+00:00,daily,airqo,-0.8362349990415804,24.092921422079645,21.148941005476747,61.57216653698503,26.05
"Fire Station, Nairobi",2025-08-25 00:00:00+00:00,daily,airqo,-1.1093942748511905,31.92796026438492,21.437118551587304,61.59890674603175,36.27
"Fire Station, Nairobi",2025-08-25 00:00:00+00:00,daily,airqo,-1.1760221382134723,33.8105395630926,22.01809756993284,60.565926360087616,26.89
"Fire Station, Nairobi",2025-08-26 00:00:00+00:00,daily,airqo,-1.1611295920439515,33.36413052647307,20.78711689814815,61.63961613155363,26.54
"Fire Station, Nairobi",2025-08-26 00:00:00+00:00,daily,airqo,-1.2044290120895187,34.60603188175375,21.60421415506056,60.08585306319032,33.37
"Fire Station, Nairobi",2025-08-27 00:00:00+00:00,daily,airqo,-0.9912094965277776,28.497366535846563,21.87794576719577,59.03057060185185,28.4
"Fire Station, Nairobi",2025-08-27 00:00:00+00:00,daily,airqo,-1.2736201022727274,36.82433660227273,22.38384414196914,58.26172074453325,26.36
"Fire Station, Nairobi",2025-08-28 00:00:00+00:00,daily,airqo,-1.071496792824074,30.81802048201058,21.57263624338624,57.31222585978836,29.03
"Fire Station, Nairobi",2025-08-28 00:00:00+00:00,daily,airqo,-1.267735,36.825241,22.2551510989011,56.221975351037855,26.77
"Fire Station, Nairobi",2025-08-29 00:00:00+00:00,daily,airqo,-1.0983623916335978,31.56967608564815,21.089511078042328,56.822842923280426,33.72
"Fire Station, Nairobi",2025-08-29 00:00:00+00:00,daily,airqo,-1.267735,36.825241,21.611473526473528,56.44020989427239,39.56
"Fire Station, Nairobi",2025-08-30 00:00:00+00:00,daily,airqo,-1.227605360019841,35.309933731051586,20.726358946608947,53.91889679533429,29.55
"Fire Station, Nairobi",2025-08-30 00:00:00+00:00,daily,airqo,-1.267735,36.825241,21.56861721611721,52.680313644688646,34.28
"Fire Station, Nairobi",2025-08-31 00:00:00+00:00,daily,airqo,-1.056401549785053,30.36024473239087,20.267310846560846,60.24105869708995,25.94
"Fire Station, Nairobi",2025-08-31 00:00:00+00:00,daily,airqo,-0.8099418055555555,23.527237305555555,21.11230273199024,58.50345543345543,27.94
"Fire Station, Nairobi",2025-09-01 00:00:00+00:00,daily,airqo,-0.9766285870415464,28.066608916617067,21.635243416305915,54.917123767436266,28.53
"Fire Station, Nairobi",2025-09-01 00:00:00+00:00,daily,airqo,0.0,0.0,22.35312934981685,53.75929357448107,27.63
"Fire Station, Nairobi",2025-09-02 00:00:00+00:00,daily,airqo,-1.0408591028769842,29.92544991607143,21.2004871031746,56.44277876984126,34.98
"Fire Station, Nairobi",2025-09-02 00:00:00+00:00,daily,airqo,0.0,0.0,21.8163721001221,55.22946733821734,38.7
"Fire Station, Nairobi",2025-09-03 00:00:00+00:00,daily,airqo,-1.119339693452381,32.15570823606151,21.40666997354497,52.54969742063492,44.86
"Fire Station, Nairobi",2025-09-03 00:00:00+00:00,daily,airqo,-0.6059445,17.57461793181818,22.074970862470863,51.6648385989011,29.41
"Fire Station, Nairobi",2025-09-04 00:00:00+00:00,daily,airqo,-1.0938804944113756,31.486942307721563,19.96684871031746,63.39042377645503,33.4
"Fire Station, Nairobi",2025-09-04 00:00:00+00:00,daily,airqo,-1.269598,36.823009,20.70261256105006,61.96790712759463,28.07
"Fire Station, Nairobi",2025-09-05 00:00:00+00:00,daily,airqo,-1.2008428404927247,34.53450051493056,21.32676306216932,55.238478339947086,41.2
"Fire Station, Nairobi",2025-09-05 00:00:00+00:00,daily,airqo,-1.269598,36.823009,21.88168376762127,54.46038957570208,39.58
"Fire Station, Nairobi",2025-09-06 00:00:00+00:00,daily,airqo,-1.0348453491898149,29.776879692245373,22.309894014550267,51.45464318783069,34.08
"Fire Station, Nairobi",2025-09-06 00:00:00+00:00,daily,airqo,-1.27097925,36.8159061875,22.71704033466533,51.34275251831502,33.39
"Fire Station, Nairobi",2025-09-07 00:00:00+00:00,daily,airqo,-1.1743544197759914,33.775175869975264,20.266813337456195,56.37952310520167,28.53
"Fire Station, Nairobi",2025-09-07 00:00:00+00:00,daily,airqo,-1.272198,36.809639,21.81326427045177,53.09173611111111,27.43
"Fire Station, Nairobi",2025-09-08 00:00:00+00:00,daily,airqo,-1.0749595557208995,30.90328038716932,22.329675595238097,56.733424437830685,32.9
"Fire Station, Nairobi",2025-09-08 00:00:00+00:00,daily,airqo,-1.2770221666666666,36.81663422727273,22.961384657009656,56.10083688533688,29.17
"Fire Station, Nairobi",2025-09-09 00:00:00+00:00,daily,airqo,-1.03184635135582,29.65299018210979,21.940972883597883,61.109161706349205,25.58
"Fire Station, Nairobi",2025-09-09 00:00:00+00:00,daily,airqo,-1.2812862083333334,36.82322465972222,22.69988510794761,59.78641212953713,23.84
"Fire Station, Nairobi",2025-09-10 00:00:00+00:00,daily,airqo,-1.1963468617559525,34.41158122562831,22.317992394179896,61.11718204365079,25.32
"Fire Station, Nairobi",2025-09-10 00:00:00+00:00,daily,airqo,-1.281282,36.823685,22.81218981712732,60.78364710289711,26.45
"Fire Station, Nairobi",2025-09-11 00:00:00+00:00,daily,airqo,-1.1150887246858463,32.0451845006283,21.489720734126987,59.01176140873016,22.82
"Fire Station, Nairobi",2025-09-11 00:00:00+00:00,daily,airqo,-1.28136,36.823550375,22.11417277167277,58.10506326312576,20.71
"Fire Station, Nairobi",2025-09-12 00:00:00+00:00,daily,airqo,-0.9877934703373016,28.44227970438161,21.55933201058201,58.12097387566138,21.79
"Fire Station, Nairobi",2025-09-12 00:00:00+00:00,daily,airqo,-1.281515928240741,36.82327355671296,22.354650742775743,56.91406046499796,22.49
"Fire Station, Nairobi",2025-09-13 00:00:00+00:00,daily,airqo,-1.1608171719080689,33.36036479966931,22.011651124338623,54.31122916666666,22.28
"Fire Station, Nairobi",2025-09-13 00:00:00+00:00,daily,airqo,-1.2814985,36.823263,22.70092948717949,53.27503205128205,21.49
"Fire Station, Nairobi",2025-09-14 00:00:00+00:00,daily,airqo,-1.0743263467577562,30.876062216337484,23.602040945165943,48.89024852693603,26.59
"Fire Station, Nairobi",2025-09-14 00:00:00+00:00,daily,airqo,-1.28148,36.823265,24.10940705128205,48.926153846153845,23.64
"Fire Station, Nairobi",2025-09-15 00:00:00+00:00,daily,airqo,-1.129143819212963,32.44703378955027,22.669156084656084,55.642854166666666,31.53
"Fire Station, Nairobi",2025-09-15 00:00:00+00:00,daily,airqo,-1.2814520453267684,36.82305046017876,23.01878608963658,55.67363646636588,30.4
"Fire Station, Nairobi",2025-09-16 00:00:00+00:00,daily,airqo,-1.1424663058441558,32.84378566386634,23.07934302849928,54.16484136002887,33.58
"Fire Station, Nairobi",2025-09-16 00:00:00+00:00,daily,airqo,-1.1860333191373786,34.16675974943751,23.569594175179528,54.129530762755394,31.49
"Fire Station, Nairobi",2025-09-17 00:00:00+00:00,daily,airqo,-1.1145734835152117,32.07085238664021,23.70978538359789,52.44352331349206,34.15
"Fire Station, Nairobi",2025-09-17 00:00:00+00:00,daily,airqo,-1.281512,36.8232,24.35889537545788,52.02620192307692,28.61
"Fire Station, Nairobi",2025-09-18 00:00:00+00:00,daily,airqo,-1.093491309768819,31.44011142471741,23.24352128427128,60.70755657768158,40.88
"Fire Station, Nairobi",2025-09-18 00:00:00+00:00,daily,airqo,-1.281512,36.8232,23.94696085164836,60.01640071733822,38.25
"Fire Station, Nairobi",2025-09-19 00:00:00+00:00,daily,airqo,-1.0826062316770186,31.131330458126296,23.06283281573499,54.68736076604555,30.93
"Fire Station, Nairobi",2025-09-19 00:00:00+00:00,daily,airqo,-0.6140578333333333,17.64445,23.9603693944944,53.62001266095016,29.17
"Fire Station, Nairobi",2025-09-20 00:00:00+00:00,daily,airqo,-1.1342615761574073,32.60250795810185,21.732085648148143,55.72501851851852,29.44
"Fire Station, Nairobi",2025-09-20 00:00:00+00:00,daily,airqo,0.0,0.0,22.18796446608947,55.86542030885781,25.36
"Fire Station, Nairobi",2025-09-21 00:00:00+00:00,daily,airqo,-1.1710735423913043,33.673433457608695,22.155731884057968,55.92330072463768,22.59
"Fire Station, Nairobi",2025-09-21 00:00:00+00:00,daily,airqo,-0.6790193297720798,19.51662444528728,22.746114952177454,55.364555211301045,21.34
"Fire Station, Nairobi",2025-09-22 00:00:00+00:00,daily,airqo,-0.9966155708333332,28.665463284027776,21.66219444444444,59.751618055555554,35.65
"Fire Station, Nairobi",2025-09-22 00:00:00+00:00,daily,airqo,-1.2813934889770724,36.82321089270341,22.311819696004125,59.12592253879973,33.51
"Fire Station, Nairobi",2025-09-23 00:00:00+00:00,daily,airqo,-0.9925338602272727,28.4806614719697,21.64873932506887,55.44150792011019,34.8
"Fire Station, Nairobi",2025-09-23 00:00:00+00:00,daily,airqo,-1.1975410324964388,34.4049314286859,21.998566298670465,54.932232598612806,32.68
"Fire Station, Nairobi",2025-09-24 00:00:00+00:00,daily,airqo,-1.1479758252923975,32.98750470431287,15.989649122807018,76.43234722222222,22.77
"Fire Station, Nairobi",2025-09-24 00:00:00+00:00,daily,airqo,-1.2680410000000002,36.8227168,16.210125925925926,75.19921481481481,19.59
"Fire Station, Nairobi",2025-10-06 00:00:00+00:00,daily,airqo,-0.2075554320987654,6.059302160493827,21.349589176255844,62.60535197312975,26.77
"Fire Station, Nairobi",2025-10-06 00:00:00+00:00,daily,airqo,-1.279358,36.822495,21.60469841269841,63.71196336996336,23.76
"Fire Station, Nairobi",2025-10-07 00:00:00+00:00,daily,airqo,-0.6991980834859586,20.112620442816446,21.73739079670329,62.75761877798127,25.09
"Fire Station, Nairobi",2025-10-07 00:00:00+00:00,daily,airqo,-1.279358,36.822495,22.495129384504384,62.99978944666445,23.2
"Fire Station, Nairobi",2025-10-08 00:00:00+00:00,daily,airqo,-1.28153,36.823196,21.55042200854701,61.4822599969475,21.72
"Fire Station, Nairobi",2025-10-08 00:00:00+00:00,daily,airqo,-1.279358,36.822495,22.34808725996226,61.45950833888333,20.38
"Fire Station, Nairobi",2025-10-09 00:00:00+00:00,daily,airqo,-1.28153,36.823196,21.54368093711844,61.73552426739926,18.79
"Fire Station, Nairobi",2025-10-09 00:00:00+00:00,daily,airqo,-1.279358,36.822495,22.49763451825952,61.43282040875791,17.47
"Fire Station, Nairobi",2025-10-10 00:00:00+00:00,daily,airqo,-1.28153,36.823196,22.35465811965812,58.37965697496947,21.95
"Fire Station, Nairobi",2025-10-10 00:00:00+00:00,daily,airqo,-1.2782120541666666,36.82141615277778,22.86447137584637,59.56340184815185,19.4
"Fire Station, Nairobi",2025-10-11 00:00:00+00:00,daily,airqo,-1.28153,36.823196,22.94138965201465,50.75884653540904,23.22
"Fire Station, Nairobi",2025-10-11 00:00:00+00:00,daily,airqo,-1.2813553849702382,36.82308079325397,23.324113633588635,52.60447051282051,21.96
"Fire Station, Nairobi",2025-10-12 00:00:00+00:00,daily,airqo,-1.28153,36.823196,22.631865842490843,52.16572802197802,20.83
"Fire Station, Nairobi",2025-10-12 00:00:00+00:00,daily,airqo,-1.281505,36.823193,22.993753815628818,53.61681471306471,16.97
"Fire Station, Nairobi",2025-10-13 00:00:00+00:00,daily,airqo,-1.28153,36.823196,22.778115842490845,54.32696886446886,24.09
"Fire Station, Nairobi",2025-10-13 00:00:00+00:00,daily,airqo,-1.2815936217592592,36.82357322731482,23.298037326099827,55.53975424344174,22.48
"Fire Station, Nairobi",2025-10-14 00:00:00+00:00,daily,airqo,-1.28153,36.823196,22.71282051282052,53.684672619047625,28.3
"Fire Station, Nairobi",2025-10-14 00:00:00+00:00,daily,airqo,-1.281485,36.8232995,23.55924608030858,54.143603341103336,26.69
"Fire Station, Nairobi",2025-10-15 00:00:00+00:00,daily,airqo,-0.5577017534722223,16.024909878472226,23.049724384411885,52.84311412545787,26.94
"Fire Station, Nairobi",2025-10-15 00:00:00+00:00,daily,airqo,-1.2815095635521885,36.82324403240741,24.02142509226884,53.32678960969586,25.46
"Fire Station, Nairobi",2025-10-16 00:00:00+00:00,daily,airqo,0.0,0.0,22.92384081196581,57.86775335775335,23.98
"Fire Station, Nairobi",2025-10-16 00:00:00+00:00,daily,airqo,-1.2815479999999997,36.823204,23.37471115689865,59.007758699633705,22.91
"Fire Station, Nairobi",2025-10-17 00:00:00+00:00,daily,airqo,0.0,0.0,21.816897893772893,62.74885073260074,25.39
"Fire Station, Nairobi",2025-10-17 00:00:00+00:00,daily,airqo,-1.2815479999999997,36.823204,22.21012057387057,63.9343398962149,23.58
"Fire Station, Nairobi",2025-10-18 00:00:00+00:00,daily,airqo,0.0,0.0,22.186031746031745,57.87495421245421,26.03
"Fire Station, Nairobi",2025-10-18 00:00:00+00:00,daily,airqo,-1.2814651527777776,36.82317485069444,22.735903228715728,58.60727983821733,24.55
"Fire Station, Nairobi",2025-10-19 00:00:00+00:00,daily,airqo,0.0,0.0,21.99147435897436,53.757249694749696,23.09
"Fire Station, Nairobi",2025-10-19 00:00:00+00:00,daily,airqo,-1.281368,36.823158,22.62549221611722,54.47652014652015,21.26
"Fire Station, Nairobi",2025-10-20 00:00:00+00:00,daily,airqo,0.0,0.0,23.86455687830688,46.49133636039886,23.19
"Fire Station, Nairobi",2025-10-20 00:00:00+00:00,daily,airqo,-1.281368,36.823158,23.76603267505441,49.257823432606045,20.88
"Fire Station, Nairobi",2025-10-21 00:00:00+00:00,daily,airqo,0.0,0.0,23.94312919719169,48.21170673076923,32.29
"Fire Station, Nairobi",2025-10-21 00:00:00+00:00,daily,airqo,-1.28146075,36.82322916666666,24.112673090798094,50.10668269230769,29.06
"Fire Station, Nairobi",2025-10-22 00:00:00+00:00,daily,airqo,0.0,0.0,21.8560492979243,55.13441926129426,36.52
"Fire Station, Nairobi",2025-10-22 00:00:00+00:00,daily,airqo,-1.2814794015151516,36.82328406060606,22.212691405816404,56.4423572954823,33.84
"Fire Station, Nairobi",2025-10-23 00:00:00+00:00,daily,airqo,0.0,0.0,22.39757593101343,62.91502556471306,41.85
"Fire Station, Nairobi",2025-10-23 00:00:00+00:00,daily,airqo,-1.281458,36.823303,22.775322594072595,64.60986666111665,39.89
"Fire Station, Nairobi",2025-10-24 00:00:00+00:00,daily,airqo,-0.7183970454545455,20.643305166666668,22.40299488705739,68.13951021201021,33.43
"Fire Station, Nairobi",2025-10-24 00:00:00+00:00,daily,airqo,-1.281458,36.823303,22.78752823565324,69.77988095238095,30.23
"Fire Station, Nairobi",2025-10-25 00:00:00+00:00,daily,airqo,-1.281465,36.823193,23.01920253357753,64.5691556013431,28.06
"Fire Station, Nairobi",2025-10-25 00:00:00+00:00,daily,airqo,-1.2801722083333331,36.82283188888889,23.42036192973693,66.51230703324454,25.76
"Fire Station, Nairobi",2025-10-26 00:00:00+00:00,daily,airqo,-1.281465,36.823193,23.82888202075702,58.51296817765567,24.32
"Fire Station, Nairobi",2025-10-26 00:00:00+00:00,daily,airqo,-1.271103,36.819763,24.05550633394384,60.74421932234432,22.85
"Fire Station, Nairobi",2025-10-27 00:00:00+00:00,daily,airqo,-1.281465,36.823193,23.762264194139192,60.86640567765568,35.16
"Fire Station, Nairobi",2025-10-27 00:00:00+00:00,daily,airqo,-1.271103,36.819763,23.75584745115995,63.83004731379731,32.85
"Fire Station, Nairobi",2025-10-28 00:00:00+00:00,daily,airqo,-1.2814605948946889,36.82319673111264,21.98060096153846,75.04746985653236,26.57
"Fire Station, Nairobi",2025-10-28 00:00:00+00:00,daily,airqo,-1.2739843756313132,36.81573378268799,22.649676399988905,75.53431506186715,22.89
"Fire Station, Nairobi",2025-10-29 00:00:00+00:00,daily,airqo,-0.4985713456113341,14.324706268490344,19.924244679497527,93.10381085310146,28.77
"Fire Station, Nairobi",2025-10-29 00:00:00+00:00,daily,airqo,-0.4838354354700855,13.925812730658436,20.862120870076424,92.6507412924524,29.42
"Fire Station, Nairobi",2025-11-26 00:00:00+00:00,daily,airqo,0.0,0.0,0.0,0.0,27.41
"Fire Station, Nairobi",2025-11-26 00:00:00+00:00,daily,airqo,0.0,0.0,27.45015305010893,57.84651732026144,20.66
"Fire Station, Nairobi",2025-11-27 00:00:00+00:00,daily,airqo,0.0,0.0,0.0,0.0,9.37
"Fire Station, Nairobi",2025-11-27 00:00:00+00:00,daily,airqo,0.0,0.0,26.97,61.93266666666667,14.51
"Fire Station, Nairobi",2025-11-28 00:00:00+00:00,daily,airqo,0.0,0.0,0.0,0.0,21.65
"Fire Station, Nairobi",2025-11-28 00:00:00+00:00,daily,airqo,0.0,0.0,28.309999999999995,43.76,19.83
"Kenyatta University, Nairobi",2025-03-01 00:00:00+00:00,daily,airqo,-1.1889850656268872,36.92911020372537,25.43386132376396,48.30853738702818,20.14
"Kenyatta University, Nairobi",2025-03-02 00:00:00+00:00,daily,airqo,-1.1889850656268872,36.92911020372537,26.92815852704718,51.288036478732906,34.24
"Kenyatta University, Nairobi",2025-03-03 00:00:00+00:00,daily,airqo,-1.1889850656268872,36.92911020372537,29.15719260024085,44.72908069335689,16.44
"Kenyatta University, Nairobi",2025-03-04 00:00:00+00:00,daily,airqo,-1.1889850656268872,36.92911020372537,26.71571841055769,50.87133126727769,15.16
"Kenyatta University, Nairobi",2025-03-05 00:00:00+00:00,daily,airqo,-1.1889850656268872,36.92911020372537,26.364065365190367,51.96337558275059,31.23
"Kenyatta University, Nairobi",2025-03-06 00:00:00+00:00,daily,airqo,-1.1889850656268872,36.92911020372537,27.626043051311434,46.89362454096472,27.07
"Kenyatta University, Nairobi",2025-03-07 00:00:00+00:00,daily,airqo,-1.1889850656268872,36.92911020372537,28.416114063185493,51.04588424934853,29.14
"Kenyatta University, Nairobi",2025-03-08 00:00:00+00:00,daily,airqo,-1.1889850656268872,36.92911020372537,27.94750668907812,53.656071875214735,36.97
"Kenyatta University, Nairobi",2025-03-09 00:00:00+00:00,daily,airqo,-1.1889850656268872,36.92911020372537,26.778146808218235,63.63401173297602,25.82
"Kenyatta University, Nairobi",2025-03-10 00:00:00+00:00,daily,airqo,-1.1889850656268872,36.92911020372537,23.817703525641026,75.24902786796537,33.91
"Kenyatta University, Nairobi",2025-03-11 00:00:00+00:00,daily,airqo,-1.1889850656268872,36.92911020372537,25.13165330056301,70.78976494384094,29.76
"Kenyatta University, Nairobi",2025-03-12 00:00:00+00:00,daily,airqo,-1.1889850656268872,36.92911020372537,23.925094427037607,75.22482397211375,38.37
"Kenyatta University, Nairobi",2025-03-13 00:00:00+00:00,daily,airqo,-1.1889850656268872,36.92911020372537,20.123987012987016,91.52996103896103,14.65
"Kenyatta University, Nairobi",2025-03-14 00:00:00+00:00,daily,airqo,-1.1889850656268872,36.92911020372537,18.2781875,87.4310625,15.67
"Kenyatta University, Nairobi",2025-03-15 00:00:00+00:00,daily,airqo,-1.1889850656268872,36.92911020372537,30.865357142857142,39.89821428571428,14.19
Kiamaiko,2025-07-04 00:00:00+00:00,daily,airqo,-1.2515754183465515,36.87333121401361,24.050818452380955,59.34452380952381,20.23
Kiamaiko,2025-07-14 00:00:00+00:00,daily,airqo,-1.2515754183465515,36.87333121401361,22.87261412969746,59.3698541581875,22.65
Kiamaiko,2025-07-15 00:00:00+00:00,daily,airqo,,,,,
Kiamaiko,2025-07-16 00:00:00+00:00,daily,airqo,,,,,
Kiamaiko,2025-07-17 00:00:00+00:00,daily,airqo,,,,,
Kiamaiko,2025-07-18 00:00:00+00:00,daily,airqo,,,,,
Kiamaiko,2025-07-19 00:00:00+00:00,daily,airqo,,,,,
Kiamaiko,2025-07-20 00:00:00+00:00,daily,airqo,-1.2515754183465515,36.87333121401361,21.32449255952381,64.14128273809524,25.73
Kiamaiko,2025-07-21 00:00:00+00:00,daily,airqo,-1.2515754183465515,36.87333121401361,22.37129527879528,61.45362077737078,42.98
Kiamaiko,2025-07-22 00:00:00+00:00,daily,airqo,0.0,0.0,20.63617748917749,66.20398845598845,40.73
Kiamaiko,2025-07-23 00:00:00+00:00,daily,airqo,0.0,0.0,18.523333333333337,73.20666666666666,32.88
Kiamaiko,2025-07-24 00:00:00+00:00,daily,airqo,-0.1167737830514725,3.440334730494093,21.413120072909543,61.3093984962406,38.16
Kiamaiko,2025-07-25 00:00:00+00:00,daily,airqo,0.0,0.0,20.188556418219463,66.13646635610766,36.73
Kiamaiko,2025-07-26 00:00:00+00:00,daily,airqo,0.0,0.0,20.795062111801244,62.79832660455487,32.81
Kiamaiko,2025-07-27 00:00:00+00:00,daily,airqo,0.0,0.0,18.69831349206349,68.06750694444445,26.03
Kiamaiko,2025-07-28 00:00:00+00:00,daily,airqo,0.0,0.0,20.247948593073595,63.801296536796535,37.15
Kiamaiko,2025-07-29 00:00:00+00:00,daily,airqo,0.0,0.0,18.658376517273577,71.0634470121382,30.33
Kiamaiko,2025-07-30 00:00:00+00:00,daily,airqo,0.0,0.0,20.36700074404762,59.16452752976191,30.53
Kiamaiko,2025-07-31 00:00:00+00:00,daily,airqo,0.0,0.0,19.686620082815736,68.21642132505175,27.31
Kiamaiko,2025-08-01 00:00:00+00:00,daily,airqo,,,,,
Kiamaiko,2025-08-02 00:00:00+00:00,daily,airqo,0.0,0.0,21.348520408163267,67.25610204081633,26.19
Kiamaiko,2025-08-03 00:00:00+00:00,daily,airqo,0.0,0.0,22.070507936507937,60.90448015873015,28.72
Kiamaiko,2025-08-04 00:00:00+00:00,daily,airqo,0.0,0.0,21.101645833333333,59.35613467261905,38.73
Kiamaiko,2025-08-05 00:00:00+00:00,daily,airqo,0.0,0.0,20.766803968253967,62.03488888888889,40.2
Kiamaiko,2025-08-06 00:00:00+00:00,daily,airqo,0.0,0.0,21.63889724310777,62.8635588972431,26.78
Kiamaiko,2025-08-07 00:00:00+00:00,daily,airqo,0.0,0.0,21.902905328798187,66.89093962585034,26.53
Kiamaiko,2025-08-08 00:00:00+00:00,daily,airqo,0.0,0.0,21.707648809523807,66.83702876984127,34.17
Kiamaiko,2025-08-09 00:00:00+00:00,daily,airqo,0.0,0.0,19.94645833333333,72.0721875,14.75
Kiamaiko,2025-08-10 00:00:00+00:00,daily,airqo,0.0,0.0,21.64804861111111,62.25620907738095,26.15
Kiamaiko,2025-08-11 00:00:00+00:00,daily,airqo,0.0,0.0,21.65440873015873,63.164735449735446,18.53
Kiamaiko,2025-08-12 00:00:00+00:00,daily,airqo,0.0,0.0,18.12,75.78,16.62
Kiamaiko,2025-08-13 00:00:00+00:00,daily,airqo,0.0,0.0,21.82952747252747,60.51946611721611,31.49
Kiamaiko,2025-08-14 00:00:00+00:00,daily,airqo,0.0,0.0,22.725102733686068,55.68079519400353,35.57
Kiamaiko,2025-08-15 00:00:00+00:00,daily,airqo,0.0,0.0,22.84525892857143,59.79336607142857,16.38
Kiamaiko,2025-08-16 00:00:00+00:00,daily,airqo,0.0,0.0,23.32710267857143,64.06768303571428,19.63
Kiamaiko,2025-08-17 00:00:00+00:00,daily,airqo,0.0,0.0,20.39823015873016,79.81414682539683,26.35
Kiamaiko,2025-08-18 00:00:00+00:00,daily,airqo,,,,,
Kiamaiko,2025-08-19 00:00:00+00:00,daily,airqo,0.0,0.0,19.3829375,76.8641875,24.55
Kiamaiko,2025-08-20 00:00:00+00:00,daily,airqo,0.0,0.0,20.329074829931976,67.77105187074831,39.63
Kiamaiko,2025-08-21 00:00:00+00:00,daily,airqo,0.0,0.0,20.043305860805862,70.4496913919414,48.86
Kiamaiko,2025-08-22 00:00:00+00:00,daily,airqo,0.0,0.0,20.079971478174603,66.93936631944445,52.97
Kiamaiko,2025-08-23 00:00:00+00:00,daily,airqo,0.0,0.0,20.077299107142856,65.03995535714286,21.95
Kiamaiko,2025-08-24 00:00:00+00:00,daily,airqo,0.0,0.0,20.97100529100529,68.16812301587302,23.05
Kiamaiko,2025-08-25 00:00:00+00:00,daily,airqo,0.0,0.0,21.089686696900984,66.83372959183673,36.82
Kiamaiko,2025-08-26 00:00:00+00:00,daily,airqo,0.0,0.0,20.95482790309106,65.56670885547202,24.79
Kiamaiko,2025-08-27 00:00:00+00:00,daily,airqo,0.0,0.0,22.559303258145363,61.90200877192982,24.67
Kiamaiko,2025-08-28 00:00:00+00:00,daily,airqo,0.0,0.0,20.85372867063492,66.03090823412698,38.47
Kiamaiko,2025-08-29 00:00:00+00:00,daily,airqo,0.0,0.0,20.39764909297052,64.95846201814058,31.76
Kiamaiko,2025-08-30 00:00:00+00:00,daily,airqo,0.0,0.0,21.34171369047619,55.13187003968254,31.29
Kiamaiko,2025-08-31 00:00:00+00:00,daily,airqo,0.0,0.0,20.032181547619047,66.45988343253968,31.45
Kiamaiko,2025-09-01 00:00:00+00:00,daily,airqo,0.0,0.0,22.640710784313725,55.215955882352944,27.9
Kiamaiko,2025-09-02 00:00:00+00:00,daily,airqo,0.0,0.0,21.837796957671955,59.190353174603175,27.98
Kiamaiko,2025-09-03 00:00:00+00:00,daily,airqo,0.0,0.0,21.727936090225565,57.24196303258145,25.38
Kiamaiko,2025-09-04 00:00:00+00:00,daily,airqo,0.0,0.0,21.24711437908497,64.06694631185808,46.69
Kiamaiko,2025-09-05 00:00:00+00:00,daily,airqo,0.0,0.0,22.427269607843137,57.23917927170868,31.46
Kiamaiko,2025-09-06 00:00:00+00:00,daily,airqo,0.0,0.0,22.60648558897243,56.30766666666666,35.98
Kiamaiko,2025-09-07 00:00:00+00:00,daily,airqo,0.0,0.0,20.466323498964805,63.25860714285714,38.89
Kiamaiko,2025-09-08 00:00:00+00:00,daily,airqo,0.0,0.0,21.61423072562358,64.2352619047619,34.81
Kiamaiko,2025-09-09 00:00:00+00:00,daily,airqo,0.0,0.0,23.989111394557824,57.87640419501134,26.52
Kiamaiko,2025-09-10 00:00:00+00:00,daily,airqo,0.0,0.0,23.798647959183675,59.65880300453515,26.7
Kiamaiko,2025-09-11 00:00:00+00:00,daily,airqo,0.0,0.0,23.22698076923077,56.22974358974359,31.02
Kiamaiko,2025-09-12 00:00:00+00:00,daily,airqo,0.0,0.0,22.336166666666667,59.84965740740741,24.37
Kiamaiko,2025-09-13 00:00:00+00:00,daily,airqo,0.0,0.0,23.125773809523807,54.05470518207283,32.99
Kiamaiko,2025-09-14 00:00:00+00:00,daily,airqo,0.0,0.0,24.10435515873016,54.38436948853616,25.66
Kiamaiko,2025-09-15 00:00:00+00:00,daily,airqo,0.0,0.0,22.06360355253212,62.31969387755102,28.98
Kiamaiko,2025-09-16 00:00:00+00:00,daily,airqo,0.0,0.0,23.5949918546366,57.33349060150376,29.63
Kiamaiko,2025-09-17 00:00:00+00:00,daily,airqo,0.0,0.0,22.45868700396825,61.43230307539682,23.16
Kiamaiko,2025-09-18 00:00:00+00:00,daily,airqo,0.0,0.0,22.886394246031745,66.87358968253969,16.35
Kiamaiko,2025-09-19 00:00:00+00:00,daily,airqo,0.0,0.0,23.651343370681605,55.61266386554622,32.8
Kiamaiko,2025-09-20 00:00:00+00:00,daily,airqo,0.0,0.0,21.960291666666667,59.431780753968255,26.3
Kiamaiko,2025-09-21 00:00:00+00:00,daily,airqo,0.0,0.0,23.754583333333333,53.20661255411255,23.55
Kiamaiko,2025-09-22 00:00:00+00:00,daily,airqo,0.0,0.0,22.76879201680672,61.58562558356677,26.83
Kiamaiko,2025-09-23 00:00:00+00:00,daily,airqo,0.0,0.0,23.27582844932845,50.11881074481074,38.12
Kiamaiko,2025-09-24 00:00:00+00:00,daily,airqo,0.0,0.0,22.544989417989417,54.0191078042328,31.4
Kiamaiko,2025-09-25 00:00:00+00:00,daily,airqo,0.0,0.0,22.50563318452381,66.83130357142858,36.49
Kiamaiko,2025-09-26 00:00:00+00:00,daily,airqo,0.0,0.0,20.9912462406015,76.23011278195489,21.76
Kiamaiko,2025-09-27 00:00:00+00:00,daily,airqo,0.0,0.0,22.19027815570673,64.95515740740741,13.25
Kiamaiko,2025-09-28 00:00:00+00:00,daily,airqo,0.0,0.0,21.686632205513785,63.952052631578944,24.0
Kiamaiko,2025-09-29 00:00:00+00:00,daily,airqo,0.0,0.0,22.2999433106576,65.41469047619047,31.36
Kiamaiko,2025-09-30 00:00:00+00:00,daily,airqo,0.0,0.0,26.25654166666667,51.5703630952381,28.65
Kiamaiko,2025-10-01 00:00:00+00:00,daily,airqo,0.0,0.0,26.087810515873016,42.03244675925926,33.27
Kiamaiko,2025-10-02 00:00:00+00:00,daily,airqo,0.0,0.0,22.987936507936507,52.440158730158736,60.99
Kiamaiko,2025-10-03 00:00:00+00:00,daily,airqo,0.0,0.0,21.789761904761907,60.29190476190476,32.61
Kiamaiko,2025-10-04 00:00:00+00:00,daily,airqo,0.0,0.0,22.46832261904762,72.98549404761904,35.29
Kiamaiko,2025-10-05 00:00:00+00:00,daily,airqo,0.0,0.0,22.540334126984128,67.51878888888889,25.26
Kiamaiko,2025-10-06 00:00:00+00:00,daily,airqo,,,,,
Kiamaiko,2025-10-07 00:00:00+00:00,daily,airqo,0.0,0.0,22.914857142857144,59.68985714285714,33.17
Kiamaiko,2025-10-08 00:00:00+00:00,daily,airqo,0.0,0.0,22.30948179271709,62.942710084033614,23.65
Kiamaiko,2025-10-09 00:00:00+00:00,daily,airqo,0.0,0.0,22.70189822595705,63.47088538748832,18.9
Kiamaiko,2025-10-10 00:00:00+00:00,daily,airqo,0.0,0.0,22.91079481792717,60.5273319327731,23.66
Kiamaiko,2025-10-11 00:00:00+00:00,daily,airqo,0.0,0.0,23.03804938271605,54.7352848324515,22.78
Kiamaiko,2025-10-12 00:00:00+00:00,daily,airqo,0.0,0.0,22.5787343358396,57.24004197994988,21.88
Kiamaiko,2025-10-13 00:00:00+00:00,daily,airqo,0.0,0.0,23.033753720238096,58.22221279761905,24.62
Kiamaiko,2025-10-14 00:00:00+00:00,daily,airqo,0.0,0.0,24.341875457875457,51.54820879120879,30.08
Kiamaiko,2025-10-15 00:00:00+00:00,daily,airqo,0.0,0.0,24.33446258503401,53.3655943877551,23.19
Kiamaiko,2025-10-16 00:00:00+00:00,daily,airqo,0.0,0.0,24.735222222222223,57.263643849206346,26.87
Kiamaiko,2025-10-17 00:00:00+00:00,daily,airqo,0.0,0.0,24.209351851851853,59.98976851851852,21.1
Kiamaiko,2025-10-18 00:00:00+00:00,daily,airqo,0.0,0.0,24.24968253968254,56.94415476190476,34.16
Kiamaiko,2025-10-19 00:00:00+00:00,daily,airqo,0.0,0.0,24.504140211640216,51.42447916666666,26.9
Kiamaiko,2025-10-20 00:00:00+00:00,daily,airqo,0.0,0.0,24.77528373015873,48.61822420634921,32.86
Kiamaiko,2025-10-21 00:00:00+00:00,daily,airqo,0.0,0.0,25.45731977513228,50.35180720899471,26.69
Kiamaiko,2025-10-22 00:00:00+00:00,daily,airqo,,,,,
Kiamaiko,2025-10-23 00:00:00+00:00,daily,airqo,0.0,0.0,23.66322222222222,63.7878416005291,26.59
Kiamaiko,2025-10-24 00:00:00+00:00,daily,airqo,0.0,0.0,22.43266836734694,74.03835062358277,30.49
Kiamaiko,2025-10-25 00:00:00+00:00,daily,airqo,,,,,
Kiamaiko,2025-10-26 00:00:00+00:00,daily,airqo,,,,,
Kiamaiko,2025-10-27 00:00:00+00:00,daily,airqo,0.0,0.0,23.533775510204084,68.3000705782313,20.51
Kiamaiko,2025-10-28 00:00:00+00:00,daily,airqo,0.0,0.0,22.39040054563492,77.36544171626984,18.27
Kiamaiko,2025-10-29 00:00:00+00:00,daily,airqo,0.0,0.0,19.991382395382395,74.20600198412698,27.09
Kiamaiko,2025-10-30 00:00:00+00:00,daily,airqo,0.0,0.0,22.49980527210884,,28.29
Kiamaiko,2025-10-31 00:00:00+00:00,daily,airqo,0.0,0.0,22.44746111111112,,27.88
Kiamaiko,2025-11-01 00:00:00+00:00,daily,airqo,0.0,0.0,21.89684226190476,78.06029761904763,21.66
Kiamaiko,2025-11-02 00:00:00+00:00,daily,airqo,0.0,0.0,23.692642857142857,37.58787202380952,28.48
Kiamaiko,2025-11-03 00:00:00+00:00,daily,airqo,0.0,0.0,23.888118303571428,17.819746031746032,26.02
Kiamaiko,2025-11-04 00:00:00+00:00,daily,airqo,0.0,0.0,23.423544584500466,5.83,31.51
Kiamaiko,2025-11-05 00:00:00+00:00,daily,airqo,0.0,0.0,25.26139285714285,,29.94
Kiamaiko,2025-11-06 00:00:00+00:00,daily,airqo,0.0,0.0,25.75280357142857,,32.35
Kiamaiko,2025-11-07 00:00:00+00:00,daily,airqo,0.0,0.0,24.705020833333336,,21.72
Kiamaiko,2025-11-08 00:00:00+00:00,daily,airqo,0.0,0.0,24.32571924603175,,29.06
Kiamaiko,2025-11-09 00:00:00+00:00,daily,airqo,0.0,0.0,19.48775085034013,3.16625,21.98
Kiamaiko,2025-11-10 00:00:00+00:00,daily,airqo,0.0,0.0,22.545882936507937,,29.42
Kiamaiko,2025-11-11 00:00:00+00:00,daily,airqo,0.0,0.0,23.476752645502646,,34.68
Kiamaiko,2025-11-12 00:00:00+00:00,daily,airqo,0.0,0.0,24.17130456349206,,27.95
Kiamaiko,2025-11-13 00:00:00+00:00,daily,airqo,0.0,0.0,22.794085317460315,,23.9
Kiamaiko,2025-11-14 00:00:00+00:00,daily,airqo,0.0,0.0,22.665088435374148,,29.8
Kiamaiko,2025-11-15 00:00:00+00:00,daily,airqo,0.0,0.0,24.252872710622714,,31.84
Kiamaiko,2025-11-16 00:00:00+00:00,daily,airqo,0.0,0.0,23.920523809523807,,23.42
Kiamaiko,2025-11-17 00:00:00+00:00,daily,airqo,0.0,0.0,24.7107,,20.82
Kiamaiko,2025-11-18 00:00:00+00:00,daily,airqo,0.0,0.0,22.59709249084249,,30.03
Kiamaiko,2025-11-19 00:00:00+00:00,daily,airqo,0.0,0.0,23.235977891156463,,21.26
Kiamaiko,2025-11-20 00:00:00+00:00,daily,airqo,0.0,0.0,24.715761183261183,,22.35
Kiamaiko,2025-11-21 00:00:00+00:00,daily,airqo,0.0,0.0,25.7393112244898,,20.37
Kiamaiko,2025-11-22 00:00:00+00:00,daily,airqo,0.0,0.0,23.54397982804233,,29.58
Kiamaiko,2025-11-23 00:00:00+00:00,daily,airqo,0.0,0.0,23.261757936507937,,20.8
Kiamaiko,2025-11-24 00:00:00+00:00,daily,airqo,0.0,0.0,23.509153911564624,,31.2
Kiamaiko,2025-11-25 00:00:00+00:00,daily,airqo,0.0,0.0,25.03060185185185,,24.49
Kiamaiko,2025-11-26 00:00:00+00:00,daily,airqo,0.0,0.0,24.686126984126982,,29.32
Kiamaiko,2025-11-27 00:00:00+00:00,daily,airqo,0.0,0.0,24.43411111111111,,19.88
Kiamaiko,2025-11-28 00:00:00+00:00,daily,airqo,0.0,0.0,24.20334432234432,,21.5
Kiamaiko,2025-11-29 00:00:00+00:00,daily,airqo,0.0,0.0,24.50900793650794,,17.98
Kiamaiko,2025-11-30 00:00:00+00:00,daily,airqo,0.0,0.0,23.796717948717948,,14.84
Kiamaiko,2025-12-01 00:00:00+00:00,daily,airqo,0.0,0.0,24.169391025641023,,17.01
Kiamaiko,2025-12-02 00:00:00+00:00,daily,airqo,0.0,0.0,24.166534391534395,,17.87
Kiamaiko,2025-12-03 00:00:00+00:00,daily,airqo,0.0,0.0,23.73921886446886,,16.82
Kiamaiko,2025-12-04 00:00:00+00:00,daily,airqo,0.0,0.0,24.767666666666667,,28.41
Kiamaiko,2025-12-05 00:00:00+00:00,daily,airqo,0.0,0.0,24.0683373015873,,16.9
Kiamaiko,2025-12-06 00:00:00+00:00,daily,airqo,0.0,0.0,25.16298511904762,,14.4
Kiamaiko,2025-12-07 00:00:00+00:00,daily,airqo,0.0,0.0,24.308378968253965,,12.62
Kiamaiko,2025-12-08 00:00:00+00:00,daily,airqo,0.0,0.0,23.052873376623378,,11.64
Kiamaiko,2025-12-09 00:00:00+00:00,daily,airqo,0.0,0.0,25.107261904761906,,12.0
Kiamaiko,2025-12-10 00:00:00+00:00,daily,airqo,0.0,0.0,26.27075,,13.94
Kiamaiko,2025-12-11 00:00:00+00:00,daily,airqo,0.0,0.0,25.19781818181818,,12.3
Kiamaiko,2025-12-12 00:00:00+00:00,daily,airqo,0.0,0.0,24.995588744588744,,13.48
Kiamaiko,2025-12-13 00:00:00+00:00,daily,airqo,0.0,0.0,23.91222321428572,,14.68
Kiamaiko,2025-12-14 00:00:00+00:00,daily,airqo,0.0,0.0,22.561511904761904,,13.23
Kiamaiko,2025-12-15 00:00:00+00:00,daily,airqo,0.0,0.0,24.131060606060604,,15.52
Kiamaiko,2025-12-16 00:00:00+00:00,daily,airqo,0.0,0.0,24.50352380952381,,18.71
Kiamaiko,2025-12-17 00:00:00+00:00,daily,airqo,0.0,0.0,25.24540750915751,,11.01
Kiamaiko,2025-12-18 00:00:00+00:00,daily,airqo,0.0,0.0,25.10397108843537,,10.32
Kiamaiko,2025-12-19 00:00:00+00:00,daily,airqo,0.0,0.0,24.198953823953826,,13.56
Kiamaiko,2025-12-20 00:00:00+00:00,daily,airqo,0.0,0.0,24.8644626984127,,12.52
Kiamaiko,2025-12-21 00:00:00+00:00,daily,airqo,0.0,0.0,20.583412202380952,,11.32
Kiamaiko,2025-12-22 00:00:00+00:00,daily,airqo,0.0,0.0,22.853039682539684,,13.48
Kiamaiko,2025-12-23 00:00:00+00:00,daily,airqo,0.0,0.0,23.127726190476192,,16.08
Kiamaiko,2025-12-24 00:00:00+00:00,daily,airqo,,,,,
Kiamaiko,2025-12-25 00:00:00+00:00,daily,airqo,0.0,0.0,24.507938095238096,,14.54
Kiamaiko,2025-12-26 00:00:00+00:00,daily,airqo,0.0,0.0,25.85799920634921,,14.38
Kiamaiko,2025-12-27 00:00:00+00:00,daily,airqo,0.0,0.0,25.42021825396825,,14.59
Kiamaiko,2025-12-28 00:00:00+00:00,daily,airqo,0.0,0.0,20.84,,8.51
Kiamaiko,2025-12-29 00:00:00+00:00,daily,airqo,0.0,0.0,23.66746279761905,,12.13
Kiamaiko,2025-12-30 00:00:00+00:00,daily,airqo,0.0,0.0,23.706991213151927,,16.56
Kiamaiko,2025-12-31 00:00:00+00:00,daily,airqo,0.0,0.0,23.94748492063492,,17.15
"Komarock Nairobi, Kenya",2025-02-01 00:00:00+00:00,daily,airqo,-1.2665586560734203,36.90932151124044,0.0,0.0,0.0
"Komarock Nairobi, Kenya",2025-02-02 00:00:00+00:00,daily,airqo,-1.2665586560734203,36.90932151124044,9.701764705882352,15.59725490196078,5.83
"Komarock Nairobi, Kenya",2025-02-03 00:00:00+00:00,daily,airqo,-1.2665586560734203,36.90932151124044,27.20965625,48.31525,17.84
"Komarock Nairobi, Kenya",2025-02-04 00:00:00+00:00,daily,airqo,-1.2665586560734203,36.90932151124044,3.750560000000001,15.204863333333332,4.0
"Komarock Nairobi, Kenya",2025-02-05 00:00:00+00:00,daily,airqo,-1.2665586560734203,36.90932151124044,22.13732600433336,61.60329591802533,36.34
"Komarock Nairobi, Kenya",2025-02-06 00:00:00+00:00,daily,airqo,-1.2665586560734203,36.90932151124044,23.22703731800828,61.27693128955772,30.24
"Komarock Nairobi, Kenya",2025-02-07 00:00:00+00:00,daily,airqo,-1.2665586560734203,36.90932151124044,22.609368020279803,63.84232851351624,21.36
"Komarock Nairobi, Kenya",2025-02-08 00:00:00+00:00,daily,airqo,-1.2665586560734203,36.90932151124044,25.07268440054384,58.05261479925304,20.55
"Komarock Nairobi, Kenya",2025-02-09 00:00:00+00:00,daily,airqo,-1.2665586560734203,36.90932151124044,21.31828787878788,72.92633333333333,14.24
"Komarock Nairobi, Kenya",2025-02-10 00:00:00+00:00,daily,airqo,-1.2665586560734203,36.90932151124044,24.83966797927048,59.881215996068704,16.57
"Komarock Nairobi, Kenya",2025-02-11 00:00:00+00:00,daily,airqo,-1.2665586560734203,36.90932151124044,23.03083021355562,64.49730300176539,20.68
"Komarock Nairobi, Kenya",2025-02-12 00:00:00+00:00,daily,airqo,-1.2665586560734203,36.90932151124044,18.722380952380952,78.70190476190476,15.41
"Komarock Nairobi, Kenya",2025-02-13 00:00:00+00:00,daily,airqo,-1.2665586560734203,36.90932151124044,22.528375196794965,73.82251259040622,19.36
"Komarock Nairobi, Kenya",2025-02-14 00:00:00+00:00,daily,airqo,-1.2665586560734203,36.90932151124044,23.699888947253545,60.69022212619976,25.82
"Komarock Nairobi, Kenya",2025-02-15 00:00:00+00:00,daily,airqo,-1.2665586560734203,36.90932151124044,14.527272029645191,39.5287558356676,18.31
"Komarock Nairobi, Kenya",2025-02-16 00:00:00+00:00,daily,airqo,-1.2665586560734203,36.90932151124044,25.39384553857099,60.31295751485066,16.0
"Komarock Nairobi, Kenya",2025-02-17 00:00:00+00:00,daily,airqo,-1.2665586560734203,36.90932151124044,24.08870561558692,57.89015000391246,26.4
"Komarock Nairobi, Kenya",2025-02-18 00:00:00+00:00,daily,airqo,-1.2665586560734203,36.90932151124044,15.35403916004403,40.67972673240575,13.49
"Komarock Nairobi, Kenya",2025-02-19 00:00:00+00:00,daily,airqo,-1.2665586560734203,36.90932151124044,17.70758796296296,37.18455787037037,16.0
"Komarock Nairobi, Kenya",2025-02-20 00:00:00+00:00,daily,airqo,-1.2665586560734203,36.90932151124044,20.058345864661653,32.912772556390976,13.17
"Komarock Nairobi, Kenya",2025-02-21 00:00:00+00:00,daily,airqo,-1.2665586560734203,36.90932151124044,24.393795014201704,43.49386893687131,26.12
"Komarock Nairobi, Kenya",2025-02-22 00:00:00+00:00,daily,airqo,-1.2665586560734203,36.90932151124044,16.19120239400585,41.10853104114452,18.4
"Komarock Nairobi, Kenya",2025-02-23 00:00:00+00:00,daily,airqo,-1.2665586560734203,36.90932151124044,24.19950996376812,51.691422608264325,21.58
"Komarock Nairobi, Kenya",2025-02-24 00:00:00+00:00,daily,airqo,-1.2665586560734203,36.90932151124044,24.01007020236956,52.59056810249685,21.65
"Komarock Nairobi, Kenya",2025-02-25 00:00:00+00:00,daily,airqo,-1.2665586560734203,36.90932151124044,23.81805782567214,51.51081932814992,20.1
"Komarock Nairobi, Kenya",2025-02-26 00:00:00+00:00,daily,airqo,-1.2665586560734203,36.90932151124044,23.77166395188023,46.735351928499135,23.72
"Komarock Nairobi, Kenya",2025-02-27 00:00:00+00:00,daily,airqo,-1.2665586560734203,36.90932151124044,25.129828530844154,40.26872079425204,24.45
"Komarock Nairobi, Kenya",2025-02-28 00:00:00+00:00,daily,airqo,-1.2665586560734203,36.90932151124044,25.783468772820743,43.37991757471938,25.78
"Komarock Nairobi, Kenya",2025-03-01 00:00:00+00:00,daily,airqo,-1.2665586560734203,36.90932151124044,25.47295566325946,51.882751366006936,22.6
"Komarock Nairobi, Kenya",2025-03-02 00:00:00+00:00,daily,airqo,-1.2665586560734203,36.90932151124044,24.711117895074697,58.98404041199814,18.73
"Komarock Nairobi, Kenya",2025-03-03 00:00:00+00:00,daily,airqo,-1.2665586560734203,36.90932151124044,25.61834649122807,53.25573731203008,19.85
"Komarock Nairobi, Kenya",2025-03-04 00:00:00+00:00,daily,airqo,-1.2665586560734203,36.90932151124044,25.10350036388732,57.67739439425309,18.46
"Komarock Nairobi, Kenya",2025-03-05 00:00:00+00:00,daily,airqo,-1.2665586560734203,36.90932151124044,25.307535366594195,56.68058454372426,35.93
"Komarock Nairobi, Kenya",2025-03-06 00:00:00+00:00,daily,airqo,-1.2665586560734203,36.90932151124044,25.505442505411253,53.56766754599567,31.63
"Komarock Nairobi, Kenya",2025-03-07 00:00:00+00:00,daily,airqo,-1.2665586560734203,36.90932151124044,26.14143452380952,58.6779503968254,29.06
"Komarock Nairobi, Kenya",2025-03-08 00:00:00+00:00,daily,airqo,-1.2665586560734203,36.90932151124044,25.906556547619047,60.71011607142858,42.56
"Komarock Nairobi, Kenya",2025-03-09 00:00:00+00:00,daily,airqo,-1.2665586560734203,36.90932151124044,25.3095625,68.14213194444444,31.29
"Komarock Nairobi, Kenya",2025-03-10 00:00:00+00:00,daily,airqo,-1.2665586560734203,36.90932151124044,22.599083333333336,76.89354265873015,15.27
"Komarock Nairobi, Kenya",2025-03-11 00:00:00+00:00,daily,airqo,-1.2665586560734203,36.90932151124044,24.388018990349178,70.93131186988965,24.82
"Komarock Nairobi, Kenya",2025-03-12 00:00:00+00:00,daily,airqo,-1.2665586560734203,36.90932151124044,22.970954365079365,75.68706448412698,23.18
"Komarock Nairobi, Kenya",2025-03-13 00:00:00+00:00,daily,airqo,-1.26655865607342,36.90932151124044,20.44358843537415,87.6122857142857,15.48
"Komarock Nairobi, Kenya",2025-03-14 00:00:00+00:00,daily,airqo,-1.2665586560734203,36.90932151124044,18.979375,81.27325,28.1
"Komarock Nairobi, Kenya",2025-03-15 00:00:00+00:00,daily,airqo,-1.2665586560734203,36.90932151124044,25.40852760270775,56.73062406629319,25.9
"Komarock Nairobi, Kenya",2025-03-16 00:00:00+00:00,daily,airqo,-1.2665586560734203,36.90932151124044,25.25418675595238,61.83760069444444,17.83
"Komarock Nairobi, Kenya",2025-03-17 00:00:00+00:00,daily,airqo,-1.2665586560734203,36.90932151124044,24.097641865079368,68.00521527777778,17.49
"Komarock Nairobi, Kenya",2025-03-18 00:00:00+00:00,daily,airqo,-1.2665586560734203,36.90932151124044,23.07073193400167,74.35311128515734,34.24
"Komarock Nairobi, Kenya",2025-03-19 00:00:00+00:00,daily,airqo,-1.2665586560734203,36.90932151124044,22.12571387312235,77.00143416803856,22.45
"Komarock Nairobi, Kenya",2025-03-20 00:00:00+00:00,daily,airqo,-1.2665586560734203,36.90932151124044,21.087673872180453,72.89419384398495,17.99
"Komarock Nairobi, Kenya",2025-03-21 00:00:00+00:00,daily,airqo,-1.2665586560734203,36.90932151124044,23.81695680607769,67.0169569627193,16.23
"Komarock Nairobi, Kenya",2025-03-22 00:00:00+00:00,daily,airqo,-1.2665586560734203,36.90932151124044,23.451242807539685,70.16634523809523,22.1
"Komarock Nairobi, Kenya",2025-03-23 00:00:00+00:00,daily,airqo,-1.2665586560734203,36.90932151124044,23.48411875450938,69.75119724025974,17.61
"Komarock Nairobi, Kenya",2025-03-24 00:00:00+00:00,daily,airqo,-1.2665586560734203,36.90932151124044,23.45300496031746,70.07555456349206,22.65
"Komarock Nairobi, Kenya",2025-03-25 00:00:00+00:00,daily,airqo,-1.2665586560734203,36.90932151124044,23.33687848527569,68.90137941207185,21.11
"Komarock Nairobi, Kenya",2025-03-26 00:00:00+00:00,daily,airqo,-1.2665586560734203,36.90932151124044,22.08170665475417,71.05126311728395,26.75
"Komarock Nairobi, Kenya",2025-03-27 00:00:00+00:00,daily,airqo,-1.2665586560734203,36.90932151124044,21.738415494228,76.37521762265511,24.85
"Komarock Nairobi, Kenya",2025-03-28 00:00:00+00:00,daily,airqo,-1.2665586560734203,36.90932151124044,20.994178571428574,76.9092867063492,16.55
"Komarock Nairobi, Kenya",2025-03-29 00:00:00+00:00,daily,airqo,-1.2665586560734203,36.90932151124044,23.045036706349208,71.51426190476191,16.19
"Komarock Nairobi, Kenya",2025-03-30 00:00:00+00:00,daily,airqo,-1.2665586560734203,36.90932151124044,23.05652281746032,73.42943948412697,16.01
"Komarock Nairobi, Kenya",2025-03-31 00:00:00+00:00,daily,airqo,-1.2665586560734203,36.90932151124044,22.02940308933491,75.2103285123967,18.63
"Komarock Nairobi, Kenya",2025-04-01 00:00:00+00:00,daily,airqo,-1.2665586560734203,36.90932151124044,24.15457284580499,65.5314597505669,16.57
"Komarock Nairobi, Kenya",2025-04-02 00:00:00+00:00,daily,airqo,-1.2665586560734203,36.90932151124044,23.77554225023343,67.54748463274198,23.74
"Komarock Nairobi, Kenya",2025-04-03 00:00:00+00:00,daily,airqo,-1.2665586560734203,36.90932151124044,23.62342162698413,71.49874900793651,17.69
"Komarock Nairobi, Kenya",2025-04-04 00:00:00+00:00,daily,airqo,-1.2665586560734203,36.90932151124044,23.51382242063492,71.32800496031746,16.91
"Komarock Nairobi, Kenya",2025-04-05 00:00:00+00:00,daily,airqo,-1.2665586560734203,36.90932151124044,22.802257164903,74.00507028953557,18.45
"Komarock Nairobi, Kenya",2025-04-06 00:00:00+00:00,daily,airqo,-1.2665586560734203,36.90932151124044,20.74381530365769,81.11219073498965,15.7
"Komarock Nairobi, Kenya",2025-04-07 00:00:00+00:00,daily,airqo,-1.2665586560734203,36.90932151124044,23.807256160736767,70.0408513388735,24.1
"Komarock Nairobi, Kenya",2025-04-08 00:00:00+00:00,daily,airqo,-1.2665586560734203,36.90932151124044,24.16562996031746,68.22355555555556,27.24
"Komarock Nairobi, Kenya",2025-04-09 00:00:00+00:00,daily,airqo,-1.2665586560734203,36.90932151124044,24.13137126670844,66.32665388732248,24.63
"Komarock Nairobi, Kenya",2025-04-10 00:00:00+00:00,daily,airqo,-1.2665586560734203,36.90932151124044,21.10949032738095,76.06962648809524,22.27
"Komarock Nairobi, Kenya",2025-04-11 00:00:00+00:00,daily,airqo,-1.2665586560734203,36.90932151124044,22.64404260651629,70.99737593984963,22.81
"Komarock Nairobi, Kenya",2025-04-12 00:00:00+00:00,daily,airqo,-1.2665586560734203,36.90932151124044,22.872127989639505,71.54803320010886,22.16
"Komarock Nairobi, Kenya",2025-04-13 00:00:00+00:00,daily,airqo,-1.2665586560734203,36.90932151124044,23.2751433531746,70.69520634920634,16.93
"Komarock Nairobi, Kenya",2025-04-14 00:00:00+00:00,daily,airqo,-1.2665586560734203,36.90932151124044,24.4373503517316,67.48156228354978,25.47
"Komarock Nairobi, Kenya",2025-04-15 00:00:00+00:00,daily,airqo,-1.2665586560734203,36.90932151124044,24.39013797408344,65.24330930257058,25.97
"Komarock Nairobi, Kenya",2025-04-16 00:00:00+00:00,daily,airqo,-1.2665586560734203,36.90932151124044,23.547679563492064,68.43548883928571,18.39
"Komarock Nairobi, Kenya",2025-04-17 00:00:00+00:00,daily,airqo,-1.2665586560734203,36.90932151124044,24.38180947394235,65.68233111571062,18.56
"Komarock Nairobi, Kenya",2025-04-18 00:00:00+00:00,daily,airqo,-1.2665586560734203,36.90932151124044,24.71409027777777,66.91503075396825,19.82
"Komarock Nairobi, Kenya",2025-04-19 00:00:00+00:00,daily,airqo,-1.2665586560734203,36.90932151124044,22.93122812950938,72.26419780393218,26.55
"Komarock Nairobi, Kenya",2025-04-20 00:00:00+00:00,daily,airqo,-1.2665586560734203,36.90932151124044,22.709723511374246,72.00117973856209,19.06
"Komarock Nairobi, Kenya",2025-04-21 00:00:00+00:00,daily,airqo,-1.2665586560734203,36.90932151124044,22.4972049689441,73.79753105590062,15.63
"Komarock Nairobi, Kenya",2025-04-22 00:00:00+00:00,daily,airqo,-1.2665586560734203,36.90932151124044,22.29461149810801,76.06129557349256,24.55
"Komarock Nairobi, Kenya",2025-04-23 00:00:00+00:00,daily,airqo,-1.2665586560734203,36.90932151124044,19.90559144895509,81.56869964379055,19.4
"Komarock Nairobi, Kenya",2025-04-24 00:00:00+00:00,daily,airqo,-1.2665586560734203,36.90932151124044,22.32415476190476,72.06565873015873,17.9
"Komarock Nairobi, Kenya",2025-04-25 00:00:00+00:00,daily,airqo,-1.2665586560734203,36.90932151124044,22.266911706349205,71.7947390873016,25.28
"Komarock Nairobi, Kenya",2025-04-26 00:00:00+00:00,daily,airqo,-1.2665586560734203,36.90932151124044,23.02306919642857,67.25802182539682,17.96
"Komarock Nairobi, Kenya",2025-04-27 00:00:00+00:00,daily,airqo,-1.2665586560734203,36.90932151124044,23.78083358134921,66.16717683531746,19.62
"Komarock Nairobi, Kenya",2025-04-28 00:00:00+00:00,daily,airqo,-1.2665586560734203,36.90932151124044,24.41893574929972,65.22763404528477,20.44
"Komarock Nairobi, Kenya",2025-04-29 00:00:00+00:00,daily,airqo,-1.2665586560734203,36.90932151124044,24.14280753968254,69.6683998015873,14.77
"Komarock Nairobi, Kenya",2025-04-30 00:00:00+00:00,daily,airqo,-1.2665586560734203,36.90932151124044,23.07799693362193,71.24244805194806,24.83
"Komarock Nairobi, Kenya",2025-05-01 00:00:00+00:00,daily,airqo,-1.2665586560734203,36.90932151124044,24.73162910724896,64.78700473635627,19.38
"Komarock Nairobi, Kenya",2025-05-02 00:00:00+00:00,daily,airqo,-1.2665586560734203,36.90932151124044,24.645590586234498,64.19075540216087,21.27
"Komarock Nairobi, Kenya",2025-05-03 00:00:00+00:00,daily,airqo,-1.2665586560734203,36.90932151124044,25.37506306572216,64.13344933097206,20.63
"Komarock Nairobi, Kenya",2025-05-04 00:00:00+00:00,daily,airqo,-1.2665586560734203,36.90932151124044,24.5180246655786,68.27790002560164,16.53
"Komarock Nairobi, Kenya",2025-05-05 00:00:00+00:00,daily,airqo,-1.2665586560734203,36.90932151124044,24.093758764319706,68.78041794453239,20.07
"Komarock Nairobi, Kenya",2025-05-06 00:00:00+00:00,daily,airqo,-1.26655865607342,36.90932151124044,22.45266474795046,75.45535343624628,17.05
"Komarock Nairobi, Kenya",2025-05-07 00:00:00+00:00,daily,airqo,-1.2665586560734203,36.90932151124044,24.243026785714285,68.93152529761905,21.03
"Komarock Nairobi, Kenya",2025-05-08 00:00:00+00:00,daily,airqo,-1.2665586560734203,36.90932151124044,23.84105899830221,68.29804388996685,13.49
"Komarock Nairobi, Kenya",2025-05-09 00:00:00+00:00,daily,airqo,-1.2665586560734203,36.90932151124044,24.325751879699247,68.76092105263157,22.94
"Komarock Nairobi, Kenya",2025-05-10 00:00:00+00:00,daily,airqo,-1.2665586560734203,36.90932151124044,24.50277450980392,68.30723015873016,16.77
"Komarock Nairobi, Kenya",2025-05-11 00:00:00+00:00,daily,airqo,-1.2665586560734203,36.90932151124044,23.49412648809524,72.36356498015873,16.42
"Komarock Nairobi, Kenya",2025-05-12 00:00:00+00:00,daily,airqo,-1.2665586560734203,36.90932151124044,24.806282913165266,66.11563725490196,29.35
"Komarock Nairobi, Kenya",2025-05-13 00:00:00+00:00,daily,airqo,-1.2665586560734203,36.90932151124044,22.36422180451128,76.50795488721803,26.72
"Komarock Nairobi, Kenya",2025-05-14 00:00:00+00:00,daily,airqo,-1.2665586560734203,36.90932151124044,23.348868347338936,69.82150280112045,17.84
"Komarock Nairobi, Kenya",2025-05-15 00:00:00+00:00,daily,airqo,-1.2665586560734203,36.90932151124044,24.07555036630037,67.8435002035002,14.31
"Komarock Nairobi, Kenya",2025-05-16 00:00:00+00:00,daily,airqo,-1.2665586560734203,36.90932151124044,24.18498454469507,65.59229142300194,20.29
"Komarock Nairobi, Kenya",2025-05-17 00:00:00+00:00,daily,airqo,-1.2665586560734203,36.90932151124044,24.441031196412084,65.23973591874423,22.12
"Komarock Nairobi, Kenya",2025-05-18 00:00:00+00:00,daily,airqo,-1.26655865607342,36.90932151124044,25.58440515436944,63.27785177917321,16.53
"Komarock Nairobi, Kenya",2025-05-19 00:00:00+00:00,daily,airqo,-1.2665586560734203,36.90932151124044,24.82536977135352,67.57557161620629,17.78
"Komarock Nairobi, Kenya",2025-05-20 00:00:00+00:00,daily,airqo,-1.2665586560734203,36.90932151124044,24.616029429634693,68.6896319966583,20.31
"Komarock Nairobi, Kenya",2025-05-21 00:00:00+00:00,daily,airqo,-1.2665586560734203,36.90932151124044,24.06595652173913,69.18022774327123,30.35
"Komarock Nairobi, Kenya",2025-05-22 00:00:00+00:00,daily,airqo,-1.2665586560734203,36.90932151124044,23.902618145743148,70.32744703733766,21.8
"Komarock Nairobi, Kenya",2025-05-23 00:00:00+00:00,daily,airqo,-1.2665586560734203,36.90932151124044,24.81765119047619,64.09502499999999,15.8
"Komarock Nairobi, Kenya",2025-05-24 00:00:00+00:00,daily,airqo,-1.2665586560734203,36.90932151124044,24.541034110395607,64.09885600364548,18.0
"Komarock Nairobi, Kenya",2025-05-25 00:00:00+00:00,daily,airqo,-1.26655865607342,36.90932151124044,24.83784605380614,63.2238989749746,14.18
"Komarock Nairobi, Kenya",2025-05-26 00:00:00+00:00,daily,airqo,-1.2665586560734203,36.90932151124044,24.90255363155363,61.85870526695526,23.42
"Komarock Nairobi, Kenya",2025-05-27 00:00:00+00:00,daily,airqo,-1.26655865607342,36.90932151124044,24.09915306122449,67.43168027210885,15.51
"Komarock Nairobi, Kenya",2025-05-28 00:00:00+00:00,daily,airqo,-1.2665586560734203,36.90932151124044,24.13923524087998,64.85354970760234,20.18
"Komarock Nairobi, Kenya",2025-05-29 00:00:00+00:00,daily,airqo,-1.2665586560734203,36.90932151124044,23.904853383458647,65.43530325814537,14.68
"Komarock Nairobi, Kenya",2025-05-30 00:00:00+00:00,daily,airqo,-1.2665586560734203,36.90932151124044,23.87242296918768,56.94924929971989,15.45
"Komarock Nairobi, Kenya",2025-05-31 00:00:00+00:00,daily,airqo,-1.2665586560734203,36.90932151124044,23.780125366300364,58.68516327838828,23.61
"Komarock Nairobi, Kenya",2025-06-01 00:00:00+00:00,daily,airqo,-1.2665586560734203,36.90932151124044,23.113429981203005,64.10732806447938,23.57
"Komarock Nairobi, Kenya",2025-06-02 00:00:00+00:00,daily,airqo,-1.26655865607342,36.90932151124044,25.279416666666663,60.42348129251701,24.58
"Komarock Nairobi, Kenya",2025-06-03 00:00:00+00:00,daily,airqo,-1.2665586560734203,36.90932151124044,23.937541005291006,65.81121693121693,16.49
"Komarock Nairobi, Kenya",2025-06-04 00:00:00+00:00,daily,airqo,-1.2665586560734203,36.90932151124044,24.45696803573501,62.89806899209388,28.66
"Komarock Nairobi, Kenya",2025-06-05 00:00:00+00:00,daily,airqo,-1.2665586560734203,36.90932151124044,24.42853108465609,64.21234259259259,42.23
"Komarock Nairobi, Kenya",2025-06-06 00:00:00+00:00,daily,airqo,-1.2665586560734203,36.90932151124044,23.348749299719888,66.29826384998444,21.07
"Komarock Nairobi, Kenya",2025-06-07 00:00:00+00:00,daily,airqo,-1.2665586560734203,36.90932151124044,22.146904761904764,69.18242261904761,21.78
"Komarock Nairobi, Kenya",2025-06-08 00:00:00+00:00,daily,airqo,-1.2665586560734203,36.90932151124044,23.94161507936508,65.49401587301587,18.15
"Komarock Nairobi, Kenya",2025-06-09 00:00:00+00:00,daily,airqo,-1.2665586560734203,36.90932151124044,21.81696280991736,75.3976862455726,22.2
"Komarock Nairobi, Kenya",2025-06-10 00:00:00+00:00,daily,airqo,-1.2665586560734203,36.90932151124044,24.488261571761573,57.49603152987363,22.95
"Komarock Nairobi, Kenya",2025-06-11 00:00:00+00:00,daily,airqo,-1.2665586560734203,36.90932151124044,22.645862463924967,69.28830294011544,26.21
"Komarock Nairobi, Kenya",2025-06-12 00:00:00+00:00,daily,airqo,-1.2665586560734203,36.90932151124044,22.48300099206349,69.66638293650794,23.08
"Komarock Nairobi, Kenya",2025-06-13 00:00:00+00:00,daily,airqo,-1.2665586560734203,36.90932151124044,22.133588293650792,60.90647321428571,26.31
"Komarock Nairobi, Kenya",2025-06-14 00:00:00+00:00,daily,airqo,-1.2665586560734203,36.90932151124044,21.964410383597883,62.58732804232804,21.39
"Komarock Nairobi, Kenya",2025-06-15 00:00:00+00:00,daily,airqo,-1.2665586560734203,36.90932151124044,22.570162959301367,59.09336006755644,22.01
"Komarock Nairobi, Kenya",2025-06-16 00:00:00+00:00,daily,airqo,-1.2665586560734203,36.90932151124044,23.254447619047617,60.095810582010586,20.76
"Komarock Nairobi, Kenya",2025-06-17 00:00:00+00:00,daily,airqo,-1.2665586560734203,36.90932151124044,23.53838727678572,65.49813578869048,25.24
"Komarock Nairobi, Kenya",2025-06-18 00:00:00+00:00,daily,airqo,-1.2665586560734203,36.90932151124044,24.283296296296296,63.06636772486772,25.24
"Komarock Nairobi, Kenya",2025-06-19 00:00:00+00:00,daily,airqo,-1.2665586560734203,36.90932151124044,22.45873611111111,71.6285982142857,29.39
"Komarock Nairobi, Kenya",2025-06-20 00:00:00+00:00,daily,airqo,-1.2665586560734203,36.90932151124044,20.122365705931497,81.73483359440267,28.77
"Komarock Nairobi, Kenya",2025-06-21 00:00:00+00:00,daily,airqo,-1.2665586560734203,36.90932151124044,23.675736904761905,70.74204047619047,37.45
"Komarock Nairobi, Kenya",2025-06-22 00:00:00+00:00,daily,airqo,-1.2665586560734203,36.90932151124044,21.75290376984127,74.90869642857143,37.81
"Komarock Nairobi, Kenya",2025-06-23 00:00:00+00:00,daily,airqo,-1.2665586560734203,36.90932151124044,20.674354414682544,73.90747445436507,24.39
"Komarock Nairobi, Kenya",2025-06-24 00:00:00+00:00,daily,airqo,-1.2665586560734203,36.90932151124044,21.773554650515177,64.95656817390699,32.17
"Komarock Nairobi, Kenya",2025-06-25 00:00:00+00:00,daily,airqo,-1.2665586560734203,36.90932151124044,21.26031617870434,71.6043612012987,34.3
"Komarock Nairobi, Kenya",2025-06-26 00:00:00+00:00,daily,airqo,-1.2665586560734203,36.90932151124044,21.00162301587302,79.58306216931219,24.12
"Komarock Nairobi, Kenya",2025-06-27 00:00:00+00:00,daily,airqo,-1.2665586560734203,36.90932151124044,23.482675037202384,69.7039634796627,37.45
"Komarock Nairobi, Kenya",2025-06-28 00:00:00+00:00,daily,airqo,-1.2665586560734203,36.90932151124044,20.83642857142857,77.30979166666667,32.53
"Komarock Nairobi, Kenya",2025-06-29 00:00:00+00:00,daily,airqo,-1.2665586560734203,36.90932151124044,21.7459746031746,65.55998003341688,26.73
"Komarock Nairobi, Kenya",2025-06-30 00:00:00+00:00,daily,airqo,-1.2665586560734203,36.90932151124044,21.68613333333333,69.19358174603175,27.52
"Komarock Nairobi, Kenya",2025-07-01 00:00:00+00:00,daily,airqo,-1.2665586560734203,36.90932151124044,23.582027708159288,60.112293163464216,27.03
"Komarock Nairobi, Kenya",2025-07-02 00:00:00+00:00,daily,airqo,-1.2665586560734203,36.90932151124044,22.971577013801472,63.83004794925829,22.21
"Komarock Nairobi, Kenya",2025-07-03 00:00:00+00:00,daily,airqo,-1.2665586560734203,36.90932151124044,23.81973015873016,64.77769841269841,34.75
"Komarock Nairobi, Kenya",2025-07-04 00:00:00+00:00,daily,airqo,-1.26655865607342,36.90932151124044,24.866731559290383,60.96182593037215,26.91
"Komarock Nairobi, Kenya",2025-07-05 00:00:00+00:00,daily,airqo,-1.2665586560734203,36.90932151124044,23.030700000000003,71.07365714285713,21.95
"Komarock Nairobi, Kenya",2025-07-06 00:00:00+00:00,daily,airqo,-1.2665586560734203,36.90932151124044,24.372101338055884,63.29052735143645,23.49
"Komarock Nairobi, Kenya",2025-07-07 00:00:00+00:00,daily,airqo,-1.2665586560734203,36.90932151124044,22.792512265512265,68.91921645021645,24.3
"Komarock Nairobi, Kenya",2025-07-08 00:00:00+00:00,daily,airqo,-1.2665586560734203,36.90932151124044,23.25370734126984,65.50100793650795,39.51
"Komarock Nairobi, Kenya",2025-07-09 00:00:00+00:00,daily,airqo,-1.2665586560734203,36.90932151124044,22.541499066293184,61.35049509803921,16.73
"Komarock Nairobi, Kenya",2025-07-10 00:00:00+00:00,daily,airqo,-1.26655865607342,36.90932151124044,23.62619292351087,58.43709951053592,32.72
"Komarock Nairobi, Kenya",2025-07-11 00:00:00+00:00,daily,airqo,-1.26655865607342,36.90932151124044,25.044007326007325,54.1858663003663,21.16
"Komarock Nairobi, Kenya",2025-07-12 00:00:00+00:00,daily,airqo,-1.2665586560734203,36.90932151124044,24.36914141122036,60.97151918257181,25.99
"Komarock Nairobi, Kenya",2025-07-13 00:00:00+00:00,daily,airqo,-1.2665586560734203,36.90932151124044,23.64325396825397,62.75118127705628,18.79
"Komarock Nairobi, Kenya",2025-07-14 00:00:00+00:00,daily,airqo,-1.2665586560734203,36.90932151124044,23.632493386243382,60.12291798941799,24.94
"Komarock Nairobi, Kenya",2025-07-15 00:00:00+00:00,daily,airqo,-1.2665586560734203,36.90932151124044,23.28251058201058,60.54558862433862,30.25
"Komarock Nairobi, Kenya",2025-07-16 00:00:00+00:00,daily,airqo,-1.2665586560734203,36.90932151124044,24.21541806439175,60.35862061622588,23.3
"Komarock Nairobi, Kenya",2025-07-17 00:00:00+00:00,daily,airqo,-1.2665586560734203,36.90932151124044,25.21644871794872,58.98564102564103,36.26
"Komarock Nairobi, Kenya",2025-07-18 00:00:00+00:00,daily,airqo,-1.2665586560734203,36.90932151124044,25.079152380952383,59.655926190476194,35.49
"Komarock Nairobi, Kenya",2025-07-19 00:00:00+00:00,daily,airqo,-1.2665586560734203,36.90932151124044,25.35398333333333,54.19740476190477,20.7
"Komarock Nairobi, Kenya",2025-07-20 00:00:00+00:00,daily,airqo,-1.2665586560734203,36.90932151124044,24.127777591036413,56.83110210084034,23.47
"Komarock Nairobi, Kenya",2025-07-21 00:00:00+00:00,daily,airqo,-1.26655865607342,36.90932151124044,24.85331882753101,56.40224789915966,35.3
"Komarock Nairobi, Kenya",2025-07-22 00:00:00+00:00,daily,airqo,-0.2878542400166864,8.388482161645555,23.101841991341992,61.84006493506493,26.87
"Komarock Nairobi, Kenya",2025-07-23 00:00:00+00:00,daily,airqo,0.0,0.0,20.11,69.65,22.14
"Komarock Nairobi, Kenya",2025-07-24 00:00:00+00:00,daily,airqo,-0.3799675968220261,11.072796453372131,24.71278019558701,54.057444714728,28.84
"Komarock Nairobi, Kenya",2025-07-25 00:00:00+00:00,daily,airqo,0.0,0.0,24.648995215311007,55.17362849061575,28.62
"Komarock Nairobi, Kenya",2025-07-26 00:00:00+00:00,daily,airqo,0.0,0.0,24.24821875,53.101538318452384,19.58
"Komarock Nairobi, Kenya",2025-07-27 00:00:00+00:00,daily,airqo,0.0,0.0,24.37969616974504,52.72912907330765,21.78
"Komarock Nairobi, Kenya",2025-07-28 00:00:00+00:00,daily,airqo,0.0,0.0,23.81157326007326,55.105915317139,32.09
"Komarock Nairobi, Kenya",2025-07-29 00:00:00+00:00,daily,airqo,0.0,0.0,23.296333333333333,57.99897916666667,27.05
"Komarock Nairobi, Kenya",2025-07-30 00:00:00+00:00,daily,airqo,0.0,0.0,22.15833012820513,55.12752518315018,38.83
"Komarock Nairobi, Kenya",2025-07-31 00:00:00+00:00,daily,airqo,0.0,0.3355392864658222,25.77871423169819,48.50674199537836,29.57
"Komarock Nairobi, Kenya",2025-08-01 00:00:00+00:00,daily,airqo,0.0,0.0,22.507385416666665,66.66075,16.4
"Komarock Nairobi, Kenya",2025-08-02 00:00:00+00:00,daily,airqo,0.0,0.0,24.30153559981685,60.49958207417583,21.84
"Komarock Nairobi, Kenya",2025-08-03 00:00:00+00:00,daily,airqo,0.0,0.0,25.78686666666667,51.67903333333334,27.88
"Komarock Nairobi, Kenya",2025-08-04 00:00:00+00:00,daily,airqo,0.0,0.0,24.31258668120004,51.62580662760277,42.68
"Komarock Nairobi, Kenya",2025-08-05 00:00:00+00:00,daily,airqo,0.0,0.0,24.634908928571427,51.550125,24.82
"Komarock Nairobi, Kenya",2025-08-06 00:00:00+00:00,daily,airqo,0.0,0.0,25.991955462361712,50.75844988576239,19.57
"Komarock Nairobi, Kenya",2025-08-07 00:00:00+00:00,daily,airqo,0.0,0.0,26.24234060846561,55.86274074074075,22.8
"Komarock Nairobi, Kenya",2025-08-08 00:00:00+00:00,daily,airqo,0.0,0.0,24.382235136452245,61.78388812308549,41.59
"Komarock Nairobi, Kenya",2025-08-09 00:00:00+00:00,daily,airqo,0.0,0.0,22.83320833333333,65.741375,26.94
"Komarock Nairobi, Kenya",2025-08-10 00:00:00+00:00,daily,airqo,0.0,0.0,24.648238669826902,55.08882460676579,46.26
"Komarock Nairobi, Kenya",2025-08-11 00:00:00+00:00,daily,airqo,0.0,0.0,23.464222222222222,61.00711111111111,25.5
"Komarock Nairobi, Kenya",2025-08-12 00:00:00+00:00,daily,airqo,0.0,0.0,21.695833333333333,68.08770833333332,36.57
"Komarock Nairobi, Kenya",2025-08-13 00:00:00+00:00,daily,airqo,0.0,0.0,23.94227000192789,56.33782340466552,31.97
"Komarock Nairobi, Kenya",2025-08-14 00:00:00+00:00,daily,airqo,0.0,0.0,26.056451465201462,47.91027701465202,35.49
"Komarock Nairobi, Kenya",2025-08-15 00:00:00+00:00,daily,airqo,0.0,0.0,24.723025974025973,57.47404978354978,23.82
"Komarock Nairobi, Kenya",2025-08-16 00:00:00+00:00,daily,airqo,0.0,0.0,25.012123809523807,62.17802142857144,20.98
"Komarock Nairobi, Kenya",2025-08-17 00:00:00+00:00,daily,airqo,0.0,0.0,22.367824227234752,72.77981459039756,27.39
"Komarock Nairobi, Kenya",2025-08-18 00:00:00+00:00,daily,airqo,,,,,
"Komarock Nairobi, Kenya",2025-08-19 00:00:00+00:00,daily,airqo,0.0,0.0,21.57331428571429,71.16293174603175,27.87
"Komarock Nairobi, Kenya",2025-08-20 00:00:00+00:00,daily,airqo,0.0,0.0,21.3620132020757,66.12467666361415,47.08
"Komarock Nairobi, Kenya",2025-08-21 00:00:00+00:00,daily,airqo,0.0,0.0,22.61126965140124,64.03440764790766,36.5
"Komarock Nairobi, Kenya",2025-08-22 00:00:00+00:00,daily,airqo,0.0,0.0,22.15550476190476,61.72476984126984,42.47
"Komarock Nairobi, Kenya",2025-08-23 00:00:00+00:00,daily,airqo,0.0,0.0,22.197790521978025,61.85756135531136,23.82
"Komarock Nairobi, Kenya",2025-08-24 00:00:00+00:00,daily,airqo,0.0,0.0,22.38378330928331,63.93981277056277,25.83
"Komarock Nairobi, Kenya",2025-08-25 00:00:00+00:00,daily,airqo,0.0,0.0,22.755883020050128,62.7899418546366,26.28
"Komarock Nairobi, Kenya",2025-08-26 00:00:00+00:00,daily,airqo,0.0,0.0,22.88864272741148,61.78819590964592,27.87
"Komarock Nairobi, Kenya",2025-08-27 00:00:00+00:00,daily,airqo,0.0,0.0,23.92347032967033,59.20100816095669,26.48
"Komarock Nairobi, Kenya",2025-08-28 00:00:00+00:00,daily,airqo,0.0,0.0,23.09101057422969,59.29544390756303,23.82
"Komarock Nairobi, Kenya",2025-08-29 00:00:00+00:00,daily,airqo,0.0,0.0,23.354832633053224,58.16224299719888,28.4
"Komarock Nairobi, Kenya",2025-08-30 00:00:00+00:00,daily,airqo,0.0,0.0,23.17577031784005,51.747320688083846,33.45
"Komarock Nairobi, Kenya",2025-08-31 00:00:00+00:00,daily,airqo,0.0,0.0,21.753067396371744,61.66951757662628,23.6
"Komarock Nairobi, Kenya",2025-09-01 00:00:00+00:00,daily,airqo,0.0,0.0,24.812413118131868,50.51779464285714,36.44
"Komarock Nairobi, Kenya",2025-09-02 00:00:00+00:00,daily,airqo,0.0,0.0,23.979788405558303,55.06396358543417,32.59
"Komarock Nairobi, Kenya",2025-09-03 00:00:00+00:00,daily,airqo,0.0,0.0,25.736738705738706,48.58770024420024,33.51
"Komarock Nairobi, Kenya",2025-09-04 00:00:00+00:00,daily,airqo,0.0,0.0,22.98561149480035,61.373850758117015,38.22
"Komarock Nairobi, Kenya",2025-09-05 00:00:00+00:00,daily,airqo,0.0,0.0,25.873292582417584,49.2860173992674,37.96
"Komarock Nairobi, Kenya",2025-09-06 00:00:00+00:00,daily,airqo,0.0,0.0,25.80730327903091,49.92705414862915,28.39
"Komarock Nairobi, Kenya",2025-09-07 00:00:00+00:00,daily,airqo,0.0,0.0,24.19182048160173,53.695147591991336,24.18
"Komarock Nairobi, Kenya",2025-09-08 00:00:00+00:00,daily,airqo,0.0,0.0,24.543149859943977,56.74813585434173,34.16
"Komarock Nairobi, Kenya",2025-09-09 00:00:00+00:00,daily,airqo,0.0,0.0,26.92490058479532,52.1442073934837,15.15
"Komarock Nairobi, Kenya",2025-09-10 00:00:00+00:00,daily,airqo,0.0,0.0,27.03881944444444,53.25415277777778,19.12
"Komarock Nairobi, Kenya",2025-09-11 00:00:00+00:00,daily,airqo,0.0,0.0,25.37896626180837,53.25820157293686,19.77
"Komarock Nairobi, Kenya",2025-09-12 00:00:00+00:00,daily,airqo,0.0,0.0,25.108384776334777,54.27900772005772,18.22
"Komarock Nairobi, Kenya",2025-09-13 00:00:00+00:00,daily,airqo,0.0,0.0,25.450773652882205,50.08880803571429,18.74
"Komarock Nairobi, Kenya",2025-09-14 00:00:00+00:00,daily,airqo,0.0,0.0,26.29836879307644,51.02659723297214,19.46
"Komarock Nairobi, Kenya",2025-09-15 00:00:00+00:00,daily,airqo,0.0,0.0,26.576629480942174,51.583977419896925,20.78
"Komarock Nairobi, Kenya",2025-09-16 00:00:00+00:00,daily,airqo,0.0,0.0,26.552685433280168,51.30706717551455,21.96
"Komarock Nairobi, Kenya",2025-09-17 00:00:00+00:00,daily,airqo,0.0,0.0,28.34041269841269,44.05251984126985,22.4
"Komarock Nairobi, Kenya",2025-09-18 00:00:00+00:00,daily,airqo,0.0,0.0,27.91203463203464,50.422011544011546,20.16
"Komarock Nairobi, Kenya",2025-09-19 00:00:00+00:00,daily,airqo,0.0,0.0,28.19792113095238,44.43777876984127,20.01
"Komarock Nairobi, Kenya",2025-09-20 00:00:00+00:00,daily,airqo,0.0,0.0,27.73998612172141,41.85749668958493,9.89
"Komarock Nairobi, Kenya",2025-09-21 00:00:00+00:00,daily,airqo,0.0,0.0,27.861337962962963,44.0123287037037,6.23
"Komarock Nairobi, Kenya",2025-09-22 00:00:00+00:00,daily,airqo,0.0,0.0,27.85062962962963,46.51614021164021,14.88
"Komarock Nairobi, Kenya",2025-09-23 00:00:00+00:00,daily,airqo,0.0,0.0,26.69695833333333,44.14214814814815,18.51
"Komarock Nairobi, Kenya",2025-09-24 00:00:00+00:00,daily,airqo,0.0,0.0,26.83201731601732,44.68223863636364,20.57
"Komarock Nairobi, Kenya",2025-09-25 00:00:00+00:00,daily,airqo,0.0,0.0,28.219089285714286,49.826079365079366,18.52
"Komarock Nairobi, Kenya",2025-09-26 00:00:00+00:00,daily,airqo,0.0,0.0,25.29420562770563,61.77803246753247,33.69
"Komarock Nairobi, Kenya",2025-09-27 00:00:00+00:00,daily,airqo,0.0,0.0,24.332527777777777,59.036658730158734,46.74
"Komarock Nairobi, Kenya",2025-09-28 00:00:00+00:00,daily,airqo,0.0,0.0,23.875182644110275,58.451491228070175,29.15
"Komarock Nairobi, Kenya",2025-09-29 00:00:00+00:00,daily,airqo,0.0,0.0,24.64787285521496,61.542788316946215,20.02
"Komarock Nairobi, Kenya",2025-09-30 00:00:00+00:00,daily,airqo,0.0,0.0,28.71259025974026,48.02605444292549,20.35
"Komarock Nairobi, Kenya",2025-10-01 00:00:00+00:00,daily,airqo,0.0,0.0,29.455269047619048,35.9919869047619,21.33
"Komarock Nairobi, Kenya",2025-10-02 00:00:00+00:00,daily,airqo,0.0,0.0,22.99450595238095,52.54564285714286,17.43
"Komarock Nairobi, Kenya",2025-10-03 00:00:00+00:00,daily,airqo,0.0,0.0,26.3895,49.9975,26.89
"Komarock Nairobi, Kenya",2025-10-04 00:00:00+00:00,daily,airqo,0.0,0.0,23.551459706959708,73.33228937728937,24.75
"Komarock Nairobi, Kenya",2025-10-05 00:00:00+00:00,daily,airqo,0.0,0.0,24.15239365079365,63.22804126984127,19.1
"Komarock Nairobi, Kenya",2025-10-06 00:00:00+00:00,daily,airqo,,,,,
"Komarock Nairobi, Kenya",2025-10-07 00:00:00+00:00,daily,airqo,0.0,0.0,24.3195,58.50025,19.78
"Komarock Nairobi, Kenya",2025-10-08 00:00:00+00:00,daily,airqo,0.0,0.0,22.70066125541125,65.81663528138527,15.69
"Komarock Nairobi, Kenya",2025-10-09 00:00:00+00:00,daily,airqo,0.0,0.0,23.045728354978355,65.25542857142858,15.04
"Komarock Nairobi, Kenya",2025-10-10 00:00:00+00:00,daily,airqo,0.0,0.0,23.95756677631579,61.01626538220552,14.24
"Komarock Nairobi, Kenya",2025-10-11 00:00:00+00:00,daily,airqo,0.0,0.0,22.80156150793651,60.567538194444445,14.79
"Komarock Nairobi, Kenya",2025-10-12 00:00:00+00:00,daily,airqo,0.0,0.0,22.25883758503401,61.51662216553287,13.47
"Komarock Nairobi, Kenya",2025-10-13 00:00:00+00:00,daily,airqo,0.0,0.0,23.53762244897959,60.221404761904765,15.27
"Komarock Nairobi, Kenya",2025-10-14 00:00:00+00:00,daily,airqo,0.0,0.0,24.18250705128205,56.9318221001221,16.28
"Komarock Nairobi, Kenya",2025-10-15 00:00:00+00:00,daily,airqo,0.0,0.0,24.562688283208026,57.93767397660819,15.35
"Komarock Nairobi, Kenya",2025-10-16 00:00:00+00:00,daily,airqo,0.0,0.0,24.324939880952385,61.44222797619047,15.82
"Komarock Nairobi, Kenya",2025-10-17 00:00:00+00:00,daily,airqo,0.0,0.0,24.540326530612244,63.97015136054421,17.39
"Komarock Nairobi, Kenya",2025-10-18 00:00:00+00:00,daily,airqo,0.0,0.0,24.575146494709,59.75795238095239,17.07
"Komarock Nairobi, Kenya",2025-10-19 00:00:00+00:00,daily,airqo,0.0,0.0,23.724852813852817,57.940808441558445,15.52
"Komarock Nairobi, Kenya",2025-10-20 00:00:00+00:00,daily,airqo,0.0,0.0,22.67336974789916,58.652392156862746,17.29
"Komarock Nairobi, Kenya",2025-10-21 00:00:00+00:00,daily,airqo,0.0,0.0,24.303315920008355,56.24205383249791,19.22
"Komarock Nairobi, Kenya",2025-10-22 00:00:00+00:00,daily,airqo,0.0,0.0,24.94416904761905,54.07585952380953,19.16
"Komarock Nairobi, Kenya",2025-10-23 00:00:00+00:00,daily,airqo,0.0,0.0,25.27355515873016,60.91538968253968,21.38
"Komarock Nairobi, Kenya",2025-10-24 00:00:00+00:00,daily,airqo,0.0,0.0,23.806513271815906,71.53168344562705,17.35
"Komarock Nairobi, Kenya",2025-10-25 00:00:00+00:00,daily,airqo,,,,,
"Komarock Nairobi, Kenya",2025-10-26 00:00:00+00:00,daily,airqo,,,,,
"Komarock Nairobi, Kenya",2025-10-27 00:00:00+00:00,daily,airqo,0.0,0.0,24.89957550125313,66.78504746240601,18.84
"Komarock Nairobi, Kenya",2025-10-28 00:00:00+00:00,daily,airqo,0.0,0.0,23.126679271708685,74.37499159663865,16.56
"Komarock Nairobi, Kenya",2025-10-29 00:00:00+00:00,daily,airqo,0.0,0.0,20.846950216450217,80.39087391774892,14.08
"Komarock Nairobi, Kenya",2025-10-30 00:00:00+00:00,daily,airqo,0.0,0.0,23.12138322869464,71.35258536070816,13.65
"Komarock Nairobi, Kenya",2025-10-31 00:00:00+00:00,daily,airqo,0.0,0.0,22.93819841269841,70.06667195767196,16.15
"Komarock Nairobi, Kenya",2025-11-01 00:00:00+00:00,daily,airqo,0.0,0.0,23.38140115440116,69.99538282828283,18.58
"Komarock Nairobi, Kenya",2025-11-02 00:00:00+00:00,daily,airqo,0.0,0.0,24.190416666666668,65.1130992063492,15.16
"Komarock Nairobi, Kenya",2025-11-03 00:00:00+00:00,daily,airqo,0.0,0.0,23.68193537414966,65.34224376417234,14.82
"Komarock Nairobi, Kenya",2025-11-04 00:00:00+00:00,daily,airqo,0.0,0.0,23.37261480880231,64.46700036075036,16.59
"Komarock Nairobi, Kenya",2025-11-05 00:00:00+00:00,daily,airqo,0.0,0.0,23.77868003341688,64.80352944862155,14.03
"Komarock Nairobi, Kenya",2025-11-06 00:00:00+00:00,daily,airqo,,,,,
"Komarock Nairobi, Kenya",2025-11-07 00:00:00+00:00,daily,airqo,0.0,0.0,20.39807142857143,77.94254497354498,15.47
"Komarock Nairobi, Kenya",2025-11-08 00:00:00+00:00,daily,airqo,0.0,0.0,22.53571056547619,70.51794543650793,13.12
"Komarock Nairobi, Kenya",2025-11-09 00:00:00+00:00,daily,airqo,0.0,0.0,20.106311186498687,80.18200447237948,14.26
"Komarock Nairobi, Kenya",2025-11-10 00:00:00+00:00,daily,airqo,0.0,0.0,23.20632456140351,69.58194235588974,18.0
"Komarock Nairobi, Kenya",2025-11-11 00:00:00+00:00,daily,airqo,0.0,0.0,22.788016865079367,69.29719444444444,17.72
"Komarock Nairobi, Kenya",2025-11-12 00:00:00+00:00,daily,airqo,0.0,0.0,22.75253000992064,69.8007666170635,14.68
"Komarock Nairobi, Kenya",2025-11-13 00:00:00+00:00,daily,airqo,0.0,0.0,21.40561011904762,75.85459325396825,15.09
"Komarock Nairobi, Kenya",2025-11-14 00:00:00+00:00,daily,airqo,0.0,0.0,21.76275325600325,74.06449694749695,15.87
"Komarock Nairobi, Kenya",2025-11-15 00:00:00+00:00,daily,airqo,0.0,0.0,23.46866426570628,66.7523570761638,14.72
"Komarock Nairobi, Kenya",2025-11-16 00:00:00+00:00,daily,airqo,0.0,0.0,22.80972867063492,69.36068526785714,14.31
"Komarock Nairobi, Kenya",2025-11-17 00:00:00+00:00,daily,airqo,0.0,0.0,22.544776244588743,72.23421834415585,14.56
"Komarock Nairobi, Kenya",2025-11-18 00:00:00+00:00,daily,airqo,0.0,0.0,21.825951465201467,73.55737772181523,14.2
"Komarock Nairobi, Kenya",2025-11-19 00:00:00+00:00,daily,airqo,0.0,0.0,22.50604274891775,70.23813284632034,14.86
"Komarock Nairobi, Kenya",2025-11-20 00:00:00+00:00,daily,airqo,0.0,0.0,22.455696180555552,68.80167212301588,15.44
"Komarock Nairobi, Kenya",2025-11-21 00:00:00+00:00,daily,airqo,0.0,0.0,22.51579935515873,63.11772916666666,18.52
"Komarock Nairobi, Kenya",2025-11-22 00:00:00+00:00,daily,airqo,0.0,0.0,22.01274801587301,67.90000719246032,18.09
"Komarock Nairobi, Kenya",2025-11-23 00:00:00+00:00,daily,airqo,0.0,0.0,21.109364177489176,72.1517886904762,20.15
"Komarock Nairobi, Kenya",2025-11-24 00:00:00+00:00,daily,airqo,0.0,0.0,23.94930144806461,65.96808785853523,14.97
"Komarock Nairobi, Kenya",2025-11-25 00:00:00+00:00,daily,airqo,0.0,0.0,23.097275328837828,69.87754234654234,13.93
"Komarock Nairobi, Kenya",2025-11-26 00:00:00+00:00,daily,airqo,0.0,0.0,23.168215476190475,67.17160833333334,14.64
"Komarock Nairobi, Kenya",2025-11-27 00:00:00+00:00,daily,airqo,0.0,0.0,22.29441639610389,71.08921590909091,16.06
"Komarock Nairobi, Kenya",2025-11-28 00:00:00+00:00,daily,airqo,0.0,0.0,22.94810253895609,69.45159867058952,15.86
"Komarock Nairobi, Kenya",2025-11-29 00:00:00+00:00,daily,airqo,0.0,0.0,23.078817081469257,68.6734982915635,15.24
"Komarock Nairobi, Kenya",2025-11-30 00:00:00+00:00,daily,airqo,0.0,0.0,23.43605952380952,61.43889097744361,15.28
"Komarock Nairobi, Kenya",2025-12-01 00:00:00+00:00,daily,airqo,0.0,0.0,22.870976190476192,61.45215148809524,16.16
"Komarock Nairobi, Kenya",2025-12-02 00:00:00+00:00,daily,airqo,0.0,0.0,22.647111521054704,63.238552489177486,16.32
"Komarock Nairobi, Kenya",2025-12-03 00:00:00+00:00,daily,airqo,0.0,0.0,22.1982653243747,68.79332413419912,16.36
"Komarock Nairobi, Kenya",2025-12-04 00:00:00+00:00,daily,airqo,0.0,0.0,23.092022546897542,67.60624837662338,14.88
"Komarock Nairobi, Kenya",2025-12-05 00:00:00+00:00,daily,airqo,0.0,0.0,23.87933114035088,63.51866405597326,16.27
"Komarock Nairobi, Kenya",2025-12-06 00:00:00+00:00,daily,airqo,0.0,0.0,22.467410430839003,68.60689200680272,15.1
"Komarock Nairobi, Kenya",2025-12-07 00:00:00+00:00,daily,airqo,0.0,0.0,23.533688311688312,66.05693181818182,14.54
"Komarock Nairobi, Kenya",2025-12-08 00:00:00+00:00,daily,airqo,0.0,0.0,21.573056494125428,74.56338128793185,14.33
"Komarock Nairobi, Kenya",2025-12-09 00:00:00+00:00,daily,airqo,0.0,0.0,24.352925925925927,62.36582539682539,15.88
"Komarock Nairobi, Kenya",2025-12-10 00:00:00+00:00,daily,airqo,0.0,0.0,24.115360884757944,65.13928989003008,14.06
"Komarock Nairobi, Kenya",2025-12-11 00:00:00+00:00,daily,airqo,0.0,0.0,23.897318940117856,68.2033250318522,14.44
"Komarock Nairobi, Kenya",2025-12-12 00:00:00+00:00,daily,airqo,0.0,0.0,22.987175724637684,71.42094435817806,14.5
"Komarock Nairobi, Kenya",2025-12-13 00:00:00+00:00,daily,airqo,0.0,0.0,22.687892832902392,74.55730517668607,14.17
"Komarock Nairobi, Kenya",2025-12-14 00:00:00+00:00,daily,airqo,0.0,0.0,23.125472947073565,73.61061248710011,13.61
"Komarock Nairobi, Kenya",2025-12-15 00:00:00+00:00,daily,airqo,0.0,0.0,22.58682917082917,71.28615415140415,14.21
"Komarock Nairobi, Kenya",2025-12-16 00:00:00+00:00,daily,airqo,0.0,0.0,23.20726995519101,68.91986506037823,14.49
"Komarock Nairobi, Kenya",2025-12-17 00:00:00+00:00,daily,airqo,0.0,0.0,25.09979894179894,62.1133716931217,15.26
"Komarock Nairobi, Kenya",2025-12-18 00:00:00+00:00,daily,airqo,0.0,0.0,23.63590476190476,69.5810740563784,12.71
"Komarock Nairobi, Kenya",2025-12-19 00:00:00+00:00,daily,airqo,0.0,0.0,22.932921012849583,73.07506802721089,15.94
"Komarock Nairobi, Kenya",2025-12-20 00:00:00+00:00,daily,airqo,0.0,0.0,23.84260275689223,68.55450877192982,12.65
"Komarock Nairobi, Kenya",2025-12-21 00:00:00+00:00,daily,airqo,0.0,0.0,20.894157053730584,83.46770982938631,12.27
"Komarock Nairobi, Kenya",2025-12-22 00:00:00+00:00,daily,airqo,0.0,0.0,22.612737654320988,69.90364285714287,13.78
"Komarock Nairobi, Kenya",2025-12-23 00:00:00+00:00,daily,airqo,0.0,0.0,22.68254195011338,69.72269274376417,14.01
"Komarock Nairobi, Kenya",2025-12-24 00:00:00+00:00,daily,airqo,0.0,0.0,23.0520882936508,69.35787202380952,12.94
"Komarock Nairobi, Kenya",2025-12-25 00:00:00+00:00,daily,airqo,0.0,0.0,23.98938609307359,67.66522925685426,12.99
"Komarock Nairobi, Kenya",2025-12-26 00:00:00+00:00,daily,airqo,0.0,0.0,25.08004365079365,65.12144543650794,12.59
"Komarock Nairobi, Kenya",2025-12-27 00:00:00+00:00,daily,airqo,0.0,0.0,24.58633333333333,69.53494841269841,12.68
"Komarock Nairobi, Kenya",2025-12-28 00:00:00+00:00,daily,airqo,0.0,0.0,20.3441357694593,83.73900734233086,13.12
"Komarock Nairobi, Kenya",2025-12-29 00:00:00+00:00,daily,airqo,0.0,0.0,22.798394736842106,70.42725062656642,13.35
"Komarock Nairobi, Kenya",2025-12-30 00:00:00+00:00,daily,airqo,0.0,0.0,23.1695184453228,71.66407387539996,20.78
"Komarock Nairobi, Kenya",2025-12-31 00:00:00+00:00,daily,airqo,0.0,0.0,23.13209062057317,70.9942780047946,12.24
Kuwinda Lang'ata Road,2025-01-01 00:00:00+00:00,daily,airqo,-1.3424200286399366,36.74005243100645,25.846358152247863,58.68173554373855,14.52
Kuwinda Lang'ata Road,2025-01-02 00:00:00+00:00,daily,airqo,-1.3424200286399366,36.74005243100645,24.911911100795475,56.68740063491321,12.49
Kuwinda Lang'ata Road,2025-01-03 00:00:00+00:00,daily,airqo,-1.3424200286399366,36.74005243100645,24.04747777286033,56.32944389299928,13.34
Kuwinda Lang'ata Road,2025-01-04 00:00:00+00:00,daily,airqo,-1.3424200286399366,36.74005243100645,24.9714232380856,60.2157746316168,12.82
Kuwinda Lang'ata Road,2025-01-05 00:00:00+00:00,daily,airqo,-1.3424200286399366,36.74005243100645,23.85611516403682,63.9316729400334,14.46
Kuwinda Lang'ata Road,2025-01-06 00:00:00+00:00,daily,airqo,-1.3424200286399366,36.74005243100645,25.39488795859163,54.501185965828896,18.86
Kuwinda Lang'ata Road,2025-01-07 00:00:00+00:00,daily,airqo,-1.3424200286399364,36.74005243100645,26.543737482094865,45.984930282007305,17.83
Kuwinda Lang'ata Road,2025-01-08 00:00:00+00:00,daily,airqo,-1.3424200286399366,36.74005243100645,25.94912063492064,54.25979365079365,25.13
Kuwinda Lang'ata Road,2025-01-09 00:00:00+00:00,daily,airqo,-1.3424200286399366,36.74005243100645,27.728553371157325,52.89028919115431,22.8
Kuwinda Lang'ata Road,2025-01-10 00:00:00+00:00,daily,airqo,-1.3424200286399366,36.74005243100645,25.593663578293683,61.43908183284909,17.84
Kuwinda Lang'ata Road,2025-01-11 00:00:00+00:00,daily,airqo,-1.3424200286399366,36.74005243100645,26.416209168141524,55.04120408669493,16.86
Kuwinda Lang'ata Road,2025-01-12 00:00:00+00:00,daily,airqo,-1.3424200286399366,36.74005243100645,25.64620321637427,58.162221978557504,14.52
Kuwinda Lang'ata Road,2025-01-13 00:00:00+00:00,daily,airqo,-1.3424200286399366,36.74005243100645,24.896605925925925,59.89262518518519,22.09
Kuwinda Lang'ata Road,2025-01-14 00:00:00+00:00,daily,airqo,-1.3424200286399366,36.74005243100645,24.68327137828368,50.309884142038136,17.2
Kuwinda Lang'ata Road,2025-01-15 00:00:00+00:00,daily,airqo,-1.3424200286399366,36.74005243100645,22.26547614995623,62.341801688341086,16.14
Kuwinda Lang'ata Road,2025-01-16 00:00:00+00:00,daily,airqo,-1.3424200286399366,36.74005243100645,24.162538718930296,54.06950811855452,15.63
Kuwinda Lang'ata Road,2025-01-17 00:00:00+00:00,daily,airqo,-1.3424200286399366,36.74005243100645,25.304300623353257,52.83470558875823,14.2
Kuwinda Lang'ata Road,2025-01-18 00:00:00+00:00,daily,airqo,-1.3424200286399366,36.74005243100645,26.44488824224021,50.9038091472672,15.6
Kuwinda Lang'ata Road,2025-01-19 00:00:00+00:00,daily,airqo,-1.3424200286399366,36.74005243100645,27.05054285714285,53.46848571428571,14.04
Kuwinda Lang'ata Road,2025-01-20 00:00:00+00:00,daily,airqo,-1.3424200286399366,36.74005243100645,25.846472222222225,50.597166666666666,20.53
Kuwinda Lang'ata Road,2025-01-21 00:00:00+00:00,daily,airqo,-1.3424200286399366,36.74005243100645,28.530599316069207,46.741930453206926,20.36
Kuwinda Lang'ata Road,2025-01-22 00:00:00+00:00,daily,airqo,-1.3424200286399366,36.74005243100645,28.587076509455457,45.36841697425382,20.12
Kuwinda Lang'ata Road,2025-01-23 00:00:00+00:00,daily,airqo,-1.3424200286399368,36.74005243100645,28.4091065351546,48.93285659584223,20.6
Kuwinda Lang'ata Road,2025-01-24 00:00:00+00:00,daily,airqo,-1.3424200286399366,36.74005243100645,27.872754991236487,51.52723372547455,23.37
Kuwinda Lang'ata Road,2025-01-25 00:00:00+00:00,daily,airqo,-1.3424200286399366,36.74005243100645,29.654686204340035,47.11243946416285,26.44
Kuwinda Lang'ata Road,2025-01-26 00:00:00+00:00,daily,airqo,-1.3424200286399366,36.74005243100645,27.53449936456064,60.70155646332608,23.57
Kuwinda Lang'ata Road,2025-01-27 00:00:00+00:00,daily,airqo,-1.3424200286399366,36.74005243100645,25.11381194331984,69.01326552920764,117.59
Kuwinda Lang'ata Road,2025-01-28 00:00:00+00:00,daily,airqo,-1.3424200286399366,36.74005243100645,25.773021643160188,66.82493692428238,82.03
Kuwinda Lang'ata Road,2025-01-29 00:00:00+00:00,daily,airqo,-1.3424200286399366,36.74005243100645,27.202819518716577,58.46737540011117,92.79
Kuwinda Lang'ata Road,2025-01-30 00:00:00+00:00,daily,airqo,-1.3424200286399366,36.74005243100645,22.994308661086265,77.64760081030462,76.86
Kuwinda Lang'ata Road,2025-01-31 00:00:00+00:00,daily,airqo,-1.3424200286399366,36.74005243100645,26.03062954260652,58.95839514411027,61.01
Kuwinda Lang'ata Road,2025-02-01 00:00:00+00:00,daily,airqo,-1.3424200286399366,36.74005243100645,21.514,78.11533333333334,34.27
Kuwinda Lang'ata Road,2025-02-02 00:00:00+00:00,daily,airqo,-1.3424200286399366,36.74005243100645,19.278181818181817,90.82272727272726,12.24
Kuwinda Lang'ata Road,2025-02-03 00:00:00+00:00,daily,airqo,-1.3424200286399366,36.74005243100645,20.47,75.71,25.12
Kuwinda Lang'ata Road,2025-02-04 00:00:00+00:00,daily,airqo,-1.3424200286399366,36.74005243100645,24.45710913312693,61.047696117521966,51.95
Kuwinda Lang'ata Road,2025-02-05 00:00:00+00:00,daily,airqo,-1.3424200286399366,36.74005243100645,25.265238060428853,54.24179459064328,35.44
Kuwinda Lang'ata Road,2025-02-06 00:00:00+00:00,daily,airqo,-1.3424200286399366,36.74005243100645,20.282727272727275,70.74545454545455,32.79
Kuwinda Lang'ata Road,2025-02-07 00:00:00+00:00,daily,airqo,-1.3424200286399366,36.74005243100645,24.506910268761864,60.64248761854505,52.22
Kuwinda Lang'ata Road,2025-02-08 00:00:00+00:00,daily,airqo,-1.3424200286399366,36.74005243100645,22.61912768031189,68.2472463937622,37.78
Kuwinda Lang'ata Road,2025-02-09 00:00:00+00:00,daily,airqo,-1.3424200286399366,36.74005243100645,23.2135,61.9335,28.41
Kuwinda Lang'ata Road,2025-02-10 00:00:00+00:00,daily,airqo,-1.3424200286399366,36.74005243100645,20.16642857142857,83.63928571428572,27.73
Kuwinda Lang'ata Road,2025-02-11 00:00:00+00:00,daily,airqo,-1.3424200286399366,36.74005243100645,20.351588338790872,79.43616869491554,52.43
Kuwinda Lang'ata Road,2025-02-12 00:00:00+00:00,daily,airqo,-1.3424200286399366,36.74005243100645,16.92,97.73,46.52
Kuwinda Lang'ata Road,2025-02-13 00:00:00+00:00,daily,airqo,-1.3424200286399366,36.74005243100645,22.47361592987876,73.70571188925364,57.75
Kuwinda Lang'ata Road,2025-02-14 00:00:00+00:00,daily,airqo,-1.3424200286399366,36.74005243100645,24.00648656898657,62.980928327228334,32.28
Kuwinda Lang'ata Road,2025-02-15 00:00:00+00:00,daily,airqo,-1.3424200286399366,36.74005243100645,21.307,74.91900000000001,33.15
Kuwinda Lang'ata Road,2025-02-16 00:00:00+00:00,daily,airqo,-1.3424200286399366,36.74005243100645,24.27083333333333,65.0875,16.48
Kuwinda Lang'ata Road,2025-02-17 00:00:00+00:00,daily,airqo,-1.3424200286399366,36.74005243100645,25.1167602201689,55.807471057347854,28.8
Kuwinda Lang'ata Road,2025-02-18 00:00:00+00:00,daily,airqo,-1.3424200286399366,36.74005243100645,23.24654263565892,56.59157829457364,22.63
Kuwinda Lang'ata Road,2025-02-19 00:00:00+00:00,daily,airqo,-1.3424200286399366,36.74005243100645,19.147142857142857,71.82857142857144,28.51
Kuwinda Lang'ata Road,2025-02-20 00:00:00+00:00,daily,airqo,-1.3424200286399366,36.74005243100645,26.424815476190474,45.635484126984124,39.73
Kuwinda Lang'ata Road,2025-02-21 00:00:00+00:00,daily,airqo,-1.3424200286399366,36.74005243100645,23.02576388888889,50.41178819444445,29.09
Kuwinda Lang'ata Road,2025-02-22 00:00:00+00:00,daily,airqo,-1.3424200286399366,36.74005243100645,24.273263888888888,47.871875,18.55
Kuwinda Lang'ata Road,2025-02-23 00:00:00+00:00,daily,airqo,-1.3424200286399366,36.74005243100645,24.7141978021978,46.62613186813186,15.3
Kuwinda Lang'ata Road,2025-02-24 00:00:00+00:00,daily,airqo,-1.3424200286399366,36.74005243100645,24.449500000000004,52.53375,41.43
Kuwinda Lang'ata Road,2025-02-25 00:00:00+00:00,daily,airqo,-1.3424200286399366,36.74005243100645,24.10145555555556,53.64357426900585,58.58
Kuwinda Lang'ata Road,2025-02-26 00:00:00+00:00,daily,airqo,-1.3424200286399366,36.74005243100645,23.911874999999995,49.629666666666665,27.17
Kuwinda Lang'ata Road,2025-02-27 00:00:00+00:00,daily,airqo,-1.3424200286399366,36.74005243100645,27.23023964923965,33.367847027241766,20.09
Kuwinda Lang'ata Road,2025-02-28 00:00:00+00:00,daily,airqo,-1.3424200286399366,36.74005243100645,21.592291666666668,53.42216666666666,23.21
Kuwinda Lang'ata Road,2025-03-01 00:00:00+00:00,daily,airqo,-1.3424200286399366,36.74005243100645,25.34110474101921,51.05131975772765,20.87
Kuwinda Lang'ata Road,2025-03-02 00:00:00+00:00,daily,airqo,-1.3424200286399366,36.74005243100645,22.292129579647124,59.53846146348778,19.32
Kuwinda Lang'ata Road,2025-03-03 00:00:00+00:00,daily,airqo,-1.3424200286399366,36.74005243100645,23.368813538748835,56.86656784936197,17.16
Kuwinda Lang'ata Road,2025-03-04 00:00:00+00:00,daily,airqo,-1.3424200286399366,36.74005243100645,22.78530602195394,59.302389526375855,15.91
Kuwinda Lang'ata Road,2025-03-05 00:00:00+00:00,daily,airqo,-1.3424200286399366,36.74005243100645,25.129009715804845,54.83349970437737,26.45
Kuwinda Lang'ata Road,2025-03-06 00:00:00+00:00,daily,airqo,-1.3424200286399366,36.74005243100645,22.78059457057677,56.28051598631655,44.34
Kuwinda Lang'ata Road,2025-03-07 00:00:00+00:00,daily,airqo,-1.3424200286399366,36.74005243100645,23.837348843923536,59.69070741805494,28.4
Kuwinda Lang'ata Road,2025-03-08 00:00:00+00:00,daily,airqo,-1.3424200286399366,36.74005243100645,23.85904363959206,63.6336728441996,32.27
Kuwinda Lang'ata Road,2025-03-09 00:00:00+00:00,daily,airqo,-1.3424200286399366,36.74005243100645,25.597488999923844,64.803127548701,33.09
Kuwinda Lang'ata Road,2025-03-10 00:00:00+00:00,daily,airqo,-1.3424200286399366,36.74005243100645,23.12628965284944,83.35098989508084,35.04
Kuwinda Lang'ata Road,2025-03-11 00:00:00+00:00,daily,airqo,-1.3424200286399366,36.74005243100645,24.317580201331364,70.73200059002501,25.3
Kuwinda Lang'ata Road,2025-03-12 00:00:00+00:00,daily,airqo,-1.3424200286399366,36.74005243100645,23.522909244777765,74.30201632108782,28.8
Kuwinda Lang'ata Road,2025-03-13 00:00:00+00:00,daily,airqo,-1.3424200286399366,36.74005243100645,20.0507134502924,85.86409941520468,18.38
Kuwinda Lang'ata Road,2025-03-14 00:00:00+00:00,daily,airqo,-1.3424200286399366,36.74005243100645,16.925219298245615,82.29665935672514,16.01
Kuwinda Lang'ata Road,2025-03-15 00:00:00+00:00,daily,airqo,-1.3424200286399366,36.74005243100645,22.481648674743376,59.93826596479665,34.66
Kuwinda Lang'ata Road,2025-03-16 00:00:00+00:00,daily,airqo,-1.3424200286399366,36.74005243100645,22.7687759813477,63.057042225662194,19.21
Kuwinda Lang'ata Road,2025-03-17 00:00:00+00:00,daily,airqo,-1.3424200286399366,36.74005243100645,21.58892844930745,72.26356771894542,29.59
Kuwinda Lang'ata Road,2025-03-18 00:00:00+00:00,daily,airqo,-1.3424200286399366,36.74005243100645,23.7321878045809,69.60155287524366,22.96
Kuwinda Lang'ata Road,2025-03-19 00:00:00+00:00,daily,airqo,-1.3424200286399366,36.74005243100645,22.14557580069176,84.38924986076302,19.99
Kuwinda Lang'ata Road,2025-03-20 00:00:00+00:00,daily,airqo,-1.3424200286399366,36.74005243100645,20.96588084795322,84.01366959064327,15.91
Kuwinda Lang'ata Road,2025-03-21 00:00:00+00:00,daily,airqo,-1.3424200286399366,36.74005243100645,23.59068892699624,71.35136376963067,22.13
Kuwinda Lang'ata Road,2025-03-22 00:00:00+00:00,daily,airqo,-1.3424200286399366,36.74005243100645,23.62141458834996,71.77654405314757,29.76
Kuwinda Lang'ata Road,2025-03-23 00:00:00+00:00,daily,airqo,-1.3424200286399366,36.74005243100645,23.401015193672496,71.76570162927744,14.59
Kuwinda Lang'ata Road,2025-03-24 00:00:00+00:00,daily,airqo,-1.3424200286399366,36.74005243100645,23.71529858556059,70.34892371549434,25.44
Kuwinda Lang'ata Road,2025-03-25 00:00:00+00:00,daily,airqo,-1.3424200286399366,36.74005243100645,23.85044217672449,75.89543997913493,15.34
Kuwinda Lang'ata Road,2025-03-26 00:00:00+00:00,daily,airqo,-1.3424200286399366,36.74005243100645,22.52347803562813,73.44959416490234,19.28
Kuwinda Lang'ata Road,2025-03-27 00:00:00+00:00,daily,airqo,-1.3424200286399366,36.74005243100645,22.4119765790088,76.8373520299933,22.32
Kuwinda Lang'ata Road,2025-03-28 00:00:00+00:00,daily,airqo,-1.3424200286399366,36.74005243100645,21.53286741772732,80.6545449131407,17.3
Kuwinda Lang'ata Road,2025-03-29 00:00:00+00:00,daily,airqo,-1.3424200286399366,36.74005243100645,23.59026995789012,76.87999528074123,16.32
Kuwinda Lang'ata Road,2025-03-30 00:00:00+00:00,daily,airqo,-1.3424200286399366,36.74005243100645,23.23644237329435,77.51231152534113,18.62
Kuwinda Lang'ata Road,2025-03-31 00:00:00+00:00,daily,airqo,-1.3424200286399366,36.74005243100645,21.91606673546612,80.36897726034859,17.3
Kuwinda Lang'ata Road,2025-04-01 00:00:00+00:00,daily,airqo,-1.3424200286399366,36.74005243100645,23.270502424335813,70.84629837617346,24.9
Kuwinda Lang'ata Road,2025-04-02 00:00:00+00:00,daily,airqo,-1.3424200286399366,36.74005243100645,21.517491097233616,75.2576774011449,23.27
Kuwinda Lang'ata Road,2025-04-03 00:00:00+00:00,daily,airqo,-1.3424200286399366,36.74005243100645,23.546819991828567,75.7765460926722,24.83
Kuwinda Lang'ata Road,2025-04-04 00:00:00+00:00,daily,airqo,-1.3424200286399366,36.74005243100645,21.591805722093905,79.51727481557926,19.94
Kuwinda Lang'ata Road,2025-04-05 00:00:00+00:00,daily,airqo,-1.3424200286399366,36.74005243100645,21.127421559071973,81.62666973397546,24.33
Kuwinda Lang'ata Road,2025-04-06 00:00:00+00:00,daily,airqo,-1.3424200286399366,36.74005243100645,21.070304915935672,86.13140966130605,15.58
Kuwinda Lang'ata Road,2025-04-07 00:00:00+00:00,daily,airqo,-1.3424200286399366,36.74005243100645,22.89772687335168,75.77999450321065,18.13
Kuwinda Lang'ata Road,2025-04-08 00:00:00+00:00,daily,airqo,-1.3424200286399366,36.74005243100645,20.860838589715527,80.81243864187975,24.61
Kuwinda Lang'ata Road,2025-04-09 00:00:00+00:00,daily,airqo,-1.3424200286399366,36.74005243100645,21.476379440940462,75.38480060548471,33.66
Kuwinda Lang'ata Road,2025-04-10 00:00:00+00:00,daily,airqo,-1.3424200286399366,36.74005243100645,21.90436438313741,77.53849889217445,25.27
Kuwinda Lang'ata Road,2025-04-11 00:00:00+00:00,daily,airqo,-1.3424200286399366,36.74005243100645,23.04906550723027,71.31853923390528,25.24
Kuwinda Lang'ata Road,2025-04-12 00:00:00+00:00,daily,airqo,-1.3424200286399366,36.74005243100645,22.96265227044601,75.12940221043903,24.64
Kuwinda Lang'ata Road,2025-04-13 00:00:00+00:00,daily,airqo,-1.3424200286399366,36.74005243100645,23.26339916966561,74.30459207179273,16.56
Kuwinda Lang'ata Road,2025-04-14 00:00:00+00:00,daily,airqo,-1.3424200286399366,36.74005243100645,22.040074437917315,77.99930945125088,23.29
Kuwinda Lang'ata Road,2025-04-15 00:00:00+00:00,daily,airqo,-1.3424200286399366,36.74005243100645,20.94386616780901,75.88888329184405,31.2
Kuwinda Lang'ata Road,2025-04-16 00:00:00+00:00,daily,airqo,-1.3424200286399366,36.74005243100645,21.268635942388656,75.31198438088686,17.55
Kuwinda Lang'ata Road,2025-04-17 00:00:00+00:00,daily,airqo,-1.3424200286399366,36.74005243100645,21.98142465448512,72.3499298852668,16.31
Kuwinda Lang'ata Road,2025-04-18 00:00:00+00:00,daily,airqo,-1.3424200286399366,36.74005243100645,21.31700605714996,80.80797757431432,27.16
Kuwinda Lang'ata Road,2025-04-19 00:00:00+00:00,daily,airqo,-1.3424200286399366,36.74005243100645,20.42701926384589,84.63112092458816,27.33
Kuwinda Lang'ata Road,2025-04-20 00:00:00+00:00,daily,airqo,-1.3424200286399366,36.74005243100645,22.35450723469212,82.94219822483088,21.27
Kuwinda Lang'ata Road,2025-04-21 00:00:00+00:00,daily,airqo,-1.3424200286399366,36.74005243100645,22.52435233256596,87.80870180582956,20.92
Kuwinda Lang'ata Road,2025-04-22 00:00:00+00:00,daily,airqo,-1.3424200286399366,36.74005243100645,22.46305880740454,87.08699123096439,18.15
Kuwinda Lang'ata Road,2025-04-23 00:00:00+00:00,daily,airqo,-1.3424200286399366,36.74005243100645,20.646370979532165,89.296596125731,18.58
Kuwinda Lang'ata Road,2025-04-24 00:00:00+00:00,daily,airqo,-1.3424200286399366,36.74005243100645,21.454652168615983,80.22596393762183,25.09
Kuwinda Lang'ata Road,2025-04-25 00:00:00+00:00,daily,airqo,-1.3424200286399366,36.74005243100645,22.49714647113001,75.32844089919574,17.63
Kuwinda Lang'ata Road,2025-04-26 00:00:00+00:00,daily,airqo,-1.3424200286399366,36.74005243100645,20.48778827515412,75.32902412758476,25.91
Kuwinda Lang'ata Road,2025-04-27 00:00:00+00:00,daily,airqo,-1.3424200286399366,36.74005243100645,21.751635818639944,72.10263785689715,24.91
Kuwinda Lang'ata Road,2025-04-28 00:00:00+00:00,daily,airqo,-1.3424200286399366,36.74005243100645,21.6857971180675,72.5870637254902,20.15
Kuwinda Lang'ata Road,2025-04-29 00:00:00+00:00,daily,airqo,-1.3424200286399366,36.74005243100645,22.40916288440328,74.1512664111941,10.49
Kuwinda Lang'ata Road,2025-04-30 00:00:00+00:00,daily,airqo,-1.3424200286399366,36.74005243100645,21.656632907586825,74.85283636270545,22.44
Kuwinda Lang'ata Road,2025-05-01 00:00:00+00:00,daily,airqo,-1.3424200286399366,36.74005243100645,21.92274868816922,72.20579057938966,36.6
Kuwinda Lang'ata Road,2025-05-02 00:00:00+00:00,daily,airqo,-1.3424200286399366,36.74005243100645,21.652116557734203,70.51815987272101,17.68
Kuwinda Lang'ata Road,2025-05-03 00:00:00+00:00,daily,airqo,-1.3424200286399366,36.74005243100645,22.708992844652485,74.8533388642494,17.01
Kuwinda Lang'ata Road,2025-05-04 00:00:00+00:00,daily,airqo,-1.3424200286399366,36.74005243100645,21.74524466047273,83.5674969689586,14.32
Kuwinda Lang'ata Road,2025-05-05 00:00:00+00:00,daily,airqo,-1.3424200286399366,36.74005243100645,22.978535594782954,78.56872495367139,16.95
Kuwinda Lang'ata Road,2025-05-06 00:00:00+00:00,daily,airqo,-1.3424200286399366,36.74005243100645,21.479452972709552,83.91534289717349,18.77
Kuwinda Lang'ata Road,2025-05-07 00:00:00+00:00,daily,airqo,-1.3424200286399366,36.74005243100645,22.84961726728188,82.9633961634394,26.06
Kuwinda Lang'ata Road,2025-05-08 00:00:00+00:00,daily,airqo,-1.3424200286399366,36.74005243100645,20.44483017263325,82.35641629400297,27.4
Kuwinda Lang'ata Road,2025-05-09 00:00:00+00:00,daily,airqo,-1.3424200286399366,36.74005243100645,20.218410426938807,83.56862676571603,16.51
Kuwinda Lang'ata Road,2025-05-10 00:00:00+00:00,daily,airqo,-1.3424200286399366,36.74005243100645,20.888223301991363,84.15278477716622,19.38
Kuwinda Lang'ata Road,2025-05-11 00:00:00+00:00,daily,airqo,-1.3424200286399366,36.74005243100645,22.49798326417556,88.3772795515136,21.76
Kuwinda Lang'ata Road,2025-05-12 00:00:00+00:00,daily,airqo,-1.3424200286399366,36.74005243100645,19.358668528298832,91.50173144944252,33.84
Kuwinda Lang'ata Road,2025-05-13 00:00:00+00:00,daily,airqo,-1.3424200286399366,36.74005243100645,21.97891483918129,85.70322223590392,15.97
Kuwinda Lang'ata Road,2025-05-14 00:00:00+00:00,daily,airqo,-1.3424200286399366,36.74005243100645,22.06397758932352,78.95029165812187,18.74
Kuwinda Lang'ata Road,2025-05-15 00:00:00+00:00,daily,airqo,-1.3424200286399366,36.74005243100645,22.89261874716992,74.39640482212623,19.96
Kuwinda Lang'ata Road,2025-05-16 00:00:00+00:00,daily,airqo,-1.3424200286399366,36.74005243100645,20.95397572126494,74.93629196505822,17.46
Kuwinda Lang'ata Road,2025-05-17 00:00:00+00:00,daily,airqo,-1.3424200286399366,36.74005243100645,23.110984063744706,69.79855368987451,17.03
Kuwinda Lang'ata Road,2025-05-18 00:00:00+00:00,daily,airqo,-1.3424200286399366,36.74005243100645,20.889261711082785,76.75232943807038,18.26
Kuwinda Lang'ata Road,2025-05-19 00:00:00+00:00,daily,airqo,-1.3424200286399366,36.74005243100645,20.35475618533513,85.09662476515572,14.11
Kuwinda Lang'ata Road,2025-05-20 00:00:00+00:00,daily,airqo,-1.3424200286399366,36.74005243100645,21.329052647959767,80.79771938902266,16.88
Kuwinda Lang'ata Road,2025-05-21 00:00:00+00:00,daily,airqo,-1.3424200286399366,36.74005243100645,21.21835348583878,77.80735097274777,23.28
Kuwinda Lang'ata Road,2025-05-22 00:00:00+00:00,daily,airqo,-1.3424200286399366,36.74005243100645,23.47436372129261,76.36054058143725,19.84
Kuwinda Lang'ata Road,2025-05-23 00:00:00+00:00,daily,airqo,-1.3424200286399366,36.74005243100645,23.25608470482551,73.55824775742666,16.12
Kuwinda Lang'ata Road,2025-05-24 00:00:00+00:00,daily,airqo,-1.3424200286399366,36.74005243100645,22.69508881143832,73.81447717383737,20.63
Kuwinda Lang'ata Road,2025-05-25 00:00:00+00:00,daily,airqo,-1.3424200286399366,36.74005243100645,22.088395357521662,75.85253018396686,16.85
Kuwinda Lang'ata Road,2025-05-26 00:00:00+00:00,daily,airqo,-1.3424200286399366,36.74005243100645,20.86810240879977,74.24911879235124,20.9
Kuwinda Lang'ata Road,2025-05-27 00:00:00+00:00,daily,airqo,-1.3424200286399366,36.74005243100645,21.79112073969221,74.79929225038798,28.26
Kuwinda Lang'ata Road,2025-05-28 00:00:00+00:00,daily,airqo,-1.3424200286399366,36.74005243100645,23.01624664496647,75.25804724302002,23.65
Kuwinda Lang'ata Road,2025-05-29 00:00:00+00:00,daily,airqo,-1.3424200286399366,36.74005243100645,22.09057992805376,79.63516521624267,19.27
Kuwinda Lang'ata Road,2025-05-30 00:00:00+00:00,daily,airqo,-1.3424200286399366,36.74005243100645,19.376682047028257,73.75633797555959,19.93
Kuwinda Lang'ata Road,2025-05-31 00:00:00+00:00,daily,airqo,-1.3424200286399366,36.74005243100645,22.734546639416,63.52525491497769,23.6
Kuwinda Lang'ata Road,2025-06-01 00:00:00+00:00,daily,airqo,-1.3424200286399366,36.74005243100645,22.757044634473207,67.14598081830168,23.55
Kuwinda Lang'ata Road,2025-06-02 00:00:00+00:00,daily,airqo,-1.3424200286399366,36.74005243100645,23.006103734919737,69.6211567583834,29.38
Kuwinda Lang'ata Road,2025-06-03 00:00:00+00:00,daily,airqo,-1.3424200286399366,36.74005243100645,23.41490729478926,67.77604542401757,19.24
Kuwinda Lang'ata Road,2025-06-04 00:00:00+00:00,daily,airqo,-1.3424200286399366,36.74005243100645,23.052380834722555,67.36434743281028,19.42
Kuwinda Lang'ata Road,2025-06-05 00:00:00+00:00,daily,airqo,-1.3424200286399366,36.74005243100645,20.86085282651072,72.0041229694607,36.03
Kuwinda Lang'ata Road,2025-06-06 00:00:00+00:00,daily,airqo,-1.3424200286399366,36.74005243100645,21.40709623785076,75.72754646691182,20.97
Kuwinda Lang'ata Road,2025-06-07 00:00:00+00:00,daily,airqo,-1.3424200286399366,36.74005243100645,22.51043263080086,69.29422196320048,21.91
Kuwinda Lang'ata Road,2025-06-08 00:00:00+00:00,daily,airqo,-1.3424200286399366,36.74005243100645,23.17808738553901,67.55938840770226,22.31
Kuwinda Lang'ata Road,2025-06-09 00:00:00+00:00,daily,airqo,-1.3424200286399366,36.74005243100645,22.09602037328682,72.80860683898185,31.2
Kuwinda Lang'ata Road,2025-06-10 00:00:00+00:00,daily,airqo,-1.3424200286399366,36.74005243100645,23.22913187789736,63.47103611203253,18.17
Kuwinda Lang'ata Road,2025-06-11 00:00:00+00:00,daily,airqo,-1.3424200286399366,36.74005243100645,22.84010422378705,67.42827133393355,25.42
Kuwinda Lang'ata Road,2025-06-12 00:00:00+00:00,daily,airqo,-1.3424200286399366,36.74005243100645,21.68662264522223,73.75607420453066,21.03
Kuwinda Lang'ata Road,2025-06-13 00:00:00+00:00,daily,airqo,-1.3424200286399366,36.74005243100645,23.70434729649435,58.38805614432008,23.39
Kuwinda Lang'ata Road,2025-06-14 00:00:00+00:00,daily,airqo,-1.3424200286399366,36.74005243100645,23.548121590538404,59.988678436461065,29.12
Kuwinda Lang'ata Road,2025-06-15 00:00:00+00:00,daily,airqo,-1.3424200286399366,36.74005243100645,21.22563892574573,63.33125928280669,25.1
Kuwinda Lang'ata Road,2025-06-16 00:00:00+00:00,daily,airqo,-1.3424200286399366,36.74005243100645,21.968616985249504,64.23454722913887,22.9
Kuwinda Lang'ata Road,2025-06-17 00:00:00+00:00,daily,airqo,-1.3424200286399366,36.74005243100645,22.43375045136285,66.63229501609949,30.33
Kuwinda Lang'ata Road,2025-06-18 00:00:00+00:00,daily,airqo,-1.3424200286399366,36.74005243100645,22.9145761071942,68.70062765244141,33.92
Kuwinda Lang'ata Road,2025-06-19 00:00:00+00:00,daily,airqo,-1.3424200286399366,36.74005243100645,22.51047208803364,73.3470825550325,25.45
Kuwinda Lang'ata Road,2025-06-20 00:00:00+00:00,daily,airqo,-1.3424200286399366,36.74005243100645,21.137109279530524,80.41401332784577,35.99
Kuwinda Lang'ata Road,2025-06-21 00:00:00+00:00,daily,airqo,-1.3424200286399366,36.74005243100645,19.75742680921053,84.39531259137428,38.27
Kuwinda Lang'ata Road,2025-06-22 00:00:00+00:00,daily,airqo,-1.3424200286399366,36.74005243100645,22.44612371103412,75.80762511773715,32.82
Kuwinda Lang'ata Road,2025-06-23 00:00:00+00:00,daily,airqo,-1.3424200286399366,36.74005243100645,20.81206546492866,76.33899082171412,28.7
Kuwinda Lang'ata Road,2025-06-24 00:00:00+00:00,daily,airqo,-1.3424200286399366,36.74005243100645,22.46891597803864,66.1635001604335,31.22
Kuwinda Lang'ata Road,2025-06-25 00:00:00+00:00,daily,airqo,-1.3424200286399366,36.74005243100645,22.476845146232336,67.42804729329264,26.53
Kuwinda Lang'ata Road,2025-06-26 00:00:00+00:00,daily,airqo,-1.3424200286399366,36.74005243100645,20.855615375243666,79.91340155945419,32.15
Kuwinda Lang'ata Road,2025-06-27 00:00:00+00:00,daily,airqo,-1.3424200286399366,36.74005243100645,21.42132423651722,75.44030198180637,42.47
Kuwinda Lang'ata Road,2025-06-28 00:00:00+00:00,daily,airqo,-1.3424200286399366,36.74005243100645,21.05403473655544,75.90630806924378,30.58
Kuwinda Lang'ata Road,2025-06-29 00:00:00+00:00,daily,airqo,-1.3424200286399366,36.74005243100645,21.152745796783623,73.33295705409357,23.2
Kuwinda Lang'ata Road,2025-06-30 00:00:00+00:00,daily,airqo,-1.3424200286399366,36.74005243100645,21.092632066276803,74.98475073099415,25.33
Kuwinda Lang'ata Road,2025-07-01 00:00:00+00:00,daily,airqo,-1.3424200286399366,36.74005243100645,22.78926896511144,68.9036320700487,19.93
Kuwinda Lang'ata Road,2025-07-02 00:00:00+00:00,daily,airqo,-1.3424200286399366,36.74005243100645,21.5437294893216,70.42949909582592,22.35
Kuwinda Lang'ata Road,2025-07-03 00:00:00+00:00,daily,airqo,-1.3424200286399366,36.74005243100645,21.11851870162113,74.98244127844605,31.01
Kuwinda Lang'ata Road,2025-07-04 00:00:00+00:00,daily,airqo,-1.3424200286399366,36.74005243100645,23.83606020243187,66.87428282213428,27.26
Kuwinda Lang'ata Road,2025-07-05 00:00:00+00:00,daily,airqo,-1.3424200286399366,36.74005243100645,19.94557748538012,81.55053910818714,30.95
Kuwinda Lang'ata Road,2025-07-06 00:00:00+00:00,daily,airqo,-1.3424200286399366,36.74005243100645,22.561628284695946,75.47172355998929,26.76
Kuwinda Lang'ata Road,2025-07-07 00:00:00+00:00,daily,airqo,-1.3424200286399366,36.74005243100645,21.46312559175717,78.2963597883598,27.58
Kuwinda Lang'ata Road,2025-07-08 00:00:00+00:00,daily,airqo,-1.3424200286399366,36.74005243100645,21.27127225303077,79.71844699016584,24.02
Kuwinda Lang'ata Road,2025-07-09 00:00:00+00:00,daily,airqo,-1.3424200286399366,36.74005243100645,21.24601275917065,74.65856565656566,35.56
Kuwinda Lang'ata Road,2025-07-10 00:00:00+00:00,daily,airqo,-1.3424200286399366,36.74005243100645,22.526396915491343,67.8790461447737,27.8
Kuwinda Lang'ata Road,2025-07-11 00:00:00+00:00,daily,airqo,-1.3424200286399366,36.74005243100645,20.88993967335218,75.5900594516983,31.39
Kuwinda Lang'ata Road,2025-07-12 00:00:00+00:00,daily,airqo,-1.3424200286399366,36.74005243100645,23.04644556308212,75.47544178137552,37.9
Kuwinda Lang'ata Road,2025-07-13 00:00:00+00:00,daily,airqo,-1.3424200286399366,36.74005243100645,20.46098182547873,79.06508542337721,34.54
Kuwinda Lang'ata Road,2025-07-14 00:00:00+00:00,daily,airqo,-1.3424200286399366,36.74005243100645,19.74779560960481,79.07234638047137,27.5
Kuwinda Lang'ata Road,2025-07-15 00:00:00+00:00,daily,airqo,-1.3424200286399366,36.74005243100645,21.33541468689084,76.65749841617934,30.08
Kuwinda Lang'ata Road,2025-07-16 00:00:00+00:00,daily,airqo,-1.3424200286399366,36.74005243100645,21.550765086643377,75.67287573494976,38.05
Kuwinda Lang'ata Road,2025-07-17 00:00:00+00:00,daily,airqo,-1.3424200286399366,36.74005243100645,22.177651057524457,75.04160904567082,36.29
Kuwinda Lang'ata Road,2025-07-18 00:00:00+00:00,daily,airqo,-1.3424200286399366,36.74005243100645,21.566074453904367,77.90915077112716,36.72
Kuwinda Lang'ata Road,2025-07-19 00:00:00+00:00,daily,airqo,-1.3424200286399366,36.74005243100645,20.820079824561404,76.99169555137846,17.44
Kuwinda Lang'ata Road,2025-07-20 00:00:00+00:00,daily,airqo,-1.3424200286399366,36.74005243100645,20.811194645109502,76.13801547987617,31.13
Kuwinda Lang'ata Road,2025-07-21 00:00:00+00:00,daily,airqo,-1.3424200286399366,36.74005243100645,21.133999132446505,72.01114525094788,38.74
Kuwinda Lang'ata Road,2025-07-22 00:00:00+00:00,daily,airqo,-0.506650546844549,13.890872025330856,20.996862282040382,72.47224027464812,32.53
Kuwinda Lang'ata Road,2025-07-23 00:00:00+00:00,daily,airqo,-0.3232831036137279,8.854358449202017,19.658633452827114,77.04243878659497,54.25
Kuwinda Lang'ata Road,2025-07-24 00:00:00+00:00,daily,airqo,-0.403675103086571,11.068665599106067,20.793248050682266,67.61953874269005,49.87
Kuwinda Lang'ata Road,2025-07-25 00:00:00+00:00,daily,airqo,-0.1277082241115196,3.506464454963235,22.01334549979461,65.66357911798885,39.28
Kuwinda Lang'ata Road,2025-07-26 00:00:00+00:00,daily,airqo,-0.1636050992324561,4.492017860745614,18.70315794114917,68.84136437737862,33.75
Kuwinda Lang'ata Road,2025-07-27 00:00:00+00:00,daily,airqo,-0.2669714949494949,7.329826818181818,19.874309032384883,68.18431313801437,26.73
Kuwinda Lang'ata Road,2025-07-28 00:00:00+00:00,daily,airqo,0.0,0.0,19.85554658087011,66.45155290529902,45.6
Kuwinda Lang'ata Road,2025-07-29 00:00:00+00:00,daily,airqo,-0.1344747745098039,3.692198223039216,20.54991540227202,66.88113407190362,27.8
Kuwinda Lang'ata Road,2025-07-30 00:00:00+00:00,daily,airqo,-0.1237687952786377,3.398350711687307,20.6944333495094,62.88355890970678,28.34
Kuwinda Lang'ata Road,2025-07-31 00:00:00+00:00,daily,airqo,-0.2411763293821839,6.621865677622126,21.241293161160662,66.56719639165281,33.02
Kuwinda Lang'ata Road,2025-08-01 00:00:00+00:00,daily,airqo,0.0,0.0,20.3250646352724,72.24547983995076,25.3
Kuwinda Lang'ata Road,2025-08-02 00:00:00+00:00,daily,airqo,0.0,0.0,22.49034031392584,71.17861155292077,25.54
Kuwinda Lang'ata Road,2025-08-03 00:00:00+00:00,daily,airqo,-0.4748262045321637,13.036904026900586,21.88574129495853,69.20051823185415,43.23
Kuwinda Lang'ata Road,2025-08-04 00:00:00+00:00,daily,airqo,-0.3219761650326797,8.8402636376634,23.44547259727478,62.36532169953752,33.5
Kuwinda Lang'ata Road,2025-08-05 00:00:00+00:00,daily,airqo,-0.0265516468253968,0.7290047023809525,22.77626245897969,63.71408632556336,28.41
Kuwinda Lang'ata Road,2025-08-06 00:00:00+00:00,daily,airqo,0.0,0.0,21.094265497076027,66.0885056042885,13.15
Kuwinda Lang'ata Road,2025-08-07 00:00:00+00:00,daily,airqo,-0.127099050245098,3.489581197916666,22.7523660094886,68.83567369531877,33.26
Kuwinda Lang'ata Road,2025-08-08 00:00:00+00:00,daily,airqo,-0.1332015578703703,3.6571807569444448,21.609502302273253,73.03063121703359,30.22
Kuwinda Lang'ata Road,2025-08-09 00:00:00+00:00,daily,airqo,0.0,0.0,19.481362003493583,80.91071390597706,22.75
Kuwinda Lang'ata Road,2025-08-10 00:00:00+00:00,daily,airqo,-0.1486818888888889,4.082445333333333,23.0623782984392,68.81626638217259,33.31
Kuwinda Lang'ata Road,2025-08-11 00:00:00+00:00,daily,airqo,-0.2491248925438596,6.839864777290448,20.93644162489557,71.19961292119187,36.96
Kuwinda Lang'ata Road,2025-08-12 00:00:00+00:00,daily,airqo,-0.209094375,5.740925,19.32087239167996,77.02770746943115,25.11
Kuwinda Lang'ata Road,2025-08-13 00:00:00+00:00,daily,airqo,-0.3137479028989586,8.614117144103574,22.61102771307703,66.93066704529085,38.35
Kuwinda Lang'ata Road,2025-08-14 00:00:00+00:00,daily,airqo,0.0,0.0,20.25176076044192,64.47586035268091,41.88
Kuwinda Lang'ata Road,2025-08-15 00:00:00+00:00,daily,airqo,-0.2459881546697626,6.753765172263788,22.05403254643963,67.5235198930742,28.09
Kuwinda Lang'ata Road,2025-08-16 00:00:00+00:00,daily,airqo,-0.1324230729166666,3.635919166666667,21.847246623503207,73.7220734736146,23.26
Kuwinda Lang'ata Road,2025-08-17 00:00:00+00:00,daily,airqo,-0.2459048239379084,6.751522695601852,21.536084912674863,81.19238971394479,24.26
Kuwinda Lang'ata Road,2025-08-18 00:00:00+00:00,daily,airqo,0.0,0.0,17.772708333333334,91.69667032163744,16.75
Kuwinda Lang'ata Road,2025-08-19 00:00:00+00:00,daily,airqo,0.0,0.0,19.76239371788056,89.25462807903597,26.13
Kuwinda Lang'ata Road,2025-08-20 00:00:00+00:00,daily,airqo,0.0,0.0,21.50264488495204,75.71237339467952,45.92
Kuwinda Lang'ata Road,2025-08-21 00:00:00+00:00,daily,airqo,-0.4125944949690402,11.32779457004644,20.107521700493063,78.58727584995987,47.64
Kuwinda Lang'ata Road,2025-08-22 00:00:00+00:00,daily,airqo,0.0,0.0,21.64011950963747,70.43625344080473,40.16
Kuwinda Lang'ata Road,2025-08-23 00:00:00+00:00,daily,airqo,-0.4692477272727272,12.883526532467531,17.318066188197765,80.06418819776715,33.78
